Workbook

Sheet 00_사용안내
A1: LOCAL-OPS-20260814-001 착공계 Excel 업로드 파일
A2: WBS 기준선 / 착공계 / 예정공정 / 인력·장비 계획 통합 업로드용
A4: 구분 | B4: 내용
A5: 작성 목적 | B5: LOCAL-OPS-20260814 운영 리허설 상세 시나리오 v2에 맞춰 착공계 Excel 업로드에 사용할 기준 데이터를 제공합니다.
A6: 참고 자료 | B6: 첨부 PDF: 국도46호선_착공계_제출.pdf — 착공계의 목차, 착공신고서, 현장기술자 지정신고서, 현장조직도, 예정공정표, 동원인력계획표, 장비투입계획서 등의 구조를 참고했습니다.
A7: 시나리오 적용 | B7: 원본 PDF의 실제 금액·기간·개인정보는 그대로 사용하지 않고, LOCAL-OPS 리허설용 테스트 값으로 변환했습니다.
A8: 주요 원칙 | B8: 계약금액 132,000,000원 = 예산 기준선 132,000,000원, WBS-99는 계약가산항목으로 포함하되 진행률 산정에서는 제외합니다.
A9: 개인정보 | B9: 실제 인명, 연락처, 생년월일, 자격번호 등은 사용하지 않습니다. 모든 사람 정보는 테스트용 가명/마스킹 값입니다.
A10: 업로드 순서 | B10: 01_프로젝트정보 → 02_착공신고서 → 03_WBS_기준선 → 04_예정공정표 → 05~08 인력/조직/장비 → 09 사진대지 메타 순으로 검증합니다.
A11: 검증 기준 | B11: 10_검증요약과 11_업로드체크리스트에서 계약금액, WBS 합계, WBS 날짜, 진행률 제외 여부, 개인정보 여부를 확인합니다.

Sheet 01_프로젝트정보
A1: 프로젝트 기본정보
A2: HQ 신규 공사 등록 및 착공계 업로드 기준
A4: 필드 | B4: 값 | C4: 비고
A5: 리허설 ID | B5: LOCAL-OPS-20260814 | C5: 운영 리허설 식별자
A6: 프로젝트 코드 | B6: LOCAL-OPS-20260814-001 | C6: 코드 입력란이 없으면 프로젝트명 앞에 표시
A7: 프로젝트명 | B7: 2026년 8월 로컬 검증 포장보수공사 | C7: 테스트용 프로젝트명
A8: 착공계 양식상 공사명 | B8: 2026년 8월 로컬 검증 포장보수공사 | C8: 원본 PDF는 국도46호선 공사명
A9: 발주처 | B9: 아산시 도로관리과 | C9: 테스트용
A10: 수요기관 | B10: 아산시 도로관리과 | C10: 테스트용
A11: 공사 위치 | B11: 충남 아산시 일원 | C11: 테스트용
A12: 공사유형 | B12: 포장보수
A13: 계약방법 | B13: 제한경쟁 / 테스트 | C13: 리허설용
A14: 계약일 | B14: 2026-08-14
A15: 착공일 | B15: 2026-08-14 | C15: WBS 기본 시작일
A16: 준공예정일 | B16: 2026-09-13 | C16: WBS 기본 종료일
A17: 공사기간 | B17: 착공일로부터 31일 | C17: 시나리오 기준
A18: 계약금액 | B18: 132000000 | C18: 원
A19: 직접공사비 | B19: 107800000 | C19: 진행률 산정 대상
A20: 계약가산항목 | B20: 24200000 | C20: WBS-99
A21: 예산 기준선 총합계 | B21: 132000000 | C21: 직접공사비 + 계약가산항목
A22: 계약금액-예산차이 | B22: =B18-B21 -> 0 | C22: 0이어야 함
A23: HQ 담당자 | B23: hq_test | C23: 테스트 계정
A24: FIELD 담당자 | B24: field_test | C24: 테스트 계정
A25: CEO 확인자 | B25: ceo_test | C25: 테스트 계정
A26: 업로드상태 | B26: 업로드대상

Sheet 02_착공신고서
A1: 착공신고서 업로드 데이터
A2: 첨부 착공계 PDF의 착공신고서 구조를 LOCAL-OPS 시나리오용으로 변환
A4: 필드 | B4: 값 | C4: 업로드필드명 | D4: 비고
A5: 공사명 | B5: 2026년 8월 로컬 검증 포장보수공사 | C5: project_name
A6: 계약금액 | B6: 132000000 | C6: contract_amount
A7: 공사위치 | B7: 충남 아산시 일원 | C7: site_location
A8: 계약년월일 | B8: 2026-08-14 | C8: contract_date
A9: 착공년월일 | B9: 2026-08-14 | C9: start_date | D9: WBS 기준선 fallback 시작일
A10: 준공년월일 | B10: 2026-09-13 | C10: end_date | D10: WBS 기준선 fallback 종료일
A11: 제출일 | B11: 2026-08-14 | C11: submitted_at
A12: 수신기관 | B12: 아산시 도로관리과 | C12: recipient | D12: 테스트용
A13: 시공사 | B13: 주식회사 아산 테스트 | C13: contractor_name | D13: 테스트용
A14: 대표자 | B14: 테스트 대표 | C14: contractor_ceo | D14: 가명
A15: 사업자등록번호 | B15: 000-00-00000 | C15: business_no | D15: 테스트값
A16: 주소 | B16: 충남 아산시 테스트로 1 | C16: contractor_address | D16: 테스트값
A17: 연락처 | B17: 010-0000-0000 | C17: contractor_phone | D17: 테스트값
A18: 비고 | B18: LOCAL-OPS-20260814 운영 리허설 v2 착공계 업로드 | C18: notes

Sheet 03_WBS_기준선
A1: WBS 기준선 업로드
A2: 계약금액 132,000,000원과 예산 기준선 합계 132,000,000원 일치
A4: WBS코드 | B4: WBS명 | C4: 상위WBS | D4: 레벨 | E4: 시작일 | F4: 종료일 | G4: 예산금액 | H4: 계약금액포함 | I4: 진행률적용 | J4: 진행률가중치 | K4: CBS코드 | L4: CBS명 | M4: 원가구분 | N4: 업로드상태 | O4: 비고 | P4: 검증항목 | Q4: 검증값
A5: WBS-01 | B5: 현장 준비 및 안전관리 | D5: 1 | E5: 2026-08-14 | F5: 2026-09-13 | G5: 13200000 | H5: Y | I5: Y | J5: 12.2449 | K5: CIVIL-SAFETY | L5: 안전관리비 | M5: 경비 | N5: 업로드대상 | O5: 직접공사비 | P5: 예산합계 | Q5: =SUM(G5:G10) -> 132000000
A6: WBS-02 | B6: 기존 포장 절삭 | D6: 1 | E6: 2026-08-14 | F6: 2026-09-13 | G6: 26400000 | H6: Y | I6: Y | J6: 24.4898 | K6: CIVIL-EQUIP | L6: 장비비/폐기물처리비 | M6: 경비 | N6: 업로드대상 | O6: 직접공사비 | P6: 계약금액 | Q6: ='01_프로젝트정보'!B18 -> 132000000
A7: WBS-03 | B7: 아스콘 포장 | D7: 1 | E7: 2026-08-14 | F7: 2026-09-13 | G7: 51000000 | H7: Y | I7: Y | J7: 47.3098 | K7: CIVIL-ASCON-PAVING | L7: 아스콘 포장 | M7: 재료비 | N7: 업로드대상 | O7: 직접공사비 | P7: 차이 | Q7: =Q6-Q5 -> 0
A8: WBS-04 | B8: 차선도색 및 마감 | D8: 1 | E8: 2026-08-14 | F8: 2026-09-13 | G8: 12000000 | H8: Y | I8: Y | J8: 11.1317 | K8: CIVIL-LINE-MARKING | L8: 차선도색 | M8: 경비 | N8: 업로드대상 | O8: 직접공사비 | P8: 진행률가중치합 | Q8: =SUMIF(I5:I10,"Y",J5:J10) -> 99.9999
A9: WBS-05 | B9: 정리·검측·준공자료 | D9: 1 | E9: 2026-08-14 | F9: 2026-09-13 | G9: 5200000 | H9: Y | I9: Y | J9: 4.8237 | K9: CIVIL-CLEANUP | L9: 준공청소 및 폐기물 정리 | M9: 경비 | N9: 업로드대상 | O9: 직접공사비
A10: WBS-99 | B10: 도급 공통비·일반관리·기업이윤 | D10: 1 | E10: 2026-08-14 | F10: 2026-09-13 | G10: 24200000 | H10: Y | I10: N | J10: 0 | K10: CIVIL-PROFIT | L10: 일반관리·공통경비·기업이윤 | M10: 계약가산항목 | N10: 업로드대상 | O10: 진행률 산정 제외

Sheet 04_예정공정표
A1: 예정공정표
A2: 착공일 2026-08-14, 준공예정일 2026-09-13 기준
A4: WBS코드 | B4: 공종/WBS | C4: 보할/가중치 | D4: 착수일 | E4: 착수+7일 | F4: 착수+14일 | G4: 착수+21일 | H4: 착수+31일 | I4: 누계목표 | J4: 비고 | L4: 검증항목 | M4: 값
A5: WBS-01 | B5: 현장 준비 및 안전관리 | C5: 12.2449 | D5: 30 | E5: 100 | F5: 100 | G5: 100 | H5: 100 | I5: 100 | J5: 현장 인수·안전시설 | L5: 8월말 목표 진행률 | M5: =SUMPRODUCT(C5:C9,I5:I9)/100 -> 77.92205
A6: WBS-02 | B6: 기존 포장 절삭 | C6: 24.4898 | D6: 0 | E6: 25 | F6: 100 | G6: 100 | H6: 100 | I6: 100 | J6: 절삭 및 폐아스콘 처리 | L6: WBS-99 기여도 | M6: =C10*I10/100 -> 0
A7: WBS-03 | B7: 아스콘 포장 | C7: 47.3098 | D7: 0 | E7: 0 | F7: 40 | G7: 80 | H7: 100 | I7: 80 | J7: 8월 말 80% 목표 | L7: 진행률 산정 대상 | M7: WBS-01~WBS-05
A8: WBS-04 | B8: 차선도색 및 마감 | C8: 11.1317 | D8: 0 | E8: 0 | F8: 0 | G8: 30 | H8: 100 | I8: 30 | J8: 8월 말 30% 목표 | L8: WBS-99 제외 | M8: YES
A9: WBS-05 | B9: 정리·검측·준공자료 | C9: 4.8237 | D9: 0 | E9: 0 | F9: 0 | G9: 0 | H9: 100 | I9: 0 | J9: 8월 말 미착수
A10: WBS-99 | B10: 도급 공통비·일반관리·기업이윤 | C10: 0 | D10: 0 | E10: 0 | F10: 0 | G10: 0 | H10: 0 | I10: 0 | J10: 진행률 산정 제외

Sheet 05_현장기술자
A1: 현장기술자 지정 데이터
A2: 개인정보는 테스트 가명/마스킹 값 사용
A4: 구분 | B4: 성명 | C4: 생년월일 | D4: 주소 | E4: 자격종목및등급 | F4: 자격번호 | G4: 역할 | H4: 선임일 | I4: 비고
A5: 현장대리인 | B5: 김현장 | C5: 900101 | D5: 충남 아산시 테스트로 1 | E5: 토목 고급 | F5: TEST-CIVIL-0001 | G5: FIELD_MANAGER | H5: 2026-08-14 | I5: 가명
A6: 안전관리자 | B6: 박안전 | C6: 900202 | D6: 충남 아산시 테스트로 2 | E6: 안전관리 초급 | F6: TEST-SAFE-0001 | G6: SAFETY_MANAGER | H6: 2026-08-14 | I6: 가명
A7: 품질관리자 | B7: 이품질 | C7: 900303 | D7: 충남 아산시 테스트로 3 | E7: 품질 초급 | F7: TEST-QA-0001 | G7: QUALITY_MANAGER | H7: 2026-08-14 | I7: 가명
A8: 공무담당 | B8: 최공무 | C8: 900404 | D8: 충남 아산시 테스트로 4 | E8: 토목 초급 | F8: TEST-ADMIN-0001 | G8: SITE_ADMIN | H8: 2026-08-14 | I8: 가명

Sheet 06_현장조직도
A1: 현장조직도 업로드 데이터
A2: 조직도 화면/카드 생성용 구조 데이터
A4: 조직노드ID | B4: 상위노드ID | C4: 직무 | D4: 성명 | E4: 직책 | F4: 연락처 | G4: 정렬순서 | H4: 비고
A5: ORG-01 | C5: 현장대리인 | D5: 김현장 | E5: 소장 | F5: 010-0000-1001 | G5: 1 | H5: 최상위
A6: ORG-02 | B6: ORG-01 | C6: 품질관리 | D6: 이품질 | E6: 품질관리자 | F6: 010-0000-1002 | G6: 2
A7: ORG-03 | B7: ORG-01 | C7: 공사관리 | D7: 유공사 | E7: 공사관리자 | F7: 010-0000-1003 | G7: 3
A8: ORG-04 | B8: ORG-02 | C8: 공무담당 | D8: 최공무 | E8: 차장 | F8: 010-0000-1004 | G8: 4
A9: ORG-05 | B9: ORG-03 | C9: 안전관리 | D9: 박안전 | E9: 안전관리자 | F9: 010-0000-1005 | G9: 5

Sheet 07_동원인력계획
A1: 동원인력계획
A2: 시나리오 출역/전자카드와 연결되는 계획 데이터
A4: 공종/WBS | B4: 직종 | C4: 계 | D4: 착수일 | E4: 착수+7일 | F4: 착수+14일 | G4: 착수+21일 | H4: 착수+31일 | I4: 비고
A5: WBS-01 현장 준비 및 안전관리 | B5: 보통인부 | C5: 2 | D5: 2 | E5: 0 | F5: 0 | G5: 0 | H5: 0 | I5: 김로컬, 박포장
A6: WBS-02 기존 포장 절삭 | B6: 보통인부/장비공 | C6: 2 | D6: 0 | E6: 2 | F6: 0 | G6: 0 | H6: 0 | I6: 김로컬, 이장비
A7: WBS-03 아스콘 포장 | B7: 포장공/다짐공 | C7: 3 | D7: 0 | E7: 0 | F7: 2 | G7: 1 | H7: 0 | I7: 박포장, 최다짐
A8: WBS-04 차선도색 및 마감 | B8: 보통인부/도색공 | C8: 2 | D8: 0 | E8: 0 | F8: 0 | G8: 2 | H8: 0 | I8: 김로컬, 정도색
A9: WBS-05 정리·검측·준공자료 | B9: 현장관리 | C9: 0 | D9: 0 | E9: 0 | F9: 0 | G9: 0 | H9: 0 | I9: 8월말 미착수
A10: 합계 | C10: 9 | D10: =SUM(D5:D9) -> 2 | E10: =SUM(E5:E9) -> 2 | F10: =SUM(F5:F9) -> 2 | G10: =SUM(G5:G9) -> 3 | H10: =SUM(H5:H9) -> 0 | I10: 총 9공수

Sheet 08_장비투입계획
A1: 장비투입계획
A2: 착공계 PDF의 장비투입계획서 구조를 시나리오 장비로 변환
A4: 장비명 | B4: 규격 | C4: 계 | D4: 착수일 | E4: 착수+7일 | F4: 착수+14일 | G4: 착수+21일 | H4: 착수+31일 | I4: 관련 WBS | J4: 비고
A5: 노면파쇄기 | B5: 소형 절삭기 | C5: 1 | D5: 0 | E5: 1 | F5: 0 | G5: 0 | H5: 0 | I5: WBS-02 | J5: 기존 포장 절삭
A6: 로더 | B6: 타이어식 | C6: 1 | D6: 0 | E6: 1 | F6: 0 | G6: 0 | H6: 0 | I6: WBS-02 | J6: 상차
A7: 덤프트럭 | B7: 15톤 | C7: 2 | D7: 0 | E7: 2 | F7: 0 | G7: 0 | H7: 0 | I7: WBS-02 | J7: 폐아스콘 운반
A8: 아스팔트 피니셔 | B8: 소형 | C8: 1 | D8: 0 | E8: 0 | F8: 1 | G8: 1 | H8: 0 | I8: WBS-03 | J8: 아스콘 포설
A9: 머캐덤롤러 | B9: 10톤 | C9: 1 | D9: 0 | E9: 0 | F9: 1 | G9: 1 | H9: 0 | I9: WBS-03 | J9: 다짐
A10: 타이어롤러 | B10: 8톤 | C10: 1 | D10: 0 | E10: 0 | F10: 1 | G10: 1 | H10: 0 | I10: WBS-03 | J10: 다짐
A11: 살수차 | B11: 5톤 | C11: 1 | D11: 0 | E11: 0 | F11: 1 | G11: 0 | H11: 0 | I11: WBS-03 | J11: 현장 살수
A12: 차선도색 장비 | B12: 수동식 | C12: 1 | D12: 0 | E12: 0 | F12: 0 | G12: 1 | H12: 0 | I12: WBS-04 | J12: 차선도색
A13: 합계 | C13: 9 | D13: =SUM(D5:D12) -> 0 | E13: =SUM(E5:E12) -> 4 | F13: =SUM(F5:F12) -> 4 | G13: =SUM(G5:G12) -> 4 | H13: =SUM(H5:H12) -> 0

Sheet 09_착공전사진대지
A1: 착공전사진대지 메타데이터
A2: 실제 이미지는 업로드 파일/첨부 문서로 별도 관리, ERP에는 메타데이터만 업로드
A4: 사진ID | B4: 촬영일 | C4: 위치/대상 | D4: WBS코드 | E4: 사진구분 | F4: 파일명 | G4: 설명 | H4: 업로드상태
A5: PHOTO-001 | B5: 2026-08-14 | C5: 현장 전경 | D5: WBS-01 | E5: 착공전 | F5: PHOTO-001_현장전경.jpg | G5: 현장 인수 전 전경 | H5: 메타업로드대상
A6: PHOTO-002 | B6: 2026-08-14 | C6: 기존 포장 상태 | D6: WBS-02 | E6: 착공전 | F6: PHOTO-002_기존포장.jpg | G6: 절삭 전 포장 상태 | H6: 메타업로드대상
A7: PHOTO-003 | B7: 2026-08-14 | C7: 아스콘 포장 구간 | D7: WBS-03 | E7: 착공전 | F7: PHOTO-003_포장구간.jpg | G7: 아스콘 포장 예정 구간 | H7: 메타업로드대상
A8: PHOTO-004 | B8: 2026-08-14 | C8: 차선도색 구간 | D8: WBS-04 | E8: 착공전 | F8: PHOTO-004_차선구간.jpg | G8: 차선도색 예정 구간 | H8: 메타업로드대상
A9: PHOTO-005 | B9: 2026-08-14 | C9: 준공자료 대상 위치 | D9: WBS-05 | E9: 착공전 | F9: PHOTO-005_검측위치.jpg | G9: 검측/준공자료 관리 대상 | H9: 메타업로드대상

Sheet 10_검증요약
A1: 업로드 검증요약
A2: 계약금액·WBS 기준선·착공계 필수값 검산
A4: 검증항목 | B4: 기대값/공식 | C4: 현재값 | D4: 판정
A5: 계약금액 | B5: 01_프로젝트정보!B15 | C5: ='01_프로젝트정보'!B18 -> 132000000 | D5: =IF(C5=132000000,"PASS","FAIL") -> PASS
A6: WBS 예산합계 | B6: SUM(03_WBS_기준선!G5:G10) | C6: =SUM('03_WBS_기준선'!G5:G10) -> 132000000 | D6: =IF(C6=C5,"PASS","FAIL") -> PASS
A7: 계약금액-예산차이 | B7: 0 | C7: =C5-C6 -> 0 | D7: =IF(C7=0,"PASS","FAIL") -> PASS
A8: 진행률 적용 WBS 합계 | B8: 107,800,000 | C8: =SUMIF('03_WBS_기준선'!I5:I10,"Y",'03_WBS_기준선'!G5:G10) -> 107800000 | D8: =IF(C8=107800000,"PASS","FAIL") -> PASS
A9: WBS-99 금액 | B9: 24,200,000 | C9: =SUMIF('03_WBS_기준선'!A5:A10,"WBS-99",'03_WBS_기준선'!G5:G10) -> 24200000 | D9: =IF(C9=24200000,"PASS","FAIL") -> PASS
A10: WBS-99 진행률 제외 | B10: N | C10: =INDEX('03_WBS_기준선'!I5:I10,MATCH("WBS-99",'03_WBS_기준선'!A5:A10,0)) -> N | D10: =IF(C10="N","PASS","FAIL") -> PASS
A11: WBS 시작일 공란 | B11: 없음 | C11: =COUNTBLANK('03_WBS_기준선'!E5:E10) -> 0 | D11: =IF(C11=0,"PASS","FAIL") -> PASS
A12: WBS 종료일 공란 | B12: 없음 | C12: =COUNTBLANK('03_WBS_기준선'!F5:F10) -> 0 | D12: =IF(C12=0,"PASS","FAIL") -> PASS
A13: 8월말 목표 진행률 | B13: 예정공정표 계산 | C13: ='04_예정공정표'!M5 -> 77.92205 | D13: =IF(C13>0,"PASS","CHECK") -> PASS
A14: 개인정보 원문 사용 | B14: 금지 | C14: 테스트 가명/마스킹 | D14: PASS

Sheet 11_업로드체크리스트
A1: 착공계 Excel 업로드 체크리스트
A2: 업로드 전·후 수동 확인 항목
A4: No | B4: 체크항목 | C4: 기대값 | D4: 확인결과 | E4: 비고
A5: 1 | B5: 프로젝트 코드/명 일치 | C5: LOCAL-OPS-20260814-001 / 2026년 8월 로컬 검증 포장보수공사
A6: 2 | B6: 계약금액 입력 | C6: 132,000,000
A7: 3 | B7: 착공일/준공예정일 입력 | C7: 2026-08-14 / 2026-09-13
A8: 4 | B8: WBS 기준선 합계 | C8: 132,000,000
A9: 5 | B9: 계약금액-예산기준선 차이 | C9: 0
A10: 6 | B10: WBS-99 포함 | C10: 도급 공통비·일반관리·기업이윤
A11: 7 | B11: WBS-99 진행률 산정 제외 | C11: 진행률적용=N
A12: 8 | B12: WBS 시작일/종료일 공란 없음 | C12: 모든 WBS 날짜 설정
A13: 9 | B13: CBS 미매칭 | C13: 0건이어야 함
A14: 10 | B14: 현장기술자 개인정보 | C14: 실제 개인정보 사용 금지
A15: 11 | B15: 동원인력/장비 계획 | C15: 시나리오와 일치
A16: 12 | B16: 착공전사진대지 | C16: 메타데이터만 업로드 또는 이미지 별도 첨부
... A19: 15 | B19: 업로드 후 CEO 대시보드 | C19: 500 없이 정상 표시
