Workbook
Name ___a1: #N/A
Name ___a10: #N/A
Name ___a11: #N/A
Name ___a12: #N/A
Name ___a13: #N/A
Name ___a14: #N/A
Name ___a15: #N/A
Name ___a16: #N/A
Name ___a17: #N/A
Name ___a2: #N/A
Name ___a3: #N/A
Name ___a4: #N/A
Name ___a5: #N/A
Name ___a6: #N/A
Name ___a7: #N/A
Name ___a8: #N/A
Name ___a9: #N/A
Name ___eee1: [0]!BlankMacro1
Name ___JHY1: #N/A
Name ___JHY2: #N/A
Name ___LKS1: #N/A
Name ___LKS2: #N/A
Name ___lll1: [0]!BlankMacro1
Name __a1: [0]!BlankMacro1
Name __a10: #N/A
Name __a11: #N/A
Name __a12: #N/A
Name __a13: #N/A
Name __a14: #N/A
Name __a15: #N/A
Name __a16: #N/A
Name __a17: #N/A
Name __a2: #N/A
Name __a3: #N/A
Name __a4: #N/A
Name __a5: #N/A
Name __a6: #N/A
Name __a7: #N/A
Name __a8: #N/A
Name __a9: #N/A
Name __aab42: [3]Sheet1!$G$48
Name __DemandLoad: TRUE
Name __JHY1: #N/A
Name __JHY2: #N/A
Name __LKS1: #N/A
Name __LKS2: #N/A
Name _000GJ: 0
Name _000JJ: 2600610
Name _000JN: 96465183
Name _000KB: 0
Name _11a1_: #N/A
Name _12a1_: #N/A
Name _13: 0.995
Name _13a1_: #N/A
Name _14a1_: #N/A
Name _15A: [7]금액내역서!$D$3:$D$10
Name _15a10_: #N/A
Name _16: 1.56
Name _16a10_: #N/A
Name _17a10_: #N/A

Sheet 갑지
A8: 공사명 : 고기근린공원(사회공헌)조성공사
B11: ▣ 도 급 금 액 : | C11: 일금 | D11: =NUMBERSTRING(H11,1) -> 이십육억일천일백팔십이만구천 | F11: 원정 | G11: ( | H11: =원가계산서!D32 -> 2.611829e+09 | I11: )
B12: ▣ 전 회 기 성 : | C12: 일금 | D12: =NUMBERSTRING(H12,1) -> 영 | F12: 원정 | G12: ( | H12: =원가계산서!E32 -> 0 | I12: )
B13: ▣ 금 회 기 성 : | C13: 일금 | D13: =NUMBERSTRING(H13,1) -> 사억오천사백팔만 | F13: 원정 | G13: ( | H13: =원가계산서!G32 -> 454080000 | I13: )
B14: ▣ 누 계 기 성 : | C14: 일금 | D14: =NUMBERSTRING(H14,1) -> 사억오천사백팔만 | F14: 원정 | G14: ( | H14: =H12+H13 -> 454080000 | I14: )
B15: ▣ 미 기 성 : | C15: 일금 | D15: =NUMBERSTRING(H15,1) -> 이십일억오천칠백칠십사만구천 | F15: 원정 | G15: ( | H15: =H11-H14 -> 2.157749e+09 | I15: )

Sheet 원가계산서
A1: 공 사 원 가 계 산 서 ( 총 괄 )
A2: [공사명]고기근린공원(사회공헌) 조성공사(총괄)
A3: 비 목 | D3: 도급금액(총괄) | K3: 조 경 | R3: 토 목 | Y3: 건 축 | AF3: 비 고
D4: 도급금액 | E4: 전회기성 | F4: 비율(%) | G4: 금회기성 | H4: 비율(%) | I4: 누계기성 | J4: 비율(%) | K4: 도급금액 | L4: 전회기성 | M4: 비율(%) | N4: 금회기성 | O4: 비율(%) | P4: 누계기성 | Q4: 비율(%) | R4: 도급금액 | S4: 전회기성 | T4: 비율(%) | U4: 금회기성 | V4: 비율(%) | W4: 누계기성 | X4: 비율(%) | Y4: 도급금액 | Z4: 전회기성 | AA4: 비율(%) | AB4: 금회기성 | AC4: 비율(%) | AD4: 누계기성 | AE4: 비율(%)
A5: 순공사원가 | B5: 재료비 | C5: 직 접 재 료 비 | D5: =K5+R5+Y5 -> 728024631 | E5: =L5+S5+Z5 -> 0 | F5: =IFERROR(E5/$D5,0) -> 0 | G5: =N5+U5+AB5 -> 44587360 | H5: =IFERROR(G5/$D5,0) -> 0.061244301 | I5: =P5+W5+AD5 -> 44587360 | J5: =IFERROR(I5/$D5,0) -> 0.061244301 | K5: 532681710 | M5: =IFERROR(L5/$K5,0) -> 0 | N5: =[167]조경원가계산서!$G5 -> 14830383 | O5: =IFERROR(N5/$K5,0) -> 0.027840984 | P5: =L5+N5 -> 14830383 | Q5: =IFERROR(P5/$K5,0) -> 0.027840984 | R5: 128998292 | T5: =IFERROR(S5/$R5,0) -> 0 | U5: =[168]토목원가계산서!$G5 -> 29756977 | V5: =IFERROR(U5/$R5,0) -> 0.23067729 | W5: =S5+U5 -> 29756977 | X5: =IFERROR(W5/$R5,0) -> 0.23067729 | Y5: 66344629 | AA5: =IFERROR(Z5/$Y5,0) -> 0 | AC5: =IFERROR(AB5/$Y5,0) -> 0 | AD5: =Z5+AB5 -> 0 | AE5: =IFERROR(AD5/$Y5,0) -> 0
C6: 간 접 재 료 비 | D6: =K6+R6+Y6 -> 0 | E6: =L6+S6+Z6 -> 0 | F6: =IFERROR(E6/$D6,0) -> 0 | G6: =N6+U6+AB6 -> 0 | H6: =IFERROR(G6/$D6,0) -> 0 | I6: =P6+W6+AD6 -> 0 | J6: =IFERROR(I6/$D6,0) -> 0 | M6: =IFERROR(L6/$K6,0) -> 0 | N6: =[167]조경원가계산서!$G6 -> 0 | O6: =IFERROR(N6/$K6,0) -> 0 | P6: =L6+N6 -> 0 | Q6: =IFERROR(P6/$K6,0) -> 0 | T6: =IFERROR(S6/$R6,0) -> 0 | U6: =[168]토목원가계산서!$G6 -> 0 | V6: =IFERROR(U6/$R6,0) -> 0 | W6: =S6+U6 -> 0 | X6: =IFERROR(W6/$R6,0) -> 0 | Y6: 0 | AA6: =IFERROR(Z6/$Y6,0) -> 0 | AC6: =IFERROR(AB6/$Y6,0) -> 0 | AD6: =Z6+AB6 -> 0 | AE6: =IFERROR(AD6/$Y6,0) -> 0
C7: 작업설,부산물등(△) | D7: =K7+R7+Y7 -> 0 | E7: =L7+S7+Z7 -> 0 | F7: =IFERROR(E7/$D7,0) -> 0 | G7: =N7+U7+AB7 -> 0 | H7: =IFERROR(G7/$D7,0) -> 0 | I7: =P7+W7+AD7 -> 0 | J7: =IFERROR(I7/$D7,0) -> 0 | M7: =IFERROR(L7/$K7,0) -> 0 | N7: =[167]조경원가계산서!$G7 -> 0 | O7: =IFERROR(N7/$K7,0) -> 0 | P7: =L7+N7 -> 0 | Q7: =IFERROR(P7/$K7,0) -> 0 | T7: =IFERROR(S7/$R7,0) -> 0 | U7: =[168]토목원가계산서!$G7 -> 0 | V7: =IFERROR(U7/$R7,0) -> 0 | W7: =S7+U7 -> 0 | X7: =IFERROR(W7/$R7,0) -> 0 | Y7: 0 | AA7: =IFERROR(Z7/$Y7,0) -> 0 | AC7: =IFERROR(AB7/$Y7,0) -> 0 | AD7: =Z7+AB7 -> 0 | AE7: =IFERROR(AD7/$Y7,0) -> 0
C8: [ 소 계 ] | D8: =K8+R8+Y8 -> 728024631 | E8: =L8+S8+Z8 -> 0 | F8: =IFERROR(E8/$D8,0) -> 0 | G8: =N8+U8+AB8 -> 44587360 | H8: =IFERROR(G8/$D8,0) -> 0.061244301 | I8: =P8+W8+AD8 -> 44587360 | J8: =IFERROR(I8/$D8,0) -> 0.061244301 | K8: 532681710 | M8: =IFERROR(L8/$K8,0) -> 0 | N8: =[167]조경원가계산서!$G8 -> 14830383 | O8: =IFERROR(N8/$K8,0) -> 0.027840984 | P8: =L8+N8 -> 14830383 | Q8: =IFERROR(P8/$K8,0) -> 0.027840984 | R8: 128998292 | T8: =IFERROR(S8/$R8,0) -> 0 | U8: =[168]토목원가계산서!$G8 -> 29756977 | V8: =IFERROR(U8/$R8,0) -> 0.23067729 | W8: =S8+U8 -> 29756977 | X8: =IFERROR(W8/$R8,0) -> 0.23067729 | Y8: 66344629 | AA8: =IFERROR(Z8/$Y8,0) -> 0 | AC8: =IFERROR(AB8/$Y8,0) -> 0 | AD8: =Z8+AB8 -> 0 | AE8: =IFERROR(AD8/$Y8,0) -> 0
B9: 노무비 | C9: 직 접 노 무 비 | D9: =K9+R9+Y9 -> 800780449 | E9: =L9+S9+Z9 -> 0 | F9: =IFERROR(E9/$D9,0) -> 0 | G9: =N9+U9+AB9 -> 187645266 | H9: =IFERROR(G9/$D9,0) -> 0.23432798 | I9: =P9+W9+AD9 -> 187645266 | J9: =IFERROR(I9/$D9,0) -> 0.23432798 | K9: 392029555 | M9: =IFERROR(L9/$K9,0) -> 0 | N9: =[167]조경원가계산서!$G9 -> 110073033 | O9: =IFERROR(N9/$K9,0) -> 0.28077738 | P9: =L9+N9 -> 110073033 | Q9: =IFERROR(P9/$K9,0) -> 0.28077738 | R9: 290768141 | T9: =IFERROR(S9/$R9,0) -> 0 | U9: =[168]토목원가계산서!$G9 -> 77572233 | V9: =IFERROR(U9/$R9,0) -> 0.26678381 | W9: =S9+U9 -> 77572233 | X9: =IFERROR(W9/$R9,0) -> 0.26678381 | Y9: 117982753 | AA9: =IFERROR(Z9/$Y9,0) -> 0 | AC9: =IFERROR(AB9/$Y9,0) -> 0 | AD9: =Z9+AB9 -> 0 | AE9: =IFERROR(AD9/$Y9,0) -> 0
C10: 간 접 노 무 비 | D10: =K10+R10+Y10 -> 114511603 | E10: =L10+S10+Z10 -> 0 | F10: =IFERROR(E10/$D10,0) -> 0 | G10: =N10+U10+AB10 -> 26833272 | H10: =IFERROR(G10/$D10,0) -> 0.23432797 | I10: =P10+W10+AD10 -> 26833272 | J10: =IFERROR(I10/$D10,0) -> 0.23432797 | K10: 56060226 | M10: =IFERROR(L10/$K10,0) -> 0 | N10: =[167]조경원가계산서!$G10 -> 15740443 | O10: =IFERROR(N10/$K10,0) -> 0.28077737 | P10: =L10+N10 -> 15740443 | Q10: =IFERROR(P10/$K10,0) -> 0.28077737 | R10: 41579844 | T10: =IFERROR(S10/$R10,0) -> 0 | U10: =[168]토목원가계산서!$G10 -> 11092829 | V10: =IFERROR(U10/$R10,0) -> 0.26678381 | W10: =S10+U10 -> 11092829 | X10: =IFERROR(W10/$R10,0) -> 0.26678381 | Y10: 16871533 | AA10: =IFERROR(Z10/$Y10,0) -> 0 | AC10: =IFERROR(AB10/$Y10,0) -> 0 | AD10: =Z10+AB10 -> 0 | AE10: =IFERROR(AD10/$Y10,0) -> 0
C11: [ 소 계 ] | D11: =K11+R11+Y11 -> 915292052 | E11: =L11+S11+Z11 -> 0 | F11: =IFERROR(E11/$D11,0) -> 0 | G11: =N11+U11+AB11 -> 214478538 | H11: =IFERROR(G11/$D11,0) -> 0.23432798 | I11: =P11+W11+AD11 -> 214478538 | J11: =IFERROR(I11/$D11,0) -> 0.23432798 | K11: 448089781 | M11: =IFERROR(L11/$K11,0) -> 0 | N11: =[167]조경원가계산서!$G11 -> 125813476 | O11: =IFERROR(N11/$K11,0) -> 0.28077738 | P11: =L11+N11 -> 125813476 | Q11: =IFERROR(P11/$K11,0) -> 0.28077738 | R11: 332347985 | T11: =IFERROR(S11/$R11,0) -> 0 | U11: =[168]토목원가계산서!$G11 -> 88665062 | V11: =IFERROR(U11/$R11,0) -> 0.26678381 | W11: =S11+U11 -> 88665062 | X11: =IFERROR(W11/$R11,0) -> 0.26678381 | Y11: 134854286 | AA11: =IFERROR(Z11/$Y11,0) -> 0 | AC11: =IFERROR(AB11/$Y11,0) -> 0 | AD11: =Z11+AB11 -> 0 | AE11: =IFERROR(AD11/$Y11,0) -> 0
B12: 경비 | C12: 운 반 비 | D12: =K12+R12+Y12 -> 0 | E12: =L12+S12+Z12 -> 0 | F12: =IFERROR(E12/$D12,0) -> 0 | G12: =N12+U12+AB12 -> 0 | H12: =IFERROR(G12/$D12,0) -> 0 | I12: =P12+W12+AD12 -> 0 | J12: =IFERROR(I12/$D12,0) -> 0 | M12: =IFERROR(L12/$K12,0) -> 0 | N12: =[167]조경원가계산서!$G12 -> 0 | O12: =IFERROR(N12/$K12,0) -> 0 | P12: =L12+N12 -> 0 | Q12: =IFERROR(P12/$K12,0) -> 0 | T12: =IFERROR(S12/$R12,0) -> 0 | U12: =[168]토목원가계산서!$G12 -> 0 | V12: =IFERROR(U12/$R12,0) -> 0 | W12: =S12+U12 -> 0 | X12: =IFERROR(W12/$R12,0) -> 0 | Y12: 0 | AA12: =IFERROR(Z12/$Y12,0) -> 0 | AC12: =IFERROR(AB12/$Y12,0) -> 0 | AD12: =Z12+AB12 -> 0 | AE12: =IFERROR(AD12/$Y12,0) -> 0
C13: 기 계 경 비 | D13: =K13+R13+Y13 -> 125797911 | E13: =L13+S13+Z13 -> 0 | F13: =IFERROR(E13/$D13,0) -> 0 | G13: =N13+U13+AB13 -> 47784984 | H13: =IFERROR(G13/$D13,0) -> 0.37985515 | I13: =P13+W13+AD13 -> 47784984 | J13: =IFERROR(I13/$D13,0) -> 0.37985515 | K13: 45083575 | M13: =IFERROR(L13/$K13,0) -> 0 | N13: =[167]조경원가계산서!$G13 -> 15225924 | O13: =IFERROR(N13/$K13,0) -> 0.33772663 | P13: =L13+N13 -> 15225924 | Q13: =IFERROR(P13/$K13,0) -> 0.33772663 | R13: 79339367 | T13: =IFERROR(S13/$R13,0) -> 0 | U13: =[168]토목원가계산서!$G13 -> 32559060 | V13: =IFERROR(U13/$R13,0) -> 0.41037711 | W13: =S13+U13 -> 32559060 | X13: =IFERROR(W13/$R13,0) -> 0.41037711 | Y13: 1374969 | AA13: =IFERROR(Z13/$Y13,0) -> 0 | AC13: =IFERROR(AB13/$Y13,0) -> 0 | AD13: =Z13+AB13 -> 0 | AE13: =IFERROR(AD13/$Y13,0) -> 0
C14: 산 재 보 험 료 | D14: =K14+R14+Y14 -> 32584396 | E14: =L14+S14+Z14 -> 0 | F14: =IFERROR(E14/$D14,0) -> 0 | G14: =N14+U14+AB14 -> 7635435 | H14: =IFERROR(G14/$D14,0) -> 0.23432796 | I14: =P14+W14+AD14 -> 7635435 | J14: =IFERROR(I14/$D14,0) -> 0.23432796 | K14: 15951996 | M14: =IFERROR(L14/$K14,0) -> 0 | N14: =[167]조경원가계산서!$G14 -> 4478959 | O14: =IFERROR(N14/$K14,0) -> 0.28077734 | P14: =L14+N14 -> 4478959 | Q14: =IFERROR(P14/$K14,0) -> 0.28077734 | R14: 11831588 | T14: =IFERROR(S14/$R14,0) -> 0 | U14: =[168]토목원가계산서!$G14 -> 3156476 | V14: =IFERROR(U14/$R14,0) -> 0.2667838 | W14: =S14+U14 -> 3156476 | X14: =IFERROR(W14/$R14,0) -> 0.2667838 | Y14: 4800812 | AA14: =IFERROR(Z14/$Y14,0) -> 0 | AC14: =IFERROR(AB14/$Y14,0) -> 0 | AD14: =Z14+AB14 -> 0 | AE14: =IFERROR(AD14/$Y14,0) -> 0
C15: 고 용 보 험 료 | D15: =K15+R15+Y15 -> 9244448 | E15: =L15+S15+Z15 -> 0 | F15: =IFERROR(E15/$D15,0) -> 0 | G15: =N15+U15+AB15 -> 2166233 | H15: =IFERROR(G15/$D15,0) -> 0.234328 | I15: =P15+W15+AD15 -> 2166233 | J15: =IFERROR(I15/$D15,0) -> 0.234328 | K15: 4525706 | M15: =IFERROR(L15/$K15,0) -> 0 | N15: =[167]조경원가계산서!$G15 -> 1270716 | O15: =IFERROR(N15/$K15,0) -> 0.28077741 | P15: =L15+N15 -> 1270716 | Q15: =IFERROR(P15/$K15,0) -> 0.28077741 | R15: 3356714 | T15: =IFERROR(S15/$R15,0) -> 0 | U15: =[168]토목원가계산서!$G15 -> 895517 | V15: =IFERROR(U15/$R15,0) -> 0.26678382 | W15: =S15+U15 -> 895517 | X15: =IFERROR(W15/$R15,0) -> 0.26678382 | Y15: 1362028 | AA15: =IFERROR(Z15/$Y15,0) -> 0 | AC15: =IFERROR(AB15/$Y15,0) -> 0 | AD15: =Z15+AB15 -> 0 | AE15: =IFERROR(AD15/$Y15,0) -> 0
C16: 건 강 보 험 료 | D16: =K16+R16+Y16 -> 32663977 | E16: =L16+S16+Z16 -> 0 | F16: =IFERROR(E16/$D16,0) -> 0 | G16: =N16+U16+AB16 -> 340320 | H16: =IFERROR(G16/$D16,0) -> 0.010418817 | I16: =P16+W16+AD16 -> 340320 | J16: =IFERROR(I16/$D16,0) -> 0.010418817 | K16: 16066073 | M16: =IFERROR(L16/$K16,0) -> 0 | N16: =[167]조경원가계산서!$G16 -> 340320 | O16: =IFERROR(N16/$K16,0) -> 0.021182525 | P16: =L16+N16 -> 340320 | Q16: =IFERROR(P16/$K16,0) -> 0.021182525 | R16: 11730751 | T16: =IFERROR(S16/$R16,0) -> 0 | U16: =[168]토목원가계산서!$G16 -> 0 | V16: =IFERROR(U16/$R16,0) -> 0 | W16: =S16+U16 -> 0 | X16: =IFERROR(W16/$R16,0) -> 0 | Y16: 4867153 | AA16: =IFERROR(Z16/$Y16,0) -> 0 | AC16: =IFERROR(AB16/$Y16,0) -> 0 | AD16: =Z16+AB16 -> 0 | AE16: =IFERROR(AD16/$Y16,0) -> 0
C17: 연 금 보 험 료 | D17: =K17+R17+Y17 -> 41463440 | E17: =L17+S17+Z17 -> 0 | F17: =IFERROR(E17/$D17,0) -> 0 | G17: =N17+U17+AB17 -> 0 | H17: =IFERROR(G17/$D17,0) -> 0 | I17: =P17+W17+AD17 -> 0 | J17: =IFERROR(I17/$D17,0) -> 0 | K17: 20394168 | M17: =IFERROR(L17/$K17,0) -> 0 | N17: =[167]조경원가계산서!$G17 -> 0 | O17: =IFERROR(N17/$K17,0) -> 0 | P17: =L17+N17 -> 0 | Q17: =IFERROR(P17/$K17,0) -> 0 | R17: 14890940 | T17: =IFERROR(S17/$R17,0) -> 0 | U17: =[168]토목원가계산서!$G17 -> 0 | V17: =IFERROR(U17/$R17,0) -> 0 | W17: =S17+U17 -> 0 | X17: =IFERROR(W17/$R17,0) -> 0 | Y17: 6178332 | AA17: =IFERROR(Z17/$Y17,0) -> 0 | AC17: =IFERROR(AB17/$Y17,0) -> 0 | AD17: =Z17+AB17 -> 0 | AE17: =IFERROR(AD17/$Y17,0) -> 0
C18: 노인장기요양보험료 | D18: =K18+R18+Y18 -> 4229983 | E18: =L18+S18+Z18 -> 0 | F18: =IFERROR(E18/$D18,0) -> 0 | G18: =N18+U18+AB18 -> 44070 | H18: =IFERROR(G18/$D18,0) -> 0.010418482 | I18: =P18+W18+AD18 -> 44070 | J18: =IFERROR(I18/$D18,0) -> 0.010418482 | K18: 2080556 | M18: =IFERROR(L18/$K18,0) -> 0 | N18: =[167]조경원가계산서!$G18 -> 44070 | O18: =IFERROR(N18/$K18,0) -> 0.021181838 | P18: =L18+N18 -> 44070 | Q18: =IFERROR(P18/$K18,0) -> 0.021181838 | R18: 1519131 | T18: =IFERROR(S18/$R18,0) -> 0 | U18: =[168]토목원가계산서!$G18 -> 0 | V18: =IFERROR(U18/$R18,0) -> 0 | W18: =S18+U18 -> 0 | X18: =IFERROR(W18/$R18,0) -> 0 | Y18: 630296 | AA18: =IFERROR(Z18/$Y18,0) -> 0 | AC18: =IFERROR(AB18/$Y18,0) -> 0 | AD18: =Z18+AB18 -> 0 | AE18: =IFERROR(AD18/$Y18,0) -> 0
C19: 퇴직공제부금비 | D19: =K19+R19+Y19 -> 21192424 | E19: =L19+S19+Z19 -> 0 | F19: =IFERROR(E19/$D19,0) -> 0 | G19: =N19+U19+AB19 -> 1077200 | H19: =IFERROR(G19/$D19,0) -> 0.050829485 | I19: =P19+W19+AD19 -> 1077200 | J19: =IFERROR(I19/$D19,0) -> 0.050829485 | K19: 10423685 | M19: =IFERROR(L19/$K19,0) -> 0 | N19: =[167]조경원가계산서!$G19 -> 1077200 | O19: =IFERROR(N19/$K19,0) -> 0.10334157 | P19: =L19+N19 -> 1077200 | Q19: =IFERROR(P19/$K19,0) -> 0.10334157 | R19: 7610925 | T19: =IFERROR(S19/$R19,0) -> 0 | U19: =[168]토목원가계산서!$G19 -> 0 | V19: =IFERROR(U19/$R19,0) -> 0 | W19: =S19+U19 -> 0 | X19: =IFERROR(W19/$R19,0) -> 0 | Y19: 3157814 | AA19: =IFERROR(Z19/$Y19,0) -> 0 | AC19: =IFERROR(AB19/$Y19,0) -> 0 | AD19: =Z19+AB19 -> 0 | AE19: =IFERROR(AD19/$Y19,0) -> 0
C20: 기계대여대금지급보증수수료 | D20: =K20+R20+Y20 -> 2978284 | E20: =L20+S20+Z20 -> 0 | F20: =IFERROR(E20/$D20,0) -> 0 | G20: =N20+U20+AB20 -> 0 | H20: =IFERROR(G20/$D20,0) -> 0 | I20: =P20+W20+AD20 -> 0 | J20: =IFERROR(I20/$D20,0) -> 0 | K20: 1745630 | M20: =IFERROR(L20/$K20,0) -> 0 | N20: =[167]조경원가계산서!$G20 -> 0 | O20: =IFERROR(N20/$K20,0) -> 0 | P20: =L20+N20 -> 0 | Q20: =IFERROR(P20/$K20,0) -> 0 | R20: 898390 | T20: =IFERROR(S20/$R20,0) -> 0 | U20: =[168]토목원가계산서!$G20 -> 0 | V20: =IFERROR(U20/$R20,0) -> 0 | W20: =S20+U20 -> 0 | X20: =IFERROR(W20/$R20,0) -> 0 | Y20: 334264 | AA20: =IFERROR(Z20/$Y20,0) -> 0 | AC20: =IFERROR(AB20/$Y20,0) -> 0 | AD20: =Z20+AB20 -> 0 | AE20: =IFERROR(AD20/$Y20,0) -> 0
C21: 산업안전보건관리비 | D21: =K21+R21+Y21 -> 27255552 | E21: =L21+S21+Z21 -> 0 | F21: =IFERROR(E21/$D21,0) -> 0 | G21: =N21+U21+AB21 -> 9462500 | H21: =IFERROR(G21/$D21,0) -> 0.34717697 | I21: =P21+W21+AD21 -> 9462500 | J21: =IFERROR(I21/$D21,0) -> 0.34717697 | K21: 18149619 | M21: =IFERROR(L21/$K21,0) -> 0 | N21: =[167]조경원가계산서!$G21 -> 6462500 | O21: =IFERROR(N21/$K21,0) -> 0.35606808 | P21: =L21+N21 -> 6462500 | Q21: =IFERROR(P21/$K21,0) -> 0.35606808 | R21: 6531859 | T21: =IFERROR(S21/$R21,0) -> 0 | U21: =[168]토목원가계산서!$G21 -> 3000000 | V21: =IFERROR(U21/$R21,0) -> 0.45928732 | W21: =S21+U21 -> 3000000 | X21: =IFERROR(W21/$R21,0) -> 0.45928732 | Y21: 2574074 | AA21: =IFERROR(Z21/$Y21,0) -> 0 | AC21: =IFERROR(AB21/$Y21,0) -> 0 | AD21: =Z21+AB21 -> 0 | AE21: =IFERROR(AD21/$Y21,0) -> 0
C22: 환 경 보 전 비 | D22: =K22+R22+Y22 -> 4963808 | E22: =L22+S22+Z22 -> 0 | F22: =IFERROR(E22/$D22,0) -> 0 | G22: =N22+U22+AB22 -> 2400000 | H22: =IFERROR(G22/$D22,0) -> 0.48349976 | I22: =P22+W22+AD22 -> 2400000 | J22: =IFERROR(I22/$D22,0) -> 0.48349976 | K22: 2909384 | M22: =IFERROR(L22/$K22,0) -> 0 | N22: =[167]조경원가계산서!$G22 -> 1000000 | O22: =IFERROR(N22/$K22,0) -> 0.34371537 | P22: =L22+N22 -> 1000000 | Q22: =IFERROR(P22/$K22,0) -> 0.34371537 | R22: 1497317 | T22: =IFERROR(S22/$R22,0) -> 0 | U22: =[168]토목원가계산서!$G22 -> 1400000 | V22: =IFERROR(U22/$R22,0) -> 0.93500575 | W22: =S22+U22 -> 1400000 | X22: =IFERROR(W22/$R22,0) -> 0.93500575 | Y22: 557107 | AA22: =IFERROR(Z22/$Y22,0) -> 0 | AC22: =IFERROR(AB22/$Y22,0) -> 0 | AD22: =Z22+AB22 -> 0 | AE22: =IFERROR(AD22/$Y22,0) -> 0
C23: 기 타 경 비 | D23: =K23+R23+Y23 -> 90382417 | E23: =L23+S23+Z23 -> 0 | F23: =IFERROR(E23/$D23,0) -> 0 | G23: =N23+U23+AB23 -> 14248624 | H23: =IFERROR(G23/$D23,0) -> 0.15764819 | I23: =P23+W23+AD23 -> 14248624 | J23: =IFERROR(I23/$D23,0) -> 0.15764819 | K23: 53942432 | M23: =IFERROR(L23/$K23,0) -> 0 | N23: =[167]조경원가계산서!$G23 -> 7735412 | O23: =IFERROR(N23/$K23,0) -> 0.14340125 | P23: =L23+N23 -> 7735412 | Q23: =IFERROR(P23/$K23,0) -> 0.14340125 | R23: 25374045 | T23: =IFERROR(S23/$R23,0) -> 0 | U23: =[168]토목원가계산서!$G23 -> 6513212 | V23: =IFERROR(U23/$R23,0) -> 0.25668797 | W23: =S23+U23 -> 6513212 | X23: =IFERROR(W23/$R23,0) -> 0.25668797 | Y23: 11065940 | AA23: =IFERROR(Z23/$Y23,0) -> 0 | AC23: =IFERROR(AB23/$Y23,0) -> 0 | AD23: =Z23+AB23 -> 0 | AE23: =IFERROR(AD23/$Y23,0) -> 0
C24: 하도급지급보증수수료 | D24: =K24+R24+Y24 -> 1340226 | E24: =L24+S24+Z24 -> 0 | F24: =IFERROR(E24/$D24,0) -> 0 | G24: =N24+U24+AB24 -> 0 | H24: =IFERROR(G24/$D24,0) -> 0 | I24: =P24+W24+AD24 -> 0 | J24: =IFERROR(I24/$D24,0) -> 0 | K24: 785533 | M24: =IFERROR(L24/$K24,0) -> 0 | N24: =[167]조경원가계산서!$G24 -> 0 | O24: =IFERROR(N24/$K24,0) -> 0 | P24: =L24+N24 -> 0 | Q24: =IFERROR(P24/$K24,0) -> 0 | R24: 404275 | T24: =IFERROR(S24/$R24,0) -> 0 | U24: =[168]토목원가계산서!$G24 -> 0 | V24: =IFERROR(U24/$R24,0) -> 0 | W24: =S24+U24 -> 0 | X24: =IFERROR(W24/$R24,0) -> 0 | Y24: 150418 | AA24: =IFERROR(Z24/$Y24,0) -> 0 | AC24: =IFERROR(AB24/$Y24,0) -> 0 | AD24: =Z24+AB24 -> 0 | AE24: =IFERROR(AD24/$Y24,0) -> 0
C25: [ 소 계 ] | D25: =K25+R25+Y25 -> 394096866 | E25: =L25+S25+Z25 -> 0 | F25: =IFERROR(E25/$D25,0) -> 0 | G25: =N25+U25+AB25 -> 85159366 | H25: =IFERROR(G25/$D25,0) -> 0.2160874 | I25: =P25+W25+AD25 -> 85159366 | J25: =IFERROR(I25/$D25,0) -> 0.2160874 | K25: 192058357 | M25: =IFERROR(L25/$K25,0) -> 0 | N25: =[167]조경원가계산서!$G25 -> 37635101 | O25: =IFERROR(N25/$K25,0) -> 0.19595659 | P25: =L25+N25 -> 37635101 | Q25: =IFERROR(P25/$K25,0) -> 0.19595659 | R25: 164985302 | T25: =IFERROR(S25/$R25,0) -> 0 | U25: =[168]토목원가계산서!$G25 -> 47524265 | V25: =IFERROR(U25/$R25,0) -> 0.28805151 | W25: =S25+U25 -> 47524265 | X25: =IFERROR(W25/$R25,0) -> 0.28805151 | Y25: 37053207 | AA25: =IFERROR(Z25/$Y25,0) -> 0 | AC25: =IFERROR(AB25/$Y25,0) -> 0 | AD25: =Z25+AB25 -> 0 | AE25: =IFERROR(AD25/$Y25,0) -> 0
A26: 계 | D26: =K26+R26+Y26 -> 2037413549 | E26: =L26+S26+Z26 -> 0 | F26: =IFERROR(E26/$D26,0) -> 0 | G26: =N26+U26+AB26 -> 344225264 | H26: =IFERROR(G26/$D26,0) -> 0.16895208 | I26: =P26+W26+AD26 -> 344225264 | J26: =IFERROR(I26/$D26,0) -> 0.16895208 | K26: 1172829848 | M26: =IFERROR(L26/$K26,0) -> 0 | N26: =[167]조경원가계산서!$G26 -> 178278960 | O26: =IFERROR(N26/$K26,0) -> 0.15200752 | P26: =L26+N26 -> 178278960 | Q26: =IFERROR(P26/$K26,0) -> 0.15200752 | R26: 626331579 | T26: =IFERROR(S26/$R26,0) -> 0 | U26: =[168]토목원가계산서!$G26 -> 165946304 | V26: =IFERROR(U26/$R26,0) -> 0.2649496 | W26: =S26+U26 -> 165946304 | X26: =IFERROR(W26/$R26,0) -> 0.2649496 | Y26: 238252122 | AA26: =IFERROR(Z26/$Y26,0) -> 0 | AC26: =IFERROR(AB26/$Y26,0) -> 0 | AD26: =Z26+AB26 -> 0 | AE26: =IFERROR(AD26/$Y26,0) -> 0
A27: 일 반 관 리 비 | D27: =K27+R27+Y27 -> 122244811 | E27: =L27+S27+Z27 -> 0 | F27: =IFERROR(E27/$D27,0) -> 0 | G27: =N27+U27+AB27 -> 20653515 | H27: =IFERROR(G27/$D27,0) -> 0.16895208 | I27: =P27+W27+AD27 -> 20653515 | J27: =IFERROR(I27/$D27,0) -> 0.16895208 | K27: 70369790 | M27: =IFERROR(L27/$K27,0) -> 0 | N27: =[167]조경원가계산서!$G27 -> 10696737 | O27: =IFERROR(N27/$K27,0) -> 0.15200752 | P27: =L27+N27 -> 10696737 | Q27: =IFERROR(P27/$K27,0) -> 0.15200752 | R27: 37579894 | T27: =IFERROR(S27/$R27,0) -> 0 | U27: =[168]토목원가계산서!$G27 -> 9956778 | V27: =IFERROR(U27/$R27,0) -> 0.2649496 | W27: =S27+U27 -> 9956778 | X27: =IFERROR(W27/$R27,0) -> 0.2649496 | Y27: 14295127 | AA27: =IFERROR(Z27/$Y27,0) -> 0 | AC27: =IFERROR(AB27/$Y27,0) -> 0 | AD27: =Z27+AB27 -> 0 | AE27: =IFERROR(AD27/$Y27,0) -> 0
A28: 합 계 | D28: =K28+R28+Y28 -> 2159658360 | E28: =L28+S28+Z28 -> 0 | F28: =IFERROR(E28/$D28,0) -> 0 | G28: =N28+U28+AB28 -> 364878779 | H28: =IFERROR(G28/$D28,0) -> 0.16895208 | I28: =P28+W28+AD28 -> 364878779 | J28: =IFERROR(I28/$D28,0) -> 0.16895208 | K28: 1243199638 | M28: =IFERROR(L28/$K28,0) -> 0 | N28: =[167]조경원가계산서!$G28 -> 188975697 | O28: =IFERROR(N28/$K28,0) -> 0.15200752 | P28: =L28+N28 -> 188975697 | Q28: =IFERROR(P28/$K28,0) -> 0.15200752 | R28: 663911473 | T28: =IFERROR(S28/$R28,0) -> 0 | U28: =[168]토목원가계산서!$G28 -> 175903082 | V28: =IFERROR(U28/$R28,0) -> 0.2649496 | W28: =S28+U28 -> 175903082 | X28: =IFERROR(W28/$R28,0) -> 0.2649496 | Y28: 252547249 | AA28: =IFERROR(Z28/$Y28,0) -> 0 | AC28: =IFERROR(AB28/$Y28,0) -> 0 | AD28: =Z28+AB28 -> 0 | AE28: =IFERROR(AD28/$Y28,0) -> 0
A29: 이 윤 | D29: =K29+R29+Y29 -> 2.1473164e+08 | E29: =L29+S29+Z29 -> 0 | F29: =IFERROR(E29/$D29,0) -> 0 | G29: =N29+U29+AB29 -> 47921221 | H29: =IFERROR(G29/$D29,0) -> 0.22316796 | I29: =P29+W29+AD29 -> 47921221 | J29: =IFERROR(I29/$D29,0) -> 0.22316796 | K29: 1.0656736e+08 | M29: =IFERROR(L29/$K29,0) -> 0 | N29: =[167]조경원가계산서!$G29 -> 26024303 | O29: =IFERROR(N29/$K29,0) -> 0.24420519 | P29: =L29+N29 -> 26024303 | Q29: =IFERROR(P29/$K29,0) -> 0.24420519 | R29: 80233982 | T29: =IFERROR(S29/$R29,0) -> 0 | U29: =[168]토목원가계산서!$G29 -> 21896918 | V29: =IFERROR(U29/$R29,0) -> 0.27291327 | W29: =S29+U29 -> 21896918 | X29: =IFERROR(W29/$R29,0) -> 0.27291327 | Y29: 27930297 | AA29: =IFERROR(Z29/$Y29,0) -> 0 | AC29: =IFERROR(AB29/$Y29,0) -> 0 | AD29: =Z29+AB29 -> 0 | AE29: =IFERROR(AD29/$Y29,0) -> 0
A30: 공 급 가 액 (총 원 가) | D30: =K30+R30+Y30 -> 2.37439e+09 | E30: =L30+S30+Z30 -> 0 | F30: =IFERROR(E30/$D30,0) -> 0 | G30: =N30+U30+AB30 -> 412800000 | H30: =IFERROR(G30/$D30,0) -> 0.17385518 | I30: =P30+W30+AD30 -> 412800000 | J30: =IFERROR(I30/$D30,0) -> 0.17385518 | K30: 1.349767e+09 | M30: =IFERROR(L30/$K30,0) -> 0 | N30: =[167]조경원가계산서!$G30 -> 215000000 | O30: =IFERROR(N30/$K30,0) -> 0.15928675 | P30: =L30+N30 -> 215000000 | Q30: =IFERROR(P30/$K30,0) -> 0.15928675 | R30: 7.4414545e+08 | T30: =IFERROR(S30/$R30,0) -> 0 | U30: =[168]토목원가계산서!$G30 -> 197800000 | V30: =IFERROR(U30/$R30,0) -> 0.26580825 | W30: =S30+U30 -> 197800000 | X30: =IFERROR(W30/$R30,0) -> 0.26580825 | Y30: 280477546 | AA30: =IFERROR(Z30/$Y30,0) -> 0 | AC30: =IFERROR(AB30/$Y30,0) -> 0 | AD30: =Z30+AB30 -> 0 | AE30: =IFERROR(AD30/$Y30,0) -> 0
A31: 부 가 가 치 세 | D31: =K31+R31+Y31 -> 237439000 | E31: =L31+S31+Z31 -> 0 | F31: =IFERROR(E31/$D31,0) -> 0 | G31: =N31+U31+AB31 -> 41280000 | H31: =IFERROR(G31/$D31,0) -> 0.17385518 | I31: =P31+W31+AD31 -> 41280000 | J31: =IFERROR(I31/$D31,0) -> 0.17385518 | K31: 134976700 | M31: =IFERROR(L31/$K31,0) -> 0 | N31: =[167]조경원가계산서!$G31 -> 21500000 | O31: =IFERROR(N31/$K31,0) -> 0.15928675 | P31: =L31+N31 -> 21500000 | Q31: =IFERROR(P31/$K31,0) -> 0.15928675 | R31: 74414545 | T31: =IFERROR(S31/$R31,0) -> 0 | U31: =[168]토목원가계산서!$G31 -> 19780000 | V31: =IFERROR(U31/$R31,0) -> 0.26580825 | W31: =S31+U31 -> 19780000 | X31: =IFERROR(W31/$R31,0) -> 0.26580825 | Y31: 28047755 | AA31: =IFERROR(Z31/$Y31,0) -> 0 | AC31: =IFERROR(AB31/$Y31,0) -> 0 | AD31: =Z31+AB31 -> 0 | AE31: =IFERROR(AD31/$Y31,0) -> 0
A32: 도 급 액 | D32: =K32+R32+Y32 -> 2.611829e+09 | E32: =L32+S32+Z32 -> 0 | F32: =IFERROR(E32/$D32,0) -> 0 | G32: =N32+U32+AB32 -> 454080000 | H32: =IFERROR(G32/$D32,0) -> 0.17385518 | I32: =P32+W32+AD32 -> 454080000 | J32: =IFERROR(I32/$D32,0) -> 0.17385518 | K32: 1.4847437e+09 | M32: =IFERROR(L32/$K32,0) -> 0 | N32: =[167]조경원가계산서!$G32 -> 236500000 | O32: =IFERROR(N32/$K32,0) -> 0.15928675 | P32: =L32+N32 -> 236500000 | Q32: =IFERROR(P32/$K32,0) -> 0.15928675 | R32: 8.1856e+08 | T32: =IFERROR(S32/$R32,0) -> 0 | U32: =[168]토목원가계산서!$G32 -> 217580000 | V32: =IFERROR(U32/$R32,0) -> 0.26580825 | W32: =S32+U32 -> 217580000 | X32: =IFERROR(W32/$R32,0) -> 0.26580825 | Y32: 308525301 | AA32: =IFERROR(Z32/$Y32,0) -> 0 | AC32: =IFERROR(AB32/$Y32,0) -> 0 | AD32: =Z32+AB32 -> 0 | AE32: =IFERROR(AD32/$Y32,0) -> 0
A33: 관 급 자 재 비 | Y33: 0
A34: 1) 도급자관급 | Y34: 0
A35: 2) 관급자관급 | Y35: 0
A36: 총 공 사 비 | Y36: 308525301
G39: =G16+G18+G19+G21+G22 -> 13324090

Sheet 선급금정산
A1: 선급금 정산내역
A2: 공사명: 고기근린공원(사회공헌)조성공사
A3: 계약금액 | E3: 선급금 수령액 | J3: 금 회 기성금액 | M3: 선금공제금액 | V3: 선금공제 잔액 | Y3: 선금정산후 청구금액 | AB3: 비 고
E4: 금 액 | H4: 보할(%) | M4: 전 회 | P4: 금 회 | S4: 누 계
A5: =원가계산서!D32 -> 2.611829e+09 | E5: 800000000 | H5: =E5/A5 -> 0.30629877 | J5: =원가계산서!G32 -> 454080000 | P5: =K9 -> 140000000 | S5: =M5+P5 -> 140000000 | V5: =E5-S5 -> 660000000 | Y5: =J5-P5 -> 314080000
A7: ▶ 선금공제금액 = | D7: 선금금액 x (금회기성금액 / 당해년도이행예정금액)
F8: =J5 -> 454080000 | R8: 기 노무비 | T8: 3월 | U8: =[169]고기근린!$D$12 -> 3366000 | Y8: 선금 및 기노무비 정산
B9: =E5 -> 800000000 | E9: x | F9: ----------------------- | J9: = | K9: =ROUNDUP((F8/F10)*B9,-6) -> 140000000 | T9: 4월 | U9: =[169]고기근린!$G$12 -> 8008000 | Y9: 청구예정금액
F10: =A5 -> 2.611829e+09 | T10: 5월 | U10: =[169]고기근린!$J$12 -> 16511000 | Y10: =Y5-U11 -> 286195000
T11: 계 | U11: =U8+U9+U10 -> 27885000
