Workbook

Sheet 갑지
A8: 공사명 : 고기근린공원(사회공헌)조성공사
B11: ▣ 도 급 금 액 : | C11: 일금 | D11: =NUMBERSTRING(H11,1) -> 팔억일천팔백오십육만 | F11: 원정 | G11: ( | H11: =토목원가계산서!D32 -> 8.1856e+08 | I11: )
B12: ▣ 전 회 기 성 : | C12: 일금 | D12: =NUMBERSTRING(H12,1) -> 영 | F12: 원정 | G12: ( | H12: =토목원가계산서!E32 -> 0 | I12: )
B13: ▣ 금 회 기 성 : | C13: 일금 | D13: =NUMBERSTRING(H13,1) -> 이억일천칠백오십팔만 | F13: 원정 | G13: ( | H13: =토목원가계산서!G32 -> 217580000 | I13: )
B14: ▣ 누 계 기 성 : | C14: 일금 | D14: =NUMBERSTRING(H14,1) -> 이억일천칠백오십팔만 | F14: 원정 | G14: ( | H14: =H12+H13 -> 217580000 | I14: )
B15: ▣ 미 기 성 : | C15: 일금 | D15: =NUMBERSTRING(H15,1) -> 육억구십팔만 | F15: 원정 | G15: ( | H15: =H11-H14 -> 6.0098e+08 | I15: )

Sheet 토목원가계산서
A1: 공 사 원 가 계 산 서( 토 목)
A2: [공사명]고기근린공원(사회공헌) 조성공사(토목) | N2: 주공정
A3: 비 목 | D3: 도급금액 | E3: 전회기성 | F3: 비율(%) | G3: 금회기성 | H3: 비율(%) | I3: 누계기성 | J3: 비율(%) | K3: 구 성 비 | L3: 비 고 | M3: 정산보험료증감분 산출
N4: 조경종합적용
B5: 재 | C5: 직 접 재 료 비 | D5: 128998292 | F5: =IFERROR(E5/D5,0) -> 0 | G5: =내역서!S9 -> 29756977 | H5: =IFERROR(G5/D5,0) -> 0.23067729 | I5: =E5+G5 -> 29756977 | J5: =IFERROR(I5/D5,0) -> 0.23067729
A6: 순 | B6: 료 | C6: 간 접 재 료 비 | F6: =IFERROR(E6/D6,0) -> 0 | H6: =IFERROR(G6/D6,0) -> 0 | I6: =E6+G6 -> 0 | J6: =IFERROR(I6/D6,0) -> 0
B7: 비 | C7: 작업설,부산물등(△) | F7: =IFERROR(E7/D7,0) -> 0 | H7: =IFERROR(G7/D7,0) -> 0 | I7: =E7+G7 -> 0 | J7: =IFERROR(I7/D7,0) -> 0
C8: [ 소 계 ] | D8: =SUM(D5:D7) -> 128998292 | F8: =IFERROR(E8/D8,0) -> 0 | G8: =G5+G6+G7 -> 29756977 | H8: =IFERROR(G8/D8,0) -> 0.23067729 | I8: =E8+G8 -> 29756977 | J8: =IFERROR(I8/D8,0) -> 0.23067729
A9: 공 | B9: 노 | C9: 직 접 노 무 비 | D9: 290768141 | F9: =IFERROR(E9/D9,0) -> 0 | G9: =내역서!T9 -> 77572233 | H9: =IFERROR(G9/D9,0) -> 0.26678381 | I9: =E9+G9 -> 77572233 | J9: =IFERROR(I9/D9,0) -> 0.26678381
B10: 무 | C10: 간 접 노 무 비 | D10: 41579844 | F10: =IFERROR(E10/D10,0) -> 0 | G10: =INT(G9*N10) -> 11092829 | H10: =IFERROR(G10/D10,0) -> 0.26678381 | I10: =E10+G10 -> 11092829 | J10: =IFERROR(I10/D10,0) -> 0.26678381 | K10: 직접노무비의 *14.3% | N10: 0.143
B11: 비 | C11: [ 소 계 ] | D11: =SUM(D9:D10) -> 332347985 | F11: =IFERROR(E11/D11,0) -> 0 | G11: =G9+G10 -> 88665062 | H11: =IFERROR(G11/D11,0) -> 0.26678381 | I11: =E11+G11 -> 88665062 | J11: =IFERROR(I11/D11,0) -> 0.26678381
C12: 운 반 비 | F12: =IFERROR(E12/D12,0) -> 0 | H12: =IFERROR(G12/D12,0) -> 0 | I12: =E12+G12 -> 0 | J12: =IFERROR(I12/D12,0) -> 0
A13: 사 | C13: 기 계 경 비 | D13: 79339367 | F13: =IFERROR(E13/D13,0) -> 0 | G13: =내역서!U9 -> 32559060 | H13: =IFERROR(G13/D13,0) -> 0.41037711 | I13: =E13+G13 -> 32559060 | J13: =IFERROR(I13/D13,0) -> 0.41037711
C14: 산 재 보 험 료 | D14: 11831588 | F14: =IFERROR(E14/D14,0) -> 0 | G14: =INT(G11*N14) -> 3156476 | H14: =IFERROR(G14/D14,0) -> 0.2667838 | I14: =E14+G14 -> 3156476 | J14: =IFERROR(I14/D14,0) -> 0.2667838 | K14: 노무비의 *3.56% | N14: 0.0356
B15: 경 | C15: 고 용 보 험 료 | D15: 3356714 | F15: =IFERROR(E15/D15,0) -> 0 | G15: =INT(G11*N15) -> 895517 | H15: =IFERROR(G15/D15,0) -> 0.26678382 | I15: =E15+G15 -> 895517 | J15: =IFERROR(I15/D15,0) -> 0.26678382 | K15: 노무비의 *1.01% | N15: 0.0101
C16: 건 강 보 험 료 | D16: 11730751 | F16: =IFERROR(E16/D16,0) -> 0 | H16: =IFERROR(G16/D16,0) -> 0 | I16: =E16+G16 -> 0 | J16: =IFERROR(I16/D16,0) -> 0 | K16: 직접노무비의 *3.545% | M16: =ROUND(#REF!*0.03545,0) -> #REF! | N16: 0.03545
A17: 원 | C17: 연 금 보 험 료 | D17: 14890940 | F17: =IFERROR(E17/D17,0) -> 0 | H17: =IFERROR(G17/D17,0) -> 0 | I17: =E17+G17 -> 0 | J17: =IFERROR(I17/D17,0) -> 0 | K17: 직접노무비의 *4.5% | M17: =ROUND(#REF!*0.045,0) -> #REF! | N17: 0.045
C18: 노인장기요양보험료 | D18: 1519131 | F18: =IFERROR(E18/D18,0) -> 0 | H18: =IFERROR(G18/D18,0) -> 0 | I18: =E18+G18 -> 0 | J18: =IFERROR(I18/D18,0) -> 0 | K18: 건강보험료 *12.95% | M18: =ROUND(#REF!*0.1295,0) -> #REF! | N18: 0.1295
C19: 퇴직공제부금비 | D19: 7610925 | F19: =IFERROR(E19/D19,0) -> 0 | H19: =IFERROR(G19/D19,0) -> 0 | I19: =E19+G19 -> 0 | J19: =IFERROR(I19/D19,0) -> 0 | K19: 직접노무비의 * 2.3% | M19: =ROUND(#REF!*0.023,0) -> #REF! | N19: 0.023 | O19: 도급자관급 | P19: =내역서!H11 -> 86781280
C20: 기계대여대금지급보증수수료 | D20: 898390 | F20: =IFERROR(E20/D20,0) -> 0 | H20: =IFERROR(G20/D20,0) -> 0 | I20: =E20+G20 -> 0 | J20: =IFERROR(I20/D20,0) -> 0 | K20: (재료비+직노비+산경) *0.18% | N20: 0.0018 | O20: A | P20: =(D8+D9+P19/1.1)*N21 -> 5983902.1
A21: 가 | B21: 비 | C21: 안 전 관 리 비 | D21: 6531859 | F21: =IFERROR(E21/D21,0) -> 0 | G21: 3000000 | H21: =IFERROR(G21/D21,0) -> 0.45928732 | I21: =E21+G21 -> 3000000 | J21: =IFERROR(I21/D21,0) -> 0.45928732 | K21: (재료비+직노+도급자관급)*1.2%+3,250,000 | M21: =ROUND((#REF!+#REF!+#REF!)*0.012,0) -> #REF! | N21: 0.012 | O21: B | P21: =(((D8+D9)*N21)*1.2) -> 6044636.6
C22: 환 경 보 전 비 | D22: 1497317 | F22: =IFERROR(E22/D22,0) -> 0 | G22: 1400000 | H22: =IFERROR(G22/D22,0) -> 0.93500575 | I22: =E22+G22 -> 1400000 | J22: =IFERROR(I22/D22,0) -> 0.93500575 | K22: (재료비+직노비+산경) *0.3% | N22: 0.003
C23: 기 타 경 비 | D23: 25374045 | F23: =IFERROR(E23/D23,0) -> 0 | G23: =INT((G8+G11)*N23) -> 6513212 | H23: =IFERROR(G23/D23,0) -> 0.25668797 | I23: =E23+G23 -> 6513212 | J23: =IFERROR(I23/D23,0) -> 0.25668797 | K23: (재료비+노무비) *5.5% | N23: 0.055
C24: 하도급지급보증수수료 | D24: 404275 | F24: =IFERROR(E24/D24,0) -> 0 | H24: =IFERROR(G24/D24,0) -> 0 | I24: =E24+G24 -> 0 | J24: =IFERROR(I24/D24,0) -> 0 | K24: (재료비+직노비+산출경비) *0.081% | N24: 0.00081
C25: [ 소 계 ] | D25: =SUM(D12:D24) -> 164985302 | F25: =IFERROR(E25/D25,0) -> 0 | G25: =SUM(G12:G24) -> 47524265 | H25: =IFERROR(G25/D25,0) -> 0.28805151 | I25: =E25+G25 -> 47524265 | J25: =IFERROR(I25/D25,0) -> 0.28805151
A26: 계 | D26: =D8+D11+D25 -> 626331579 | F26: =IFERROR(E26/D26,0) -> 0 | G26: =INT(G8+G11+G25) -> 165946304 | H26: =IFERROR(G26/D26,0) -> 0.2649496 | I26: =E26+G26 -> 165946304 | J26: =IFERROR(I26/D26,0) -> 0.2649496
A27: 일 반 관 리 비 | D27: 37579894 | F27: =IFERROR(E27/D27,0) -> 0 | G27: =INT(G26*N27) -> 9956778 | H27: =IFERROR(G27/D27,0) -> 0.2649496 | I27: =E27+G27 -> 9956778 | J27: =IFERROR(I27/D27,0) -> 0.2649496 | K27: 계의 *6.0% | N27: 0.06
A28: 합 계 | D28: =D26+D27 -> 663911473 | F28: =IFERROR(E28/D28,0) -> 0 | G28: =INT(G26+G27) -> 175903082 | H28: =IFERROR(G28/D28,0) -> 0.2649496 | I28: =E28+G28 -> 175903082 | J28: =IFERROR(I28/D28,0) -> 0.2649496
A29: 이 윤 | D29: 80233982 | F29: =IFERROR(E29/D29,0) -> 0 | G29: =INT(((G11+G25+G27)*N29))-24997 -> 21896918 | H29: =IFERROR(G29/D29,0) -> 0.27291327 | I29: =E29+G29 -> 21896918 | J29: =IFERROR(I29/D29,0) -> 0.27291327 | K29: (노무비+경비+일반관리비) *15.0% | N29: 0.15
A30: 공 급 가 액 (총 원 가) | D30: =D28+D29 -> 7.4414545e+08 | F30: =IFERROR(E30/D30,0) -> 0 | G30: =SUM(G28:G29) -> 197800000 | H30: =IFERROR(G30/D30,0) -> 0.26580825 | I30: =E30+G30 -> 197800000 | J30: =IFERROR(I30/D30,0) -> 0.26580825
A31: 부 가 가 치 세 | D31: 74414545 | F31: =IFERROR(E31/D31,0) -> 0 | G31: =INT(G30*N31) -> 19780000 | H31: =IFERROR(G31/D31,0) -> 0.26580825 | I31: =E31+G31 -> 19780000 | J31: =IFERROR(I31/D31,0) -> 0.26580825 | K31: 공급가액의 *10.00% | N31: 0.1
A32: 도 급 액 | D32: =D30+D31 -> 8.1856e+08 | F32: =IFERROR(E32/D32,0) -> 0 | G32: =SUM(G30:G31) -> 217580000 | H32: =IFERROR(G32/D32,0) -> 0.26580825 | I32: =E32+G32 -> 217580000 | J32: =IFERROR(I32/D32,0) -> 0.26580825
A33: 관 급 자 재 비 | D33: 87240000 | F33: =IFERROR(E33/D33,0) -> 0 | G33: =G34+G35 -> 87240000 | I33: =I34+I35 -> 86781280
A34: 1) 도급자관급 | D34: 87240000 | F34: =IFERROR(E34/D34,0) -> 0 | G34: =내역서!F107 -> 87240000 | I34: =내역서!H107 -> 86781280
A35: 2) 관급자관급 | F35: =IFERROR(E35/D35,0) -> 0
A36: 총 공 사 비 | D36: 9.058e+08 | F36: =IFERROR(E36/D36,0) -> 0 | G36: =SUM(G32:G33) -> 304820000 | I36: =SUM(I32:I33) -> 304361280

Sheet 내역서
A1: 제1회 기성내역서 | BT1: 낙찰율조정 | BU1: =+[1]원가계산서!$M$1 -> 0.859356
A2: 공 종 명 | B2: 규 격 | C2: 단위 | D2: 수량 | E2: 도 급 금액 | G2: 도급단가 | M2: 전회기성 | P2: 금회기성 | S2: 금액 | V2: 누계기성 | Y2: 비고 | CA2: 합 계 | CC2: 재 료 비 | CE2: 노 무 비 | CG2: 경 비 | CI2: 비 고
E3: 단 가 | F3: 금 액 | G3: 재료비 | H3: 재료비금액 | I3: 노무비 | J3: 노무비금액 | K3: 경비 | L3: 경비금액 | M3: 수량 | N3: 금액 | O3: 비율(%) | P3: 수량 | Q3: 금액 | R3: 비율(%) | S3: 재료비 | T3: 노무비 | U3: 경비 | V3: 수량 | W3: 금액 | X3: 비율(%) | AE3: 할 증 | AF3: 화폐변환 | AG3: OP값 | AH3: EQ | AI3: LA | AJ3: MA | AK3: 금액계상 | CA3: 단 가 | CB3: 금 액 | CC3: 단 가 | CD3: 금 액 | CE3: 단 가 | CF3: 금 액 | CG3: 단 가 | CH3: 금 액
A4: ■ 고기근린공원(사회공헌) 조성공사 (토목) | C4: 식 | D4: 1 | F4: =H4+J4+L4 -> 499105800 | H4: =TRUNC(H5+H6+H7+H8,0) -> 128998292 | J4: =TRUNC(J5+J6+J7+J8,0) -> 290768141 | L4: =TRUNC(L5+L6+L7+L8,0) -> 79339367 | O4: =IFERROR(N4/F4,0) -> 0 | Q4: =SUM(S4:U4) -> 0 | R4: =IFERROR(Q4/F4,0) -> 0 | V4: =M4+P4 -> 0 | W4: =N4+Q4 -> 0 | X4: =IFERROR(W4/F4,0) -> 0 | Z4: 구미 천연가스 냉각탑 구조물공사(CC-02) | AA4: A | CB4: 534111775 | CD4: 131808974 | CF4: 285215447 | CH4: 117087354
A5: 1. 토공 및 철거공 | C5: 식 | D5: 1 | E5: =G5+I5+K5 -> 147855095 | F5: =H5+J5+L5 -> 147855095 | G5: =H13 -> 25872443 | H5: =TRUNC(G5*D5,0) -> 25872443 | I5: =J13 -> 87253547 | J5: =TRUNC(I5*D5,0) -> 87253547 | K5: =L13 -> 34729105 | L5: =TRUNC(K5*D5,0) -> 34729105 | O5: =IFERROR(N5/F5,0) -> 0 | Q5: =SUM(S5:U5) -> 43234623 | R5: =IFERROR(Q5/F5,0) -> 0.29241213 | S5: =S13 -> 6945193 | T5: =T13 -> 26468927 | U5: =U13 -> 9820503 | X5: =IFERROR(W5/F5,0) -> 0 | AB5: 10 | AD5: A01 | BU5: =HYPERLINK("#내역서!A12","A01 →") -> A01 → | CA5: 135927963 | CB5: 135927963 | CC5: 25228975 | CD5: 25228975 | CE5: 78917934 | CF5: 78917934 | CG5: 31781054 | CH5: 31781054
A6: 2. 우수,오수,상수공 | C6: 식 | D6: 1 | E6: =G6+I6+K6 -> 249127758 | F6: =H6+J6+L6 -> 249127758 | G6: =H30 -> 69934323 | H6: =TRUNC(G6*D6,0) -> 69934323 | I6: =J30 -> 169464217 | J6: =TRUNC(I6*D6,0) -> 169464217 | K6: =L30 -> 9729218 | L6: =TRUNC(K6*D6,0) -> 9729218 | O6: =IFERROR(N6/F6,0) -> 0 | Q6: =SUM(S6:U6) -> 63349207 | R6: =IFERROR(Q6/F6,0) -> 0.25428402 | S6: =S30 -> 22679324 | T6: =T30 -> 38487046 | U6: =U30 -> 2182837 | X6: =IFERROR(W6/F6,0) -> 0 | AB6: 20 | AD6: A02 | BU6: =HYPERLINK("#내역서!A28","A02 →") -> A02 → | CA6: 223387024 | CB6: 223387024 | CC6: 42285506 | CD6: 42285506 | CE6: 170530411 | CF6: 170530411 | CG6: 10571107 | CH6: 10571107
A7: 3. 포장공 | C7: 식 | D7: 1 | E7: =G7+I7+K7 -> 52288564 | F7: =H7+J7+L7 -> 52288564 | G7: =H75 -> 33012526 | H7: =TRUNC(G7*D7,0) -> 33012526 | I7: =J75 -> 17001377 | J7: =TRUNC(I7*D7,0) -> 17001377 | K7: =L75 -> 2274661 | L7: =TRUNC(K7*D7,0) -> 2274661 | O7: =IFERROR(N7/F7,0) -> 0 | Q7: =SUM(S7:U7) -> 0 | R7: =IFERROR(Q7/F7,0) -> 0 | S7: =S75 -> 0 | T7: =T75 -> 0 | U7: =U75 -> 0 | X7: =IFERROR(W7/F7,0) -> 0 | AB7: 30 | AD7: A03 | BU7: =HYPERLINK("#내역서!A70","A03 →") -> A03 → | CA7: 103918045 | CB7: 103918045 | CC7: 64294493 | CD7: 64294493 | CE7: 35767102 | CF7: 35767102 | CG7: 3856450 | CH7: 3856450
A8: 4. 부대공 | C8: 식 | D8: 1 | E8: =G8+I8+K8 -> 49834383 | F8: =H8+J8+L8 -> 49834383 | G8: =H96 -> 179000 | H8: =TRUNC(G8*D8,0) -> 179000 | I8: =J96 -> 17049000 | J8: =TRUNC(I8*D8,0) -> 17049000 | K8: =L96 -> 32606383 | L8: =TRUNC(K8*D8,0) -> 32606383 | O8: =IFERROR(N8/F8,0) -> 0 | Q8: =SUM(S8:U8) -> 33304440 | R8: =IFERROR(Q8/F8,0) -> 0.66830244 | S8: =S96 -> 132460 | T8: =T96 -> 12616260 | U8: =U96 -> 20555720 | X8: =IFERROR(W8/F8,0) -> 0 | AB8: 40 | AD8: A04 | BU8: =HYPERLINK("#내역서!A91","A04 →") -> A04 → | CA8: 70878743 | CB8: 70878743 | CC8: 0 | CD8: 0 | CE8: 0 | CF8: 0 | CG8: 70878743 | CH8: 70878743
A9: 직접공사비 | F9: =SUM(F5:F8) -> 499105800 | H9: =SUM(H5:H8) -> 128998292 | J9: =SUM(J5:J8) -> 290768141 | L9: =SUM(L5:L8) -> 79339367 | O9: =IFERROR(N9/F9,0) -> 0 | Q9: =SUM(S9:U9) -> 139888270 | R9: =IFERROR(Q9/F9,0) -> 0.28027779 | S9: =SUM(S5:S8) -> 29756977 | T9: =SUM(T5:T8) -> 77572233 | U9: =SUM(U5:U8) -> 32559060 | X9: =IFERROR(W9/F9,0) -> 0
E10: =G10+I10+K10 -> 0 | F10: =H10+J10+L10 -> 0 | H10: 0 | J10: 0 | L10: 0 | O10: =IFERROR(N10/F10,0) -> 0 | Q10: =SUM(S10:U10) -> 0 | R10: =IFERROR(Q10/F10,0) -> 0 | X10: =IFERROR(W10/F10,0) -> 0 | AB10: 50 | CA10: 0 | CB10: 0 | CD10: 0 | CF10: 0 | CH10: 0
A11: - 관급자재 - | C11: 식 | D11: 1 | E11: =G11+I11+K11 -> 87240000 | F11: =H11+J11+L11 -> 87240000 | G11: =H107 -> 86781280 | H11: =TRUNC(G11*D11,0) -> 86781280 | I11: =J107 -> 0 | J11: =TRUNC(I11*D11,0) -> 0 | K11: =L107 -> 458720 | L11: =TRUNC(K11*D11,0) -> 458720 | O11: =IFERROR(N11/F11,0) -> 0 | Q11: =SUM(S11:U11) -> 0 | R11: =IFERROR(Q11/F11,0) -> 0 | X11: =IFERROR(W11/F11,0) -> 0 | AB11: 60 | AC11: * | AD11: A05 | BU11: =HYPERLINK("#내역서!A101","A05 →") -> A05 → | CA11: 104870000 | CB11: 104870000 | CC11: 104311617 | CD11: 104311617 | CE11: 0 | CF11: 0 | CG11: 558383 | CH11: 558383
E12: =G12+I12+K12 -> 0 | F12: =H12+J12+L12 -> 0 | H12: 0 | J12: 0 | L12: 0 | O12: =IFERROR(N12/F12,0) -> 0 | Q12: =SUM(S12:U12) -> 0 | R12: =IFERROR(Q12/F12,0) -> 0 | X12: =IFERROR(W12/F12,0) -> 0 | AB12: 70 | AC12: S | CA12: 0 | CB12: 0 | CD12: 0 | CF12: 0 | CH12: 0
A13: 1. 토공 및 철거공 | C13: 식 | D13: 1 | F13: =H13+J13+L13 -> 147855095 | H13: =TRUNC(H14+H15+H16+H17+H18+H19+H20+H21+H22+H23+H24+H25+H26+H27+H28,0) -> 25872443 | J13: =TRUNC(J14+J15+J16+J17+J18+J19+J20+J21+J22+J23+J24+J25+J26+J27+J28,0) -> 87253547 | L13: =TRUNC(L14+L15+L16+L17+L18+L19+L20+L21+L22+L23+L24+L25+L26+L27+L28,0) -> 34729105 | O13: =IFERROR(N13/F13,0) -> 0 | Q13: =SUM(S13:U13) -> 43234623 | R13: =IFERROR(Q13/F13,0) -> 0.29241213 | S13: =TRUNC(S14+S15+S16+S17+S18+S19+S20+S21+S22+S23+S24+S25+S26+S27+S28,0) -> 6945193 | T13: =TRUNC(T14+T15+T16+T17+T18+T19+T20+T21+T22+T23+T24+T25+T26+T27+T28,0) -> 26468927 | U13: =TRUNC(U14+U15+U16+U17+U18+U19+U20+U21+U22+U23+U24+U25+U26+U27+U28,0) -> 9820503 | X13: =IFERROR(W13/F13,0) -> 0 | AA13: A01 | CB13: 135927963 | CD13: 25228975 | CF13: 78917934 | CH13: 31781054
A14: 흙깍기 | B14: 토사 | C14: M3 | D14: 4942 | E14: =G14+I14+K14 -> 1792 | F14: =H14+J14+L14 -> 8856064 | G14: 553 | H14: =TRUNC(G14*D14,0) -> 2732926 | I14: 781 | J14: =TRUNC(I14*D14,0) -> 3859702 | K14: 458 | L14: =TRUNC(K14*D14,0) -> 2263436 | O14: =IFERROR(N14/F14,0) -> 0 | P14: ='[2]토공 집계표'!$C$11 -> 1410.1371 | Q14: =SUM(S14:U14) -> 2526964 | R14: =IFERROR(Q14/F14,0) -> 0.28533714 | S14: =TRUNC(G14*P14,0) -> 779805 | T14: =TRUNC(I14*P14,0) -> 1101317 | U14: =TRUNC(K14*P14,0) -> 645842 | X14: =IFERROR(W14/F14,0) -> 0 | AB14: 10 | AD14: H00100200 | AF14: A | BU14: =HYPERLINK("#일위대가목록!A3","H00100200 →") -> H00100200 → | CA14: 2087 | CB14: 10313954 | CC14: 644 | CD14: 3182648 | CE14: 909 | CF14: 4492278 | CG14: 534 | CH14: 2639028 | CI14: No.1
A15: 흙쌓기 | B15: 주간(토사) | C15: M3 | D15: 2846 | E15: =G15+I15+K15 -> 1493 | F15: =H15+J15+L15 -> 4249078 | G15: 372 | H15: =TRUNC(G15*D15,0) -> 1058712 | I15: 807 | J15: =TRUNC(I15*D15,0) -> 2296722 | K15: 314 | L15: =TRUNC(K15*D15,0) -> 893644 | O15: =IFERROR(N15/F15,0) -> 0 | P15: ='[2]토공 집계표'!$D$11 -> 1120.0033 | Q15: =SUM(S15:U15) -> 1672164 | R15: =IFERROR(Q15/F15,0) -> 0.39353573 | S15: =TRUNC(G15*P15,0) -> 416641 | T15: =TRUNC(I15*P15,0) -> 903842 | U15: =TRUNC(K15*P15,0) -> 351681 | X15: =IFERROR(W15/F15,0) -> 0 | AB15: 20 | AD15: K1010240 | AF15: A | BU15: =HYPERLINK("#일위대가목록!A4","K1010240 →") -> K1010240 → | CA15: 1740 | CB15: 4952040 | CC15: 434 | CD15: 1235164 | CE15: 940 | CF15: 2675240 | CG15: 366 | CH15: 1041636 | CI15: No.2
A16: 흙쌓기 | B16: 주간(토사)(비다짐) | C16: M3 | D16: 3653 | E16: =G16+I16+K16 -> 447 | F16: =H16+J16+L16 -> 1632891 | G16: 138 | H16: =TRUNC(G16*D16,0) -> 504114 | I16: 195 | J16: =TRUNC(I16*D16,0) -> 712335 | K16: 114 | L16: =TRUNC(K16*D16,0) -> 416442 | O16: =IFERROR(N16/F16,0) -> 0 | P16: ='[2]토공 집계표'!$E$11 -> 127.53476 | Q16: =SUM(S16:U16) -> 57006 | R16: =IFERROR(Q16/F16,0) -> 0.034911087 | S16: =TRUNC(G16*P16,0) -> 17599 | T16: =TRUNC(I16*P16,0) -> 24869 | U16: =TRUNC(K16*P16,0) -> 14538 | X16: =IFERROR(W16/F16,0) -> 0 | AB16: 30 | AD16: K1010241 | AF16: A | BU16: =HYPERLINK("#일위대가목록!A5","K1010241 →") -> K1010241 → | CA16: 521 | CB16: 1903213 | CC16: 161 | CD16: 588133 | CE16: 227 | CF16: 829231 | CG16: 133 | CH16: 485849 | CI16: No.3
A17: 유용토운반 | B17: 주간(토사) | C17: M3 | D17: 3653 | E17: =G17+I17+K17 -> 1276 | F17: =H17+J17+L17 -> 4661228 | G17: 394 | H17: =TRUNC(G17*D17,0) -> 1439282 | I17: 556 | J17: =TRUNC(I17*D17,0) -> 2031068 | K17: 326 | L17: =TRUNC(K17*D17,0) -> 1190878 | O17: =IFERROR(N17/F17,0) -> 0 | P17: ='[2]토공 집계표'!$E$11 -> 127.53476 | Q17: =SUM(S17:U17) -> 162733 | R17: =IFERROR(Q17/F17,0) -> 0.034912045 | S17: =TRUNC(G17*P17,0) -> 50248 | T17: =TRUNC(I17*P17,0) -> 70909 | U17: =TRUNC(K17*P17,0) -> 41576 | X17: =IFERROR(W17/F17,0) -> 0 | AB17: 40 | AD17: K1010250 | AF17: A | BU17: =HYPERLINK("#일위대가목록!A6","K1010250 →") -> K1010250 → | CA17: 1487 | CB17: 5432011 | CC17: 459 | CD17: 1676727 | CE17: 648 | CF17: 2367144 | CG17: 380 | CH17: 1388140 | CI17: No.4
A18: 표토제거 | B18: (답외구간) | C18: M2 | D18: 53183 | E18: =G18+I18+K18 -> 215 | F18: =H18+J18+L18 -> 11434345 | G18: 85 | H18: =TRUNC(G18*D18,0) -> 4520555 | I18: 73 | J18: =TRUNC(I18*D18,0) -> 3882359 | K18: 57 | L18: =TRUNC(K18*D18,0) -> 3031431 | O18: =IFERROR(N18/F18,0) -> 0 | P18: ='[2]토공 집계표'!$F$11 -> 14395.46 | Q18: =SUM(S18:U18) -> 3095023 | R18: =IFERROR(Q18/F18,0) -> 0.27067777 | S18: =TRUNC(G18*P18,0) -> 1223614 | T18: =TRUNC(I18*P18,0) -> 1050868 | U18: =TRUNC(K18*P18,0) -> 820541 | X18: =IFERROR(W18/F18,0) -> 0 | AB18: 50 | AD18: SA00220 | AF18: A | BU18: =HYPERLINK("#일위대가목록!A7","SA00220 →") -> SA00220 → | CA18: 252 | CB18: 13402116 | CC18: 100 | CD18: 5318300 | CE18: 85 | CF18: 4520555 | CG18: 67 | CH18: 3563261 | CI18: No.5
A19: 벌개제근 | C19: M2 | D19: 53183 | E19: =G19+I19+K19 -> 414 | F19: =H19+J19+L19 -> 22017762 | G19: 26 | H19: =TRUNC(G19*D19,0) -> 1382758 | I19: 335 | J19: =TRUNC(I19*D19,0) -> 17816305 | K19: 53 | L19: =TRUNC(K19*D19,0) -> 2818699 | O19: =IFERROR(N19/F19,0) -> 0 | P19: ='[2]토공 집계표'!$G$11 -> 14395.46 | Q19: =SUM(S19:U19) -> 5959719 | R19: =IFERROR(Q19/F19,0) -> 0.27067778 | S19: =TRUNC(G19*P19,0) -> 374281 | T19: =TRUNC(I19*P19,0) -> 4822479 | U19: =TRUNC(K19*P19,0) -> 762959 | X19: =IFERROR(W19/F19,0) -> 0 | AB19: 60 | AD19: SA00230 | AF19: T | BU19: =HYPERLINK("#일위대가목록!A41","SA00230 →") -> SA00230 → | CA19: 483 | CB19: 25687389 | CC19: 31 | CD19: 1648673 | CE19: 390 | CF19: 20741370 | CG19: 62 | CH19: 3297346 | CI19: No.6
A20: 터파기(기계) | B20: 토사 | C20: M3 | D20: 39 | E20: =G20+I20+K20 -> 1374 | F20: =H20+J20+L20 -> 53586 | G20: 329 | H20: =TRUNC(G20*D20,0) -> 12831 | I20: 722 | J20: =TRUNC(I20*D20,0) -> 28158 | K20: 323 | L20: =TRUNC(K20*D20,0) -> 12597 | O20: =IFERROR(N20/F20,0) -> 0 | P20: ='[2]토공 집계표'!$H$11 -> 6.51 | Q20: =SUM(S20:U20) -> 8943 | R20: =IFERROR(Q20/F20,0) -> 0.16689061 | S20: =TRUNC(G20*P20,0) -> 2141 | T20: =TRUNC(I20*P20,0) -> 4700 | U20: =TRUNC(K20*P20,0) -> 2102 | X20: =IFERROR(W20/F20,0) -> 0 | AB20: 70 | AD20: K1020118 | AF20: A | BU20: =HYPERLINK("#일위대가목록!A8","K1020118 →") -> K1020118 → | CA20: 1600 | CB20: 62400 | CC20: 383 | CD20: 14937 | CE20: 841 | CF20: 32799 | CG20: 376 | CH20: 14664 | CI20: No.7
A21: 되메우기및다짐(기계) | B21: 토사 | C21: M3 | D21: 48 | E21: =G21+I21+K21 -> 11478 | F21: =H21+J21+L21 -> 550944 | G21: 908 | H21: =TRUNC(G21*D21,0) -> 43584 | I21: 9446 | J21: =TRUNC(I21*D21,0) -> 453408 | K21: 1124 | L21: =TRUNC(K21*D21,0) -> 53952 | O21: =IFERROR(N21/F21,0) -> 0 | P21: ='[2]토공 집계표'!$I$11 -> 7.97 | Q21: =SUM(S21:U21) -> 91478 | R21: =IFERROR(Q21/F21,0) -> 0.16603865 | S21: =TRUNC(G21*P21,0) -> 7236 | T21: =TRUNC(I21*P21,0) -> 75284 | U21: =TRUNC(K21*P21,0) -> 8958 | X21: =IFERROR(W21/F21,0) -> 0 | AB21: 80 | AD21: K1040213 | AF21: A | BU21: =HYPERLINK("#일위대가목록!A9","K1040213 →") -> K1040213 → | CA21: 13359 | CB21: 641232 | CC21: 1057 | CD21: 50736 | CE21: 10993 | CF21: 527664 | CG21: 1309 | CH21: 62832 | CI21: No.8
A22: 아스팔트 포장절단 | B22: 주간 | C22: M | D22: 548 | E22: =G22+I22+K22 -> 1804 | F22: =H22+J22+L22 -> 988592 | G22: 538 | H22: =TRUNC(G22*D22,0) -> 294824 | I22: 1224 | J22: =TRUNC(I22*D22,0) -> 670752 | K22: 42 | L22: =TRUNC(K22*D22,0) -> 23016 | O22: =IFERROR(N22/F22,0) -> 0 | P22: ='[2]토공 집계표'!$J$11 -> 30 | Q22: =SUM(S22:U22) -> 54120 | R22: =IFERROR(Q22/F22,0) -> 0.054744526 | S22: =TRUNC(G22*P22,0) -> 16140 | T22: =TRUNC(I22*P22,0) -> 36720 | U22: =TRUNC(K22*P22,0) -> 1260 | X22: =IFERROR(W22/F22,0) -> 0 | AB22: 90 | AD22: K2010110 | AF22: A | BU22: =HYPERLINK("#일위대가목록!A10","K2010110 →") -> K2010110 → | CA22: 2101 | CB22: 1151348 | CC22: 627 | CD22: 343596 | CE22: 1425 | CF22: 780900 | CG22: 49 | CH22: 26852 | CI22: No.9
A23: 아스팔트 깨기 | B23: 주간 | C23: M3 | D23: 127 | E23: =G23+I23+K23 -> 7163 | F23: =H23+J23+L23 -> 909701 | G23: 1056 | H23: =TRUNC(G23*D23,0) -> 134112 | I23: 4173 | J23: =TRUNC(I23*D23,0) -> 529971 | K23: 1934 | L23: =TRUNC(K23*D23,0) -> 245618 | O23: =IFERROR(N23/F23,0) -> 0 | P23: ='[2]토공 집계표'!$K$11 -> 78.15 | Q23: =SUM(S23:U23) -> 559787 | R23: =IFERROR(Q23/F23,0) -> 0.61535274 | S23: =TRUNC(G23*P23,0) -> 82526 | T23: =TRUNC(I23*P23,0) -> 326119 | U23: =TRUNC(K23*P23,0) -> 151142 | X23: =IFERROR(W23/F23,0) -> 0 | AB23: 100 | AD23: K2010210 | AF23: A | BU23: =HYPERLINK("#일위대가목록!A11","K2010210 →") -> K2010210 → | CA23: 8337 | CB23: 1058799 | CC23: 1229 | CD23: 156083 | CE23: 4857 | CF23: 616839 | CG23: 2251 | CH23: 285877 | CI23: No.10
A24: 콘크리트 포장절단 | B24: 주간 | C24: M | D24: 10 | E24: =G24+I24+K24 -> 1945 | F24: =H24+J24+L24 -> 19450 | G24: 556 | H24: =TRUNC(G24*D24,0) -> 5560 | I24: 1344 | J24: =TRUNC(I24*D24,0) -> 13440 | K24: 45 | L24: =TRUNC(K24*D24,0) -> 450 | O24: =IFERROR(N24/F24,0) -> 0 | P24: ='[2]토공 집계표'!$L$11 -> 10 | Q24: =SUM(S24:U24) -> 19450 | R24: =IFERROR(Q24/F24,0) -> 1 | S24: =TRUNC(G24*P24,0) -> 5560 | T24: =TRUNC(I24*P24,0) -> 13440 | U24: =TRUNC(K24*P24,0) -> 450 | X24: =IFERROR(W24/F24,0) -> 0 | AB24: 110 | AD24: K2010120 | AF24: A | BU24: =HYPERLINK("#일위대가목록!A12","K2010120 →") -> K2010120 → | CA24: 2265 | CB24: 22650 | CC24: 647 | CD24: 6470 | CE24: 1565 | CF24: 15650 | CG24: 53 | CH24: 530 | CI24: No.11
A25: 철근콘크리트 깨기 | B25: 30cm미만 | C25: M3 | D25: 1049 | E25: =G25+I25+K25 -> 46845 | F25: =H25+J25+L25 -> 49140405 | G25: 6899 | H25: =TRUNC(G25*D25,0) -> 7237051 | I25: 27272 | J25: =TRUNC(I25*D25,0) -> 28608328 | K25: 12674 | L25: =TRUNC(K25*D25,0) -> 13295026 | O25: =IFERROR(N25/F25,0) -> 0 | P25: ='[2]토공 집계표'!$M$11 -> 52.056329 | Q25: =SUM(S25:U25) -> 2438577 | R25: =IFERROR(Q25/F25,0) -> 0.049624683 | S25: =TRUNC(G25*P25,0) -> 359136 | T25: =TRUNC(I25*P25,0) -> 1419680 | U25: =TRUNC(K25*P25,0) -> 659761 | X25: =IFERROR(W25/F25,0) -> 0 | AB25: 120 | AD25: K2010330 | AF25: A | BU25: =HYPERLINK("#일위대가목록!A13","K2010330 →") -> K2010330 → | CA25: 54514 | CB25: 57185186 | CC25: 8029 | CD25: 8422421 | CE25: 31736 | CF25: 33291064 | CG25: 14749 | CH25: 15471701 | CI25: No.12
A26: 무근콘크리트 깨기 | B26: 30cm미만 | C26: M3 | D26: 720.72 | E26: =G26+I26+K26 -> 28374 | F26: =H26+J26+L26 -> 20449708 | G26: 3674 | H26: =TRUNC(G26*D26,0) -> 2647925 | I26: 17947 | J26: =TRUNC(I26*D26,0) -> 12934761 | K26: 6753 | L26: =TRUNC(K26*D26,0) -> 4867022 | O26: =IFERROR(N26/F26,0) -> 0 | P26: ='[2]토공 집계표'!$N$11 -> 538 | Q26: =SUM(S26:U26) -> 15265212 | R26: =IFERROR(Q26/F26,0) -> 0.74647579 | S26: =TRUNC(G26*P26,0) -> 1976612 | T26: =TRUNC(I26*P26,0) -> 9655486 | U26: =TRUNC(K26*P26,0) -> 3633114 | X26: =IFERROR(W26/F26,0) -> 0 | AB26: 130 | AD26: K2010310 | AF26: A | BU26: =HYPERLINK("#일위대가목록!A14","K2010310 →") -> K2010310 → | CA26: 33020 | CB26: 2542540 | CC26: 4276 | CD26: 329252 | CE26: 20885 | CF26: 1608145 | CG26: 7859 | CH26: 605143 | CI26: No.13
A27: 자연석철거 | B27: 6-8목 | D27: 324.9 | E27: =G27+I27+K27 -> 28374 | F27: =H27+J27+L27 -> 9218711 | G27: 3674 | H27: =TRUNC(G27*D27,0) -> 1193682 | I27: 17947 | J27: =TRUNC(I27*D27,0) -> 5830980 | K27: 6753 | L27: =TRUNC(K27*D27,0) -> 2194049 | O27: =IFERROR(N27/F27,0) -> 0 | P27: ='[2]철거공 집계표'!$J$16 -> 308.84 | Q27: =SUM(S27:U27) -> 8763025 | R27: =IFERROR(Q27/F27,0) -> 0.95056945 | S27: =TRUNC(G27*P27,0) -> 1134678 | T27: =TRUNC(I27*P27,0) -> 5542751 | U27: =TRUNC(K27*P27,0) -> 2085596 | X27: =IFERROR(W27/F27,0) -> 0
A28: 폐기물적재 | B28: 주간 | C28: M3 | D28: 2083.2899 | E28: =G28+I28+K28 -> 6563 | F28: =H28+J28+L28 -> 13672630 | G28: 1279 | H28: =TRUNC(G28*D28,0) -> 2664527 | I28: 3641 | J28: =TRUNC(I28*D28,0) -> 7585258 | K28: 1643 | L28: =TRUNC(K28*D28,0) -> 3422845 | O28: =IFERROR(N28/F28,0) -> 0 | P28: ='[2]토공 집계표'!$R$11 -> 390.13008 | Q28: =SUM(S28:U28) -> 2560422 | R28: =IFERROR(Q28/F28,0) -> 0.18726624 | S28: =TRUNC(G28*P28,0) -> 498976 | T28: =TRUNC(I28*P28,0) -> 1420463 | U28: =TRUNC(K28*P28,0) -> 640983 | X28: =IFERROR(W28/F28,0) -> 0 | AB28: 140 | AD28: K2010500 | AF28: A | BU28: =HYPERLINK("#일위대가목록!A15","K2010500 →") -> K2010500 → | CA28: 7639 | CB28: 11573085 | CC28: 1489 | CD28: 2255835 | CE28: 4237 | CF28: 6419055 | CG28: 1913 | CH28: 2898195 | CI28: No.14
E29: =G29+I29+K29 -> 0 | F29: =H29+J29+L29 -> 0 | H29: 0 | J29: 0 | L29: 0 | O29: =IFERROR(N29/F29,0) -> 0 | Q29: =SUM(S29:U29) -> 0 | R29: =IFERROR(Q29/F29,0) -> 0 | S29: =TRUNC(G29*P29,0) -> 0 | T29: =TRUNC(I29*P29,0) -> 0 | U29: =TRUNC(K29*P29,0) -> 0 | X29: =IFERROR(W29/F29,0) -> 0 | AB29: 160 | CA29: 0 | CB29: 0 | CD29: 0 | CF29: 0 | CH29: 0
A30: 2. 우수,오수,상수공 | C30: 식 | D30: 1 | F30: =H30+J30+L30 -> 249127758 | H30: =SUM(H31:H72) -> 69934323 | J30: =SUM(J31:J72) -> 169464217 | L30: =SUM(L31:L72) -> 9729218 | O30: =IFERROR(N30/F30,0) -> 0 | Q30: =SUM(S30:U30) -> 63349207 | R30: =IFERROR(Q30/F30,0) -> 0.25428402 | S30: =SUM(S31:S72) -> 22679324 | T30: =SUM(T31:T72) -> 38487046 | U30: =SUM(U31:U72) -> 2182837 | X30: =IFERROR(W30/F30,0) -> 0 | AA30: A02 | AL30: =H31+H32+H33+H34+H35+H36+H37+H38+H39+H40+H41+H42+H43+H44+H45+H46+H47+H48+H49+H51+H52+H54+H55+H56+H57+H58+H59+H60+H62+H63+H64+H65+H66+H67+H68+H69+H70 -> 62431907 | AM30: =J31+J32+J33+J34+J35+J36+J37+J38+J39+J40+J41+J42+J43+J44+J45+J46+J47+J48+J49+J51+J52+J54+J55+J56+J57+J58+J59+J60+J62+J63+J64+J65+J66+J67+J68+J69+J70 -> 167075637 | AN30: =L31+L32+L33+L34+L35+L36+L37+L38+L39+L40+L41+L42+L43+L44+L45+L46+L47+L48+L49+L51+L52+L54+L55+L56+L57+L58+L59+L60+L62+L63+L64+L65+L66+L67+L68+L69+L70 -> 9669334 | CB30: 223387024 | CD30: 42285506 | CF30: 170530411 | CH30: 10571107
A31: 터파기(기계) | B31: 토사 | C31: M3 | D31: 3318.57 | E31: =G31+I31+K31 -> 1374 | F31: =H31+J31+L31 -> 4559714 | G31: 329 | H31: =TRUNC(G31*D31,0) -> 1091809 | I31: 722 | J31: =TRUNC(I31*D31,0) -> 2396007 | K31: 323 | L31: =TRUNC(K31*D31,0) -> 1071898 | O31: =IFERROR(N31/F31,0) -> 0 | P31: =[3]배수공집계표!$C$45 -> 948.46 | Q31: =SUM(S31:U31) -> 1303183 | R31: =IFERROR(Q31/F31,0) -> 0.28580367 | S31: =TRUNC(G31*P31,0) -> 312043 | T31: =TRUNC(I31*P31,0) -> 684788 | U31: =TRUNC(K31*P31,0) -> 306352 | X31: =IFERROR(W31/F31,0) -> 0 | AB31: 10 | AD31: K1020118 | AF31: A | AL31: =H71+H72 -> 14976 | AM31: =J71+J72 -> 164058 | AN31: =L71+L72 -> 0 | BU31: =HYPERLINK("#일위대가목록!A8","K1020118 →") -> K1020118 → | CA31: 1600 | CB31: 4000000 | CC31: 383 | CD31: 957500 | CE31: 841 | CF31: 2102500 | CG31: 376 | CH31: 940000 | CI31: No.7
A32: 터파기(인력) | B32: 토사 | C32: M | D32: 680.23 | E32: =G32+I32+K32 -> 37331 | F32: =H32+J32+L32 -> 25393666 | G32: 0 | H32: =TRUNC(G32*D32,0) -> 0 | I32: 37331 | J32: =TRUNC(I32*D32,0) -> 25393666 | K32: 0 | L32: =TRUNC(K32*D32,0) -> 0 | O32: =IFERROR(N32/F32,0) -> 0 | P32: =[3]배수공집계표!$D$45 -> 246.26 | Q32: =SUM(S32:U32) -> 9193132 | R32: =IFERROR(Q32/F32,0) -> 0.36202461 | S32: =TRUNC(G32*P32,0) -> 0 | T32: =TRUNC(I32*P32,0) -> 9193132 | U32: =TRUNC(K32*P32,0) -> 0 | X32: =IFERROR(W32/F32,0) -> 0 | AB32: 20 | AD32: H1021200000 | AF32: T | BU32: =HYPERLINK("#일위대가목록!A42","H1021200000 →") -> H1021200000 → | CA32: 43441 | CB32: 19027158 | CC32: 0 | CD32: 0 | CE32: 43441 | CF32: 19027158 | CG32: 0 | CH32: 0 | CI32: No.15
A33: 흙쌓기 | B33: 주간(토사)(비다짐) | C33: M3 | D33: 706.68 | E33: =G33+I33+K33 -> 447 | F33: =H33+J33+L33 -> 315884 | G33: 138 | H33: =TRUNC(G33*D33,0) -> 97521 | I33: 195 | J33: =TRUNC(I33*D33,0) -> 137802 | K33: 114 | L33: =TRUNC(K33*D33,0) -> 80561 | O33: =IFERROR(N33/F33,0) -> 0 | P33: =[3]배수공집계표!$E$45 -> 197.26 | Q33: =SUM(S33:U33) -> 88173 | R33: =IFERROR(Q33/F33,0) -> 0.27913095 | S33: =TRUNC(G33*P33,0) -> 27221 | T33: =TRUNC(I33*P33,0) -> 38465 | U33: =TRUNC(K33*P33,0) -> 22487 | X33: =IFERROR(W33/F33,0) -> 0 | AB33: 30 | AD33: K1010241 | AF33: A | BU33: =HYPERLINK("#일위대가목록!A5","K1010241 →") -> K1010241 → | CA33: 521 | CB33: 295928 | CC33: 161 | CD33: 91448 | CE33: 227 | CF33: 128936 | CG33: 133 | CH33: 75544 | CI33: No.3
A34: 유용토운반 | B34: 주간(토사) | C34: M3 | D34: 706.68 | E34: =G34+I34+K34 -> 1276 | F34: =H34+J34+L34 -> 901722 | G34: 394 | H34: =TRUNC(G34*D34,0) -> 278431 | I34: 556 | J34: =TRUNC(I34*D34,0) -> 392914 | K34: 326 | L34: =TRUNC(K34*D34,0) -> 230377 | O34: =IFERROR(N34/F34,0) -> 0 | P34: =[3]배수공집계표!$E$45 -> 197.26 | Q34: =SUM(S34:U34) -> 251702 | R34: =IFERROR(Q34/F34,0) -> 0.27913481 | S34: =TRUNC(G34*P34,0) -> 77720 | T34: =TRUNC(I34*P34,0) -> 109676 | U34: =TRUNC(K34*P34,0) -> 64306 | X34: =IFERROR(W34/F34,0) -> 0 | AB34: 40 | AD34: K1010250 | AF34: A | BU34: =HYPERLINK("#일위대가목록!A6","K1010250 →") -> K1010250 → | CA34: 1487 | CB34: 844616 | CC34: 459 | CD34: 260712 | CE34: 648 | CF34: 368064 | CG34: 380 | CH34: 215840 | CI34: No.4
A35: 되메우기및다짐(기계) | B35: 토사 | C35: M3 | D35: 2723.82 | E35: =G35+I35+K35 -> 11478 | F35: =H35+J35+L35 -> 31264004 | G35: 908 | H35: =TRUNC(G35*D35,0) -> 2473228 | I35: 9446 | J35: =TRUNC(I35*D35,0) -> 25729203 | K35: 1124 | L35: =TRUNC(K35*D35,0) -> 3061573 | O35: =IFERROR(N35/F35,0) -> 0 | P35: =[3]배수공집계표!$F$45 -> 790.7 | Q35: =SUM(S35:U35) -> 9075653 | R35: =IFERROR(Q35/F35,0) -> 0.29029081 | S35: =TRUNC(G35*P35,0) -> 717955 | T35: =TRUNC(I35*P35,0) -> 7468952 | U35: =TRUNC(K35*P35,0) -> 888746 | X35: =IFERROR(W35/F35,0) -> 0 | AB35: 50 | AD35: K1040213 | AF35: A | BU35: =HYPERLINK("#일위대가목록!A9","K1040213 →") -> K1040213 → | CA35: 13359 | CB35: 26731359 | CC35: 1057 | CD35: 2115057 | CE35: 10993 | CF35: 21996993 | CG35: 1309 | CH35: 2619309 | CI35: No.8
A36: 되메우기및다짐(인력) | B36: 토사 | C36: M3 | D36: 568.29 | E36: =G36+I36+K36 -> 22664 | F36: =H36+J36+L36 -> 12879723 | G36: 554 | H36: =TRUNC(G36*D36,0) -> 314832 | I36: 21363 | J36: =TRUNC(I36*D36,0) -> 12140379 | K36: 747 | L36: =TRUNC(K36*D36,0) -> 424512 | O36: =IFERROR(N36/F36,0) -> 0 | P36: =[3]배수공집계표!$G$45 -> 206.76 | Q36: =SUM(S36:U36) -> 4686007 | R36: =IFERROR(Q36/F36,0) -> 0.36382824 | S36: =TRUNC(G36*P36,0) -> 114545 | T36: =TRUNC(I36*P36,0) -> 4417013 | U36: =TRUNC(K36*P36,0) -> 154449 | X36: =IFERROR(W36/F36,0) -> 0 | AB36: 60 | AD36: K1040214 | AF36: A | BU36: =HYPERLINK("#일위대가목록!A16","K1040214 →") -> K1040214 → | CA36: 26375 | CB36: 9732375 | CC36: 645 | CD36: 238005 | CE36: 24860 | CF36: 9173340 | CG36: 870 | CH36: 321030 | CI36: No.16
A37: 기초잡석부설및다짐 | C37: M3 | D37: 101.72 | E37: =G37+I37+K37 -> 34190 | F37: =H37+J37+L37 -> 3477805 | G37: 23880 | H37: =TRUNC(G37*D37,0) -> 2429073 | I37: 9294 | J37: =TRUNC(I37*D37,0) -> 945385 | K37: 1016 | L37: =TRUNC(K37*D37,0) -> 103347 | O37: =IFERROR(N37/F37,0) -> 0 | P37: =[3]배수공집계표!$H$45 -> 15.28 | Q37: =SUM(S37:U37) -> 522422 | R37: =IFERROR(Q37/F37,0) -> 0.15021601 | S37: =TRUNC(G37*P37,0) -> 364886 | T37: =TRUNC(I37*P37,0) -> 142012 | U37: =TRUNC(K37*P37,0) -> 15524 | X37: =IFERROR(W37/F37,0) -> 0 | AB37: 70 | AD37: K2030210 | AF37: T | BU37: =HYPERLINK("#일위대가목록!A43","K2030210 →") -> K2030210 → | CA37: 39788 | CB37: 4893924 | CC37: 27789 | CD37: 3418047 | CE37: 10816 | CF37: 1330368 | CG37: 1183 | CH37: 145509 | CI37: No.17
A38: 모래채움및다짐 | C38: M3 | D38: 186.53 | E38: =G38+I38+K38 -> 47173 | F38: =H38+J38+L38 -> 8799179 | G38: 42722 | H38: =TRUNC(G38*D38,0) -> 7968934 | I38: 4051 | J38: =TRUNC(I38*D38,0) -> 755633 | K38: 400 | L38: =TRUNC(K38*D38,0) -> 74612 | O38: =IFERROR(N38/F38,0) -> 0 | P38: =[3]배수공집계표!$I$45 -> 73.89 | Q38: =SUM(S38:U38) -> 3485612 | R38: =IFERROR(Q38/F38,0) -> 0.39612923 | S38: =TRUNC(G38*P38,0) -> 3156728 | T38: =TRUNC(I38*P38,0) -> 299328 | U38: =TRUNC(K38*P38,0) -> 29556 | X38: =IFERROR(W38/F38,0) -> 0 | AB38: 80 | AD38: K1050214-1 | AF38: A | BU38: =HYPERLINK("#일위대가목록!A17","K1050214-1 →") -> K1050214-1 → | CA38: 54894 | CB38: 3403428 | CC38: 49714 | CD38: 3082268 | CE38: 4714 | CF38: 292268 | CG38: 466 | CH38: 28892 | CI38: No.18
A39: CON'C 타설(굴삭기) | B39: 무근 | C39: M3 | D39: 66.16 | E39: =G39+I39+K39 -> 24221 | F39: =H39+J39+L39 -> 1602460 | G39: 2146 | H39: =TRUNC(G39*D39,0) -> 141979 | I39: 19290 | J39: =TRUNC(I39*D39,0) -> 1276226 | K39: 2785 | L39: =TRUNC(K39*D39,0) -> 184255 | O39: =IFERROR(N39/F39,0) -> 0 | P39: =[3]배수공집계표!$J$45 -> 8.94 | Q39: =SUM(S39:U39) -> 216534 | R39: =IFERROR(Q39/F39,0) -> 0.13512599 | S39: =TRUNC(G39*P39,0) -> 19185 | T39: =TRUNC(I39*P39,0) -> 172452 | U39: =TRUNC(K39*P39,0) -> 24897 | X39: =IFERROR(W39/F39,0) -> 0 | AB39: 90 | AD39: K3021812 | AF39: A | BU39: =HYPERLINK("#일위대가목록!A18","K3021812 →") -> K3021812 → | CA39: 28187 | CB39: 2226773 | CC39: 2498 | CD39: 197342 | CE39: 22448 | CF39: 1773392 | CG39: 3241 | CH39: 256039 | CI39: No.19
A40: CON'C 타설(펌프차) | B40: 철근 | C40: M3 | D40: 128.33 | E40: =G40+I40+K40 -> 29433 | F40: =H40+J40+L40 -> 3777135 | G40: 2433 | H40: =TRUNC(G40*D40,0) -> 312226 | I40: 21892 | J40: =TRUNC(I40*D40,0) -> 2809400 | K40: 5108 | L40: =TRUNC(K40*D40,0) -> 655509 | O40: =IFERROR(N40/F40,0) -> 0 | P40: =[3]배수공집계표!$K$45 -> 25.66 | Q40: =SUM(S40:U40) -> 755249 | R40: =IFERROR(Q40/F40,0) -> 0.19995287 | S40: =TRUNC(G40*P40,0) -> 62430 | T40: =TRUNC(I40*P40,0) -> 561748 | U40: =TRUNC(K40*P40,0) -> 131071 | X40: =IFERROR(W40/F40,0) -> 0 | AB40: 100 | AD40: K3032412 | AF40: A | BU40: =HYPERLINK("#일위대가목록!A19","K3032412 →") -> K3032412 → | CA40: 34252 | CB40: 4692524 | CC40: 2832 | CD40: 387984 | CE40: 25476 | CF40: 3490212 | CG40: 5944 | CH40: 814328 | CI40: No.20
A41: 유 로 폼 | B41: 보통 | C41: M2 | D41: 1002.56 | E41: =G41+I41+K41 -> 35634 | F41: =H41+J41+L41 -> 35725222 | G41: 3574 | H41: =TRUNC(G41*D41,0) -> 3583149 | I41: 31127 | J41: =TRUNC(I41*D41,0) -> 31206685 | K41: 933 | L41: =TRUNC(K41*D41,0) -> 935388 | O41: =IFERROR(N41/F41,0) -> 0 | P41: =[3]배수공집계표!$L$45 -> 226.86 | Q41: =SUM(S41:U41) -> 8083928 | R41: =IFERROR(Q41/F41,0) -> 0.22628069 | S41: =TRUNC(G41*P41,0) -> 810797 | T41: =TRUNC(I41*P41,0) -> 7061471 | U41: =TRUNC(K41*P41,0) -> 211660 | X41: =IFERROR(W41/F41,0) -> 0 | AB41: 130 | AD41: K3060150 | AF41: A | BU41: =HYPERLINK("#일위대가목록!A20","K3060150 →") -> K3060150 → | CA41: 41468 | CB41: 41011852 | CC41: 4160 | CD41: 4114240 | CE41: 36222 | CF41: 35823558 | CG41: 1086 | CH41: 1074054 | CI41: No.21
A42: 합판거푸집 | B42: 4회 | C42: M2 | D42: 176.42 | E42: =G42+I42+K42 -> 44444 | F42: =H42+J42+L42 -> 7840809 | G42: 11479 | H42: =TRUNC(G42*D42,0) -> 2025125 | I42: 32640 | J42: =TRUNC(I42*D42,0) -> 5758348 | K42: 325 | L42: =TRUNC(K42*D42,0) -> 57336 | O42: =IFERROR(N42/F42,0) -> 0 | P42: =[3]배수공집계표!$M$45 -> 40.73 | Q42: =SUM(S42:U42) -> 1810203 | R42: =IFERROR(Q42/F42,0) -> 0.23086942 | S42: =TRUNC(G42*P42,0) -> 467539 | T42: =TRUNC(I42*P42,0) -> 1329427 | U42: =TRUNC(K42*P42,0) -> 13237 | X42: =IFERROR(W42/F42,0) -> 0 | AB42: 140 | AD42: K3060114 | AF42: T | BU42: =HYPERLINK("#일위대가목록!A44","K3060114 →") -> K3060114 → | CA42: 51719 | CB42: 9774891 | CC42: 13358 | CD42: 2524662 | CE42: 37982 | CF42: 7178598 | CG42: 379 | CH42: 71631 | CI42: No.22
A43: 합판거푸집 | B43: 6회 | C43: M2 | D43: 178.23 | E43: =G43+I43+K43 -> 39832 | F43: =H43+J43+L43 -> 7099256 | G43: 10156 | H43: =TRUNC(G43*D43,0) -> 1810103 | I43: 29383 | J43: =TRUNC(I43*D43,0) -> 5236932 | K43: 293 | L43: =TRUNC(K43*D43,0) -> 52221 | O43: =IFERROR(N43/F43,0) -> 0 | P43: =[3]배수공집계표!$N$45 -> 28.1 | Q43: =SUM(S43:U43) -> 1119278 | R43: =IFERROR(Q43/F43,0) -> 0.15766131 | S43: =TRUNC(G43*P43,0) -> 285383 | T43: =TRUNC(I43*P43,0) -> 825662 | U43: =TRUNC(K43*P43,0) -> 8233 | X43: =IFERROR(W43/F43,0) -> 0 | AB43: 150 | AD43: K3060116 | AF43: T | BU43: =HYPERLINK("#일위대가목록!A45","K3060116 →") -> K3060116 → | CA43: 46353 | CB43: 9919542 | CC43: 11819 | CD43: 2529266 | CE43: 34193 | CF43: 7317302 | CG43: 341 | CH43: 72974 | CI43: No.23
A44: 철근 가공조립 | B44: Type-Ⅰ | C44: TON | D44: 6.908 | E44: =G44+I44+K44 -> 826348 | F44: =H44+J44+L44 -> 5708410 | G44: 11893 | H44: =TRUNC(G44*D44,0) -> 82156 | I44: 798486 | J44: =TRUNC(I44*D44,0) -> 5515941 | K44: 15969 | L44: =TRUNC(K44*D44,0) -> 110313 | O44: =IFERROR(N44/F44,0) -> 0 | P44: =[3]배수공집계표!$O$45 -> 1.008 | Q44: =SUM(S44:U44) -> 832957 | R44: =IFERROR(Q44/F44,0) -> 0.14591751 | S44: =TRUNC(G44*P44,0) -> 11988 | T44: =TRUNC(I44*P44,0) -> 804873 | U44: =TRUNC(K44*P44,0) -> 16096 | X44: =IFERROR(W44/F44,0) -> 0 | AB44: 160 | AD44: K3061110 | AF44: T | BU44: =HYPERLINK("#일위대가목록!A46","K3061110 →") -> K3061110 → | CA44: 961592 | CB44: 7610999 | CC44: 13840 | CD44: 109543 | CE44: 929169 | CF44: 7354372 | CG44: 18583 | CH44: 147084 | CI44: No.24
A45: 흄관 접합및부설 | B45: D=300MM | C45: M | D45: 20 | E45: =G45+I45+K45 -> 47903 | F45: =H45+J45+L45 -> 958060 | G45: 2920 | H45: =TRUNC(G45*D45,0) -> 58400 | I45: 38993 | J45: =TRUNC(I45*D45,0) -> 779860 | K45: 5990 | L45: =TRUNC(K45*D45,0) -> 119800 | O45: =IFERROR(N45/F45,0) -> 0 | P45: =[3]배수공집계표!$E$89 -> 0 | Q45: =SUM(S45:U45) -> 0 | R45: =IFERROR(Q45/F45,0) -> 0 | S45: =TRUNC(G45*P45,0) -> 0 | T45: =TRUNC(I45*P45,0) -> 0 | U45: =TRUNC(K45*P45,0) -> 0 | X45: =IFERROR(W45/F45,0) -> 0 | AB45: 200 | AD45: K5011030 | AF45: T | BU45: =HYPERLINK("#일위대가목록!A47","K5011030 →") -> K5011030 → | CA45: 55744 | CB45: 6020352 | CC45: 3398 | CD45: 366984 | CE45: 45375 | CF45: 4900500 | CG45: 6971 | CH45: 752868 | CI45: No.25
A46: 흄관 접합및부설 | B46: D=450MM | C46: M | D46: 127 | E46: =G46+I46+K46 -> 67926 | F46: =H46+J46+L46 -> 8626602 | G46: 4022 | H46: =TRUNC(G46*D46,0) -> 510794 | I46: 56793 | J46: =TRUNC(I46*D46,0) -> 7212711 | K46: 7111 | L46: =TRUNC(K46*D46,0) -> 903097 | O46: =IFERROR(N46/F46,0) -> 0 | P46: =[3]배수공집계표!$F$89 -> 11 | Q46: =SUM(S46:U46) -> 747186 | R46: =IFERROR(Q46/F46,0) -> 0.086614173 | S46: =TRUNC(G46*P46,0) -> 44242 | T46: =TRUNC(I46*P46,0) -> 624723 | U46: =TRUNC(K46*P46,0) -> 78221 | X46: =IFERROR(W46/F46,0) -> 0 | AB46: 210 | AD46: K5011045 | AF46: T | BU46: =HYPERLINK("#일위대가목록!A48","K5011045 →") -> K5011045 → | CA46: 79045 | CB46: 11935795 | CC46: 4681 | CD46: 706831 | CE46: 66089 | CF46: 9979439 | CG46: 8275 | CH46: 1249525 | CI46: No.26
A47: 흄관 접합및부설 | B47: D=500MM | C47: M | D47: 33 | E47: =G47+I47+K47 -> 74711 | F47: =H47+J47+L47 -> 2465463 | G47: 4500 | H47: =TRUNC(G47*D47,0) -> 148500 | I47: 62727 | J47: =TRUNC(I47*D47,0) -> 2069991 | K47: 7484 | L47: =TRUNC(K47*D47,0) -> 246972 | O47: =IFERROR(N47/F47,0) -> 0 | P47: =[3]배수공집계표!$G$89 -> 13.5 | Q47: =SUM(S47:U47) -> 1008598 | R47: =IFERROR(Q47/F47,0) -> 0.40909071 | S47: =TRUNC(G47*P47,0) -> 60750 | T47: =TRUNC(I47*P47,0) -> 846814 | U47: =TRUNC(K47*P47,0) -> 101034 | X47: =IFERROR(W47/F47,0) -> 0 | AB47: 220 | AD47: K5011050 | AF47: T | BU47: =HYPERLINK("#일위대가목록!A49","K5011050 →") -> K5011050 → | CA47: 86941 | CB47: 4781755 | CC47: 5237 | CD47: 288035 | CE47: 72994 | CF47: 4014670 | CG47: 8710 | CH47: 479050 | CI47: No.27
A48: 흄관 접합및부설 | B48: D=1000MM | C48: M | D48: 7.5 | E48: =G48+I48+K48 -> 144707 | F48: =H48+J48+L48 -> 1085302 | G48: 9316 | H48: =TRUNC(G48*D48,0) -> 69870 | I48: 122063 | J48: =TRUNC(I48*D48,0) -> 915472 | K48: 13328 | L48: =TRUNC(K48*D48,0) -> 99960 | O48: =IFERROR(N48/F48,0) -> 0 | P48: =[3]배수공집계표!$H$89 -> 0 | Q48: =SUM(S48:U48) -> 0 | R48: =IFERROR(Q48/F48,0) -> 0 | S48: =TRUNC(G48*P48,0) -> 0 | T48: =TRUNC(I48*P48,0) -> 0 | U48: =TRUNC(K48*P48,0) -> 0 | X48: =IFERROR(W48/F48,0) -> 0 | AB48: 230 | AD48: K5011100 | AF48: T | BU48: =HYPERLINK("#일위대가목록!A50","K5011100 →") -> K5011100 → | CA48: 168392 | CB48: 841960 | CC48: 10841 | CD48: 54205 | CE48: 142041 | CF48: 710205 | CG48: 15510 | CH48: 77550 | CI48: No.28
A49: PE관 설치(우수) | B49: Φ450(PE이중벽관) | C49: M | D49: 405 | E49: =G49+I49+K49 -> 87835 | F49: =H49+J49+L49 -> 35573175 | G49: 70606 | H49: =TRUNC(G49*D49,0) -> 28595430 | I49: 16728 | J49: =TRUNC(I49*D49,0) -> 6774840 | K49: 501 | L49: =TRUNC(K49*D49,0) -> 202905 | O49: =IFERROR(N49/F49,0) -> 0 | P49: =[3]배수공집계표!$I$89 -> 222 | Q49: =SUM(S49:U49) -> 19499370 | R49: =IFERROR(Q49/F49,0) -> 0.54814815 | S49: =TRUNC(G49*P49,0) -> 15674532 | T49: =TRUNC(I49*P49,0) -> 3713616 | U49: =TRUNC(K49*P49,0) -> 111222 | X49: =IFERROR(W49/F49,0) -> 0 | AB49: 240 | AD49: K50200450 | AF49: T | BU49: =HYPERLINK("#일위대가목록!A51","K50200450 →") -> K50200450 → | CA49: 102211 | CB49: 6848137 | CC49: 82162 | CD49: 5504854 | CE49: 19466 | CF49: 1304222 | CG49: 583 | CH49: 39061 | CI49: No.29
A50: PE관 설치(우수) | B50: Φ200(PE이중벽관) | C50: M | D50: 164 | E50: =G50+I50+K50 -> 25770 | F50: =H50+J50+L50 -> 4226280 | G50: 18130 | H50: =TRUNC(G50*D50,0) -> 2973320 | I50: 7419 | J50: =TRUNC(I50*D50,0) -> 1216716 | K50: 221 | L50: =TRUNC(K50*D50,0) -> 36244 | O50: =IFERROR(N50/F50,0) -> 0 | P50: =[3]배수공집계표!$O$134 -> 26 | Q50: =SUM(S50:U50) -> 670020 | R50: =IFERROR(Q50/F50,0) -> 0.15853659 | S50: =TRUNC(G50*P50,0) -> 471380 | T50: =TRUNC(I50*P50,0) -> 192894 | U50: =TRUNC(K50*P50,0) -> 5746 | X50: =IFERROR(W50/F50,0) -> 0
A51: PE관 설치(오수) | B51: Φ300(PE이중벽관) | C51: M | D51: 16 | E51: =G51+I51+K51 -> 45340 | F51: =H51+J51+L51 -> 725440 | G51: 33331 | H51: =TRUNC(G51*D51,0) -> 533296 | I51: 11660 | J51: =TRUNC(I51*D51,0) -> 186560 | K51: 349 | L51: =TRUNC(K51*D51,0) -> 5584 | O51: =IFERROR(N51/F51,0) -> 0 | P51: =[3]배수공집계표!$J$89 -> 0 | Q51: =SUM(S51:U51) -> 0 | R51: =IFERROR(Q51/F51,0) -> 0 | S51: =TRUNC(G51*P51,0) -> 0 | T51: =TRUNC(I51*P51,0) -> 0 | U51: =TRUNC(K51*P51,0) -> 0 | X51: =IFERROR(W51/F51,0) -> 0 | AB51: 250 | AD51: K50200300 | AF51: T | BU51: =HYPERLINK("#일위대가목록!A52","K50200300 →") -> K50200300 → | CA51: 52763 | CB51: 844208 | CC51: 38787 | CD51: 620592 | CE51: 13569 | CF51: 217104 | CG51: 407 | CH51: 6512 | CI51: No.30
A52: PE관 설치(상수) | B52: Φ25(PE수도관) | C52: M | D52: 117 | E52: =G52+I52+K52 -> 4335 | F52: =H52+J52+L52 -> 507195 | G52: 902 | H52: =TRUNC(G52*D52,0) -> 105534 | I52: 3433 | J52: =TRUNC(I52*D52,0) -> 401661 | K52: 0 | L52: =TRUNC(K52*D52,0) -> 0 | O52: =IFERROR(N52/F52,0) -> 0 | P52: =[3]배수공집계표!$J$134 -> 0 | Q52: =SUM(S52:U52) -> 0 | R52: =IFERROR(Q52/F52,0) -> 0 | S52: =TRUNC(G52*P52,0) -> 0 | T52: =TRUNC(I52*P52,0) -> 0 | U52: =TRUNC(K52*P52,0) -> 0 | X52: =IFERROR(W52/F52,0) -> 0 | AB52: 260 | AD52: K50200025 | AF52: T | BU52: =HYPERLINK("#일위대가목록!A53","K50200025 →") -> K50200025 → | CA52: 5045 | CB52: 590265 | CC52: 1050 | CD52: 122850 | CE52: 3995 | CF52: 467415 | CG52: 0 | CH52: 0 | CI52: No.31
A53: 유공관설치 | B53: w310 | C53: M | D53: 120 | E53: =G53+I53+K53 -> 29531 | F53: =H53+J53+L53 -> 3543720 | G53: 21730 | H53: =TRUNC(G53*D53,0) -> 2607600 | I53: 7604 | J53: =TRUNC(I53*D53,0) -> 912480 | K53: 197 | L53: =TRUNC(K53*D53,0) -> 23640 | O53: =IFERROR(N53/F53,0) -> 0 | P53: =[3]배수공집계표!$P$134 -> 0 | Q53: =SUM(S53:U53) -> 0 | R53: =IFERROR(Q53/F53,0) -> 0 | S53: =TRUNC(G53*P53,0) -> 0 | T53: =TRUNC(I53*P53,0) -> 0 | U53: =TRUNC(K53*P53,0) -> 0 | X53: =IFERROR(W53/F53,0) -> 0
A54: LADDER | B54: D19mm | C54: TON | D54: 0.503 | E54: =G54+I54+K54 -> 708968 | F54: =H54+J54+L54 -> 356610 | G54: 708968 | H54: =TRUNC(G54*D54,0) -> 356610 | I54: 0 | K54: 0 | O54: =IFERROR(N54/F54,0) -> 0 | Q54: =SUM(S54:U54) -> 0 | R54: =IFERROR(Q54/F54,0) -> 0 | S54: =TRUNC(G54*P54,0) -> 0 | T54: =TRUNC(I54*P54,0) -> 0 | U54: =TRUNC(K54*P54,0) -> 0 | X54: =IFERROR(W54/F54,0) -> 0 | Z54: 56801007004 | AB54: 270 | AD54: M0012012 | BU54: =HYPERLINK("#자재조서!A6","M0012012 →") -> M0012012 → | CA54: 825000 | CB54: 325875 | CC54: 825000 | CD54: 325875 | CE54: 0 | CG54: 0 | CI54: M0012012
A55: ANCHOR BAR | B55: D13 | C55: TON | D55: 0.413 | E55: =G55+I55+K55 -> 708968 | F55: =H55+J55+L55 -> 292803 | G55: 708968 | H55: =TRUNC(G55*D55,0) -> 292803 | I55: 0 | K55: 0 | O55: =IFERROR(N55/F55,0) -> 0 | Q55: =SUM(S55:U55) -> 0 | R55: =IFERROR(Q55/F55,0) -> 0 | S55: =TRUNC(G55*P55,0) -> 0 | T55: =TRUNC(I55*P55,0) -> 0 | U55: =TRUNC(K55*P55,0) -> 0 | X55: =IFERROR(W55/F55,0) -> 0 | Z55: 56801007002 | AB55: 280 | AD55: M0012006 | BU55: =HYPERLINK("#자재조서!A5","M0012006 →") -> M0012006 → | CA55: 825000 | CB55: 403425 | CC55: 825000 | CD55: 403425 | CE55: 0 | CG55: 0 | CI55: M0012006
A56: ㄱ형강 | B56: 50x50x6t (도착도) | C56: TON | D56: 3.314 | E56: =G56+I56+K56 -> 833575 | F56: =H56+J56+L56 -> 2762467 | G56: 833575 | H56: =TRUNC(G56*D56,0) -> 2762467 | I56: 0 | K56: 0 | O56: =IFERROR(N56/F56,0) -> 0 | Q56: =SUM(S56:U56) -> 0 | R56: =IFERROR(Q56/F56,0) -> 0 | S56: =TRUNC(G56*P56,0) -> 0 | T56: =TRUNC(I56*P56,0) -> 0 | U56: =TRUNC(K56*P56,0) -> 0 | X56: =IFERROR(W56/F56,0) -> 0 | Z56: 95200027091 | AB56: 290 | AD56: M0030024 | BU56: =HYPERLINK("#자재조서!A9","M0030024 →") -> M0030024 → | CA56: 970000 | CB56: 4034230 | CC56: 970000 | CD56: 4034230 | CE56: 0 | CG56: 0 | CI56: M0030024
A57: 잡철물 제작설치 | B57: 규격철물설치(일반철재) | C57: TON | D57: 4.23 | E57: =G57+I57+K57 -> 2788908 | F57: =H57+J57+L57 -> 11797079 | G57: 77469 | H57: =TRUNC(G57*D57,0) -> 327693 | I57: 2582324 | J57: =TRUNC(I57*D57,0) -> 10923230 | K57: 129115 | L57: =TRUNC(K57*D57,0) -> 546156 | O57: =IFERROR(N57/F57,0) -> 0 | Q57: =SUM(S57:U57) -> 0 | R57: =IFERROR(Q57/F57,0) -> 0 | S57: =TRUNC(G57*P57,0) -> 0 | T57: =TRUNC(I57*P57,0) -> 0 | U57: =TRUNC(K57*P57,0) -> 0 | X57: =IFERROR(W57/F57,0) -> 0 | AB57: 310 | AD57: K3061310 | AF57: T | BU57: =HYPERLINK("#일위대가목록!A54","K3061310 →") -> K3061310 → | CA57: 3245348 | CB57: 16366288 | CC57: 90148 | CD57: 454616 | CE57: 3004953 | CF57: 15153977 | CG57: 150247 | CH57: 757695 | CI57: No.32
A58: 녹막이(방청) 페인트 | B58: 1회(붓칠) | C58: M2 | D58: 175.545 | E58: =G58+I58+K58 -> 4342 | F58: =H58+J58+L58 -> 762215 | G58: 528 | H58: =TRUNC(G58*D58,0) -> 92687 | I58: 3740 | J58: =TRUNC(I58*D58,0) -> 656538 | K58: 74 | L58: =TRUNC(K58*D58,0) -> 12990 | O58: =IFERROR(N58/F58,0) -> 0 | Q58: =SUM(S58:U58) -> 0 | R58: =IFERROR(Q58/F58,0) -> 0 | S58: =TRUNC(G58*P58,0) -> 0 | T58: =TRUNC(I58*P58,0) -> 0 | U58: =TRUNC(K58*P58,0) -> 0 | X58: =IFERROR(W58/F58,0) -> 0 | AB58: 320 | AD58: XC0081 | AF58: T | BU58: =HYPERLINK("#일위대가목록!A55","XC0081 →") -> XC0081 → | CA58: 5055 | CB58: 1056495 | CC58: 615 | CD58: 128535 | CE58: 4353 | CF58: 909777 | CG58: 87 | CH58: 18183 | CI58: No.33
A59: 조합 페인트 | B59: 철재면 2회(붓칠) | C59: M2 | D59: 175.545 | E59: =G59+I59+K59 -> 11410 | F59: =H59+J59+L59 -> 2002967 | G59: 1234 | H59: =TRUNC(G59*D59,0) -> 216622 | I59: 9977 | J59: =TRUNC(I59*D59,0) -> 1751412 | K59: 199 | L59: =TRUNC(K59*D59,0) -> 34933 | O59: =IFERROR(N59/F59,0) -> 0 | Q59: =SUM(S59:U59) -> 0 | R59: =IFERROR(Q59/F59,0) -> 0 | S59: =TRUNC(G59*P59,0) -> 0 | T59: =TRUNC(I59*P59,0) -> 0 | U59: =TRUNC(K59*P59,0) -> 0 | X59: =IFERROR(W59/F59,0) -> 0 | AB59: 330 | AD59: XC0083 | AF59: T | BU59: =HYPERLINK("#일위대가목록!A56","XC0083 →") -> XC0083 → | CA59: 13279 | CB59: 2775311 | CC59: 1437 | CD59: 300333 | CE59: 11610 | CF59: 2426490 | CG59: 232 | CH59: 48488 | CI59: No.34
A60: 스틸그레이팅 설치 | B60: I-50 | C60: M2 | D60: 137 | E60: =G60+I60+K60 -> 3910 | F60: =H60+J60+L60 -> 535670 | G60: 0 | H60: =TRUNC(G60*D60,0) -> 0 | I60: 3910 | J60: =TRUNC(I60*D60,0) -> 535670 | K60: 0 | L60: =TRUNC(K60*D60,0) -> 0 | O60: =IFERROR(N60/F60,0) -> 0 | Q60: =SUM(S60:U60) -> 0 | R60: =IFERROR(Q60/F60,0) -> 0 | S60: =TRUNC(G60*P60,0) -> 0 | T60: =TRUNC(I60*P60,0) -> 0 | U60: =TRUNC(K60*P60,0) -> 0 | X60: =IFERROR(W60/F60,0) -> 0 | AB60: 340 | AD60: K60000200 | AF60: T | BU60: =HYPERLINK("#일위대가목록!A57","K60000200 →") -> K60000200 → | CA60: 4550 | CB60: 809900 | CC60: 0 | CD60: 0 | CE60: 4550 | CF60: 809900 | CG60: 0 | CH60: 0 | CI60: No.35
A61: 스틸그레이팅 설치 | B61: 무소음닥타일 | D61: 7 | E61: =G61+I61+K61 -> 285978 | F61: =H61+J61+L61 -> 2001846 | G61: 272360 | H61: =TRUNC(G61*D61,0) -> 1906520 | I61: 13618 | J61: =TRUNC(I61*D61,0) -> 95326 | K61: 0 | L61: =TRUNC(K61*D61,0) -> 0 | O61: =IFERROR(N61/F61,0) -> 0 | Q61: =SUM(S61:U61) -> 0 | R61: =IFERROR(Q61/F61,0) -> 0 | S61: =TRUNC(G61*P61,0) -> 0 | T61: =TRUNC(I61*P61,0) -> 0 | U61: =TRUNC(K61*P61,0) -> 0 | X61: =IFERROR(W61/F61,0) -> 0
A62: PVC 지수판설치 | B62: 230 x 5t | C62: M | D62: 264.8 | E62: =G62+I62+K62 -> 52186 | F62: =H62+J62+L62 -> 13818852 | G62: 5720 | H62: =TRUNC(G62*D62,0) -> 1514656 | I62: 45114 | J62: =TRUNC(I62*D62,0) -> 11946187 | K62: 1352 | L62: =TRUNC(K62*D62,0) -> 358009 | O62: =IFERROR(N62/F62,0) -> 0 | Q62: =SUM(S62:U62) -> 0 | R62: =IFERROR(Q62/F62,0) -> 0 | S62: =TRUNC(G62*P62,0) -> 0 | T62: =TRUNC(I62*P62,0) -> 0 | U62: =TRUNC(K62*P62,0) -> 0 | X62: =IFERROR(W62/F62,0) -> 0 | AB62: 350 | AD62: PJ1001000 | AF62: T | BU62: =HYPERLINK("#일위대가목록!A58","PJ1001000 →") -> PJ1001000 → | CA62: 60729 | CB62: 8562789 | CC62: 6657 | CD62: 938637 | CE62: 52498 | CF62: 7402218 | CG62: 1574 | CH62: 221934 | CI62: No.36
A63: 빗물받이 설치 | B63: 510X410X940 | C63: EA | D63: 4 | E63: =G63+I63+K63 -> 153394 | F63: =H63+J63+L63 -> 613576 | G63: 146090 | H63: =TRUNC(G63*D63,0) -> 584360 | I63: 7304 | J63: =TRUNC(I63*D63,0) -> 29216 | K63: 0 | L63: =TRUNC(K63*D63,0) -> 0 | O63: =IFERROR(N63/F63,0) -> 0 | Q63: =SUM(S63:U63) -> 0 | R63: =IFERROR(Q63/F63,0) -> 0 | S63: =TRUNC(G63*P63,0) -> 0 | T63: =TRUNC(I63*P63,0) -> 0 | U63: =TRUNC(K63*P63,0) -> 0 | X63: =IFERROR(W63/F63,0) -> 0 | AB63: 360 | AD63: K7000100 | AF63: T | BU63: =HYPERLINK("#일위대가목록!A59","K7000100 →") -> K7000100 → | CA63: 178500 | CB63: 3927000 | CC63: 170000 | CD63: 3740000 | CE63: 8500 | CF63: 187000 | CG63: 0 | CH63: 0 | CI63: No.37
A64: 모르터 | B64: 1:2 | C64: M3 | D64: 0.81 | E64: =G64+I64+K64 -> 71088 | F64: =H64+J64+L64 -> 57580 | G64: 0 | H64: =TRUNC(G64*D64,0) -> 0 | I64: 61739 | J64: =TRUNC(I64*D64,0) -> 50008 | K64: 9349 | L64: =TRUNC(K64*D64,0) -> 7572 | O64: =IFERROR(N64/F64,0) -> 0 | Q64: =SUM(S64:U64) -> 0 | R64: =IFERROR(Q64/F64,0) -> 0 | S64: =TRUNC(G64*P64,0) -> 0 | T64: =TRUNC(I64*P64,0) -> 0 | U64: =TRUNC(K64*P64,0) -> 0 | X64: =IFERROR(W64/F64,0) -> 0 | AB64: 370 | AD64: K3010112 | AF64: T | BU64: =HYPERLINK("#일위대가목록!A60","K3010112 →") -> K3010112 → | CA64: 82724 | CB64: 82724 | CC64: 0 | CD64: 0 | CE64: 71844 | CF64: 71844 | CG64: 10880 | CH64: 10880 | CI64: No.38
A65: 맨홀뚜껑설치 | B65: Ø648㎜ | C65: 개소 | D65: 10 | E65: =G65+I65+K65 -> 315812 | F65: =H65+J65+L65 -> 3158120 | G65: 300774 | H65: =TRUNC(G65*D65,0) -> 3007740 | I65: 15038 | J65: =TRUNC(I65*D65,0) -> 150380 | K65: 0 | L65: =TRUNC(K65*D65,0) -> 0 | O65: =IFERROR(N65/F65,0) -> 0 | Q65: =SUM(S65:U65) -> 0 | R65: =IFERROR(Q65/F65,0) -> 0 | S65: =TRUNC(G65*P65,0) -> 0 | T65: =TRUNC(I65*P65,0) -> 0 | U65: =TRUNC(K65*P65,0) -> 0 | X65: =IFERROR(W65/F65,0) -> 0 | AB65: 380 | AD65: K5015100 | AF65: T | BU65: =HYPERLINK("#일위대가목록!A61","K5015100 →") -> K5015100 → | CA65: 367500 | CB65: 3675000 | CC65: 350000 | CD65: 3500000 | CE65: 17500 | CF65: 175000 | CG65: 0 | CH65: 0 | CI65: No.39
A66: 세퍼레이터 설치 | C66: EA | D66: 609 | E66: =G66+I66+K66 -> 282 | F66: =H66+J66+L66 -> 171738 | G66: 270 | H66: =TRUNC(G66*D66,0) -> 164430 | I66: 12 | J66: =TRUNC(I66*D66,0) -> 7308 | K66: 0 | L66: =TRUNC(K66*D66,0) -> 0 | O66: =IFERROR(N66/F66,0) -> 0 | Q66: =SUM(S66:U66) -> 0 | R66: =IFERROR(Q66/F66,0) -> 0 | S66: =TRUNC(G66*P66,0) -> 0 | T66: =TRUNC(I66*P66,0) -> 0 | U66: =TRUNC(K66*P66,0) -> 0 | X66: =IFERROR(W66/F66,0) -> 0 | AB66: 390 | AD66: K6900210 | AF66: T | BU66: =HYPERLINK("#일위대가목록!A62","K6900210 →") -> K6900210 → | CA66: 330 | CB66: 199980 | CC66: 315 | CD66: 190890 | CE66: 15 | CF66: 9090 | CG66: 0 | CH66: 0 | CI66: No.40
A67: 스페이서 설치 | C67: EA | D67: 2338 | E67: =G67+I67+K67 -> 189 | F67: =H67+J67+L67 -> 441882 | G67: 189 | H67: =TRUNC(G67*D67,0) -> 441882 | I67: 0 | J67: =TRUNC(I67*D67,0) -> 0 | K67: 0 | L67: =TRUNC(K67*D67,0) -> 0 | O67: =IFERROR(N67/F67,0) -> 0 | Q67: =SUM(S67:U67) -> 0 | R67: =IFERROR(Q67/F67,0) -> 0 | S67: =TRUNC(G67*P67,0) -> 0 | T67: =TRUNC(I67*P67,0) -> 0 | U67: =TRUNC(K67*P67,0) -> 0 | X67: =IFERROR(W67/F67,0) -> 0 | AB67: 400 | AD67: K6900100 | AF67: T | BU67: =HYPERLINK("#일위대가목록!A63","K6900100 →") -> K6900100 → | CA67: 220 | CB67: 513920 | CC67: 220 | CD67: 513920 | CE67: 0 | CF67: 0 | CG67: 0 | CH67: 0 | CI67: No.41
A68: 콘크리트 치핑 | C68: M2 | D68: 117.24 | E68: =G68+I68+K68 -> 26250 | F68: =H68+J68+L68 -> 3077549 | G68: 0 | H68: =TRUNC(G68*D68,0) -> 0 | I68: 25487 | J68: =TRUNC(I68*D68,0) -> 2988095 | K68: 763 | L68: =TRUNC(K68*D68,0) -> 89454 | O68: =IFERROR(N68/F68,0) -> 0 | Q68: =SUM(S68:U68) -> 0 | R68: =IFERROR(Q68/F68,0) -> 0 | S68: =TRUNC(G68*P68,0) -> 0 | T68: =TRUNC(I68*P68,0) -> 0 | U68: =TRUNC(K68*P68,0) -> 0 | X68: =IFERROR(W68/F68,0) -> 0 | AB68: 410 | AD68: K3050215 | AF68: T | BU68: =HYPERLINK("#일위대가목록!A64","K3050215 →") -> K3050215 → | CA68: 30548 | CB68: 4368364 | CC68: 0 | CD68: 0 | CE68: 29659 | CF68: 4241237 | CG68: 889 | CH68: 127127 | CI68: No.42
A69: 신축이음재설치 | B69: T=20 | C69: M2 | D69: 1.62 | E69: =G69+I69+K69 -> 2436 | F69: =H69+J69+L69 -> 3945 | G69: 2320 | H69: =TRUNC(G69*D69,0) -> 3758 | I69: 116 | J69: =TRUNC(I69*D69,0) -> 187 | K69: 0 | L69: =TRUNC(K69*D69,0) -> 0 | O69: =IFERROR(N69/F69,0) -> 0 | Q69: =SUM(S69:U69) -> 0 | R69: =IFERROR(Q69/F69,0) -> 0 | S69: =TRUNC(G69*P69,0) -> 0 | T69: =TRUNC(I69*P69,0) -> 0 | U69: =TRUNC(K69*P69,0) -> 0 | X69: =IFERROR(W69/F69,0) -> 0 | AB69: 420 | AD69: K7002400 | AF69: T | BU69: =HYPERLINK("#일위대가목록!A65","K7002400 →") -> K7002400 → | CA69: 2835 | CB69: 5670 | CC69: 2700 | CD69: 5400 | CE69: 135 | CF69: 270 | CG69: 0 | CH69: 0 | CI69: No.43
A70: 실런트설치 | B70: 20X25 | C70: M3 | D70: 0.01 | E70: =G70+I70+K70 -> 3759982 | F70: =H70+J70+L70 -> 37599 | G70: 3580936 | H70: =TRUNC(G70*D70,0) -> 35809 | I70: 179046 | J70: =TRUNC(I70*D70,0) -> 1790 | K70: 0 | L70: =TRUNC(K70*D70,0) -> 0 | O70: =IFERROR(N70/F70,0) -> 0 | Q70: =SUM(S70:U70) -> 0 | R70: =IFERROR(Q70/F70,0) -> 0 | S70: =TRUNC(G70*P70,0) -> 0 | T70: =TRUNC(I70*P70,0) -> 0 | U70: =TRUNC(K70*P70,0) -> 0 | X70: =IFERROR(W70/F70,0) -> 0 | AB70: 430 | AD70: K7002200 | AF70: T | BU70: =HYPERLINK("#일위대가목록!A66","K7002200 →") -> K7002200 → | CA70: 4375350 | CB70: 43753 | CC70: 4167000 | CD70: 41670 | CE70: 208350 | CF70: 2083 | CG70: 0 | CH70: 0 | CI70: No.44
A71: 경고테이프 설치 | C71: M | D71: 117 | E71: =G71+I71+K71 -> 128 | F71: =H71+J71+L71 -> 14976 | G71: 128 | H71: =TRUNC(G71*D71,0) -> 14976 | I71: 0 | J71: =TRUNC(I71*D71,0) -> 0 | K71: 0 | L71: =TRUNC(K71*D71,0) -> 0 | O71: =IFERROR(N71/F71,0) -> 0 | Q71: =SUM(S71:U71) -> 0 | R71: =IFERROR(Q71/F71,0) -> 0 | S71: =TRUNC(G71*P71,0) -> 0 | T71: =TRUNC(I71*P71,0) -> 0 | U71: =TRUNC(K71*P71,0) -> 0 | X71: =IFERROR(W71/F71,0) -> 0 | AB71: 440 | AD71: K7012200 | AF71: T | BU71: =HYPERLINK("#일위대가목록!A67","K7012200 →") -> K7012200 → | CA71: 150 | CB71: 17550 | CC71: 150 | CD71: 17550 | CE71: 0 | CF71: 0 | CG71: 0 | CH71: 0 | CI71: No.45
A72: FRP오수처리시설 설치 | C72: EA | D72: 1 | E72: =G72+I72+K72 -> 164058 | F72: =H72+J72+L72 -> 164058 | G72: 0 | H72: =TRUNC(G72*D72,0) -> 0 | I72: 164058 | J72: =TRUNC(I72*D72,0) -> 164058 | K72: 0 | L72: =TRUNC(K72*D72,0) -> 0 | O72: =IFERROR(N72/F72,0) -> 0 | Q72: =SUM(S72:U72) -> 0 | R72: =IFERROR(Q72/F72,0) -> 0 | S72: =TRUNC(G72*P72,0) -> 0 | T72: =TRUNC(I72*P72,0) -> 0 | U72: =TRUNC(K72*P72,0) -> 0 | X72: =IFERROR(W72/F72,0) -> 0 | AB72: 460 | AD72: KO010010 | AF72: T | BU72: =HYPERLINK("#일위대가목록!A68","KO010010 →") -> KO010010 → | CA72: 190909 | CB72: 190909 | CC72: 0 | CD72: 0 | CE72: 190909 | CF72: 190909 | CG72: 0 | CH72: 0 | CI72: No.46
E73: =G73+I73+K73 -> 0 | F73: =H73+J73+L73 -> 0 | H73: 0 | J73: 0 | L73: 0 | O73: =IFERROR(N73/F73,0) -> 0 | Q73: =SUM(S73:U73) -> 0 | R73: =IFERROR(Q73/F73,0) -> 0 | S73: =TRUNC(G73*P73,0) -> 0 | T73: =TRUNC(I73*P73,0) -> 0 | U73: =TRUNC(K73*P73,0) -> 0 | X73: =IFERROR(W73/F73,0) -> 0 | AB73: 490 | CA73: 0 | CB73: 0 | CD73: 0 | CF73: 0 | CH73: 0
E74: =G74+I74+K74 -> 0 | F74: =H74+J74+L74 -> 0 | H74: 0 | J74: 0 | L74: 0 | O74: =IFERROR(N74/F74,0) -> 0 | Q74: =SUM(S74:U74) -> 0 | R74: =IFERROR(Q74/F74,0) -> 0 | S74: =TRUNC(G74*P74,0) -> 0 | T74: =TRUNC(I74*P74,0) -> 0 | U74: =TRUNC(K74*P74,0) -> 0 | X74: =IFERROR(W74/F74,0) -> 0 | AB74: 500 | CA74: 0 | CB74: 0 | CD74: 0 | CF74: 0 | CH74: 0
A75: 3. 포장공 | C75: 식 | D75: 1 | F75: =H75+J75+L75 -> 52288564 | H75: =TRUNC(H76+H77+H78+H79+H80+H81+H82+H83+H84+H85+H86+H87+H88+H89+H90+H91+H92+H93+H94,0) -> 33012526 | J75: =TRUNC(J76+J77+J78+J79+J80+J81+J82+J83+J84+J85+J86+J87+J88+J89+J90+J91+J92+J93+J94,0) -> 17001377 | L75: =TRUNC(L76+L77+L78+L79+L80+L81+L82+L83+L84+L85+L86+L87+L88+L89+L90+L91+L92+L93+L94,0) -> 2274661 | O75: =IFERROR(N75/F75,0) -> 0 | Q75: =SUM(S75:U75) -> 0 | R75: =IFERROR(Q75/F75,0) -> 0 | S75: =TRUNC(S76+S77+S78+S79+S80+S81+S82+S83+S84+S85+S86+S87+S88+S89+S90+S91+S92+S93+S94,0) -> 0 | T75: =TRUNC(T76+T77+T78+T79+T80+T81+T82+T83+T84+T85+T86+T87+T88+T89+T90+T91+T92+T93+T94,0) -> 0 | U75: =TRUNC(U76+U77+U78+U79+U80+U81+U82+U83+U84+U85+U86+U87+U88+U89+U90+U91+U92+U93+U94,0) -> 0 | X75: =IFERROR(W75/F75,0) -> 0 | AA75: A03 | CB75: 103918045 | CD75: 64294493 | CF75: 35767102 | CH75: 3856450
A76: 터파기(기계) | B76: 토사 | C76: M3 | D76: 584.9566 | E76: =G76+I76+K76 -> 1374 | F76: =H76+J76+L76 -> 803728 | G76: 329 | H76: =TRUNC(G76*D76,0) -> 192450 | I76: 722 | J76: =TRUNC(I76*D76,0) -> 422338 | K76: 323 | L76: =TRUNC(K76*D76,0) -> 188940 | O76: =IFERROR(N76/F76,0) -> 0 | Q76: =SUM(S76:U76) -> 0 | R76: =IFERROR(Q76/F76,0) -> 0 | S76: =TRUNC(G76*P76,0) -> 0 | T76: =TRUNC(I76*P76,0) -> 0 | U76: =TRUNC(K76*P76,0) -> 0 | X76: =IFERROR(W76/F76,0) -> 0 | AB76: 10 | AD76: K1020118 | AF76: A | BU76: =HYPERLINK("#일위대가목록!A8","K1020118 →") -> K1020118 → | CA76: 1600 | CB76: 1304000 | CC76: 383 | CD76: 312145 | CE76: 841 | CF76: 685415 | CG76: 376 | CH76: 306440 | CI76: No.7
A77: 흙쌓기 | B77: 주간(토사)(비다짐) | C77: M3 | D77: 584.9566 | E77: =G77+I77+K77 -> 447 | F77: =H77+J77+L77 -> 261475 | G77: 138 | H77: =TRUNC(G77*D77,0) -> 80724 | I77: 195 | J77: =TRUNC(I77*D77,0) -> 114066 | K77: 114 | L77: =TRUNC(K77*D77,0) -> 66685 | O77: =IFERROR(N77/F77,0) -> 0 | Q77: =SUM(S77:U77) -> 0 | R77: =IFERROR(Q77/F77,0) -> 0 | S77: =TRUNC(G77*P77,0) -> 0 | T77: =TRUNC(I77*P77,0) -> 0 | U77: =TRUNC(K77*P77,0) -> 0 | X77: =IFERROR(W77/F77,0) -> 0 | AB77: 20 | AD77: K1010241 | AF77: A | BU77: =HYPERLINK("#일위대가목록!A5","K1010241 →") -> K1010241 → | CA77: 521 | CB77: 424615 | CC77: 161 | CD77: 131215 | CE77: 227 | CF77: 185005 | CG77: 133 | CH77: 108395 | CI77: No.3
A78: 유용토운반 | B78: 주간(토사) | C78: M3 | D78: 584.9566 | E78: =G78+I78+K78 -> 1276 | F78: =H78+J78+L78 -> 746402 | G78: 394 | H78: =TRUNC(G78*D78,0) -> 230472 | I78: 556 | J78: =TRUNC(I78*D78,0) -> 325235 | K78: 326 | L78: =TRUNC(K78*D78,0) -> 190695 | O78: =IFERROR(N78/F78,0) -> 0 | Q78: =SUM(S78:U78) -> 0 | R78: =IFERROR(Q78/F78,0) -> 0 | S78: =TRUNC(G78*P78,0) -> 0 | T78: =TRUNC(I78*P78,0) -> 0 | U78: =TRUNC(K78*P78,0) -> 0 | X78: =IFERROR(W78/F78,0) -> 0 | AB78: 30 | AD78: K1010250 | AF78: A | BU78: =HYPERLINK("#일위대가목록!A6","K1010250 →") -> K1010250 → | CA78: 1487 | CB78: 1211905 | CC78: 459 | CD78: 374085 | CE78: 648 | CF78: 528120 | CG78: 380 | CH78: 309700 | CI78: No.4
A79: 동상방지층 포설다짐 | B79: 주간 | C79: M3 | D79: 163.7535 | E79: =G79+I79+K79 -> 40517 | F79: =H79+J79+L79 -> 6634800 | G79: 26430 | H79: =TRUNC(G79*D79,0) -> 4328005 | I79: 11825 | J79: =TRUNC(I79*D79,0) -> 1936385 | K79: 2262 | L79: =TRUNC(K79*D79,0) -> 370410 | O79: =IFERROR(N79/F79,0) -> 0 | Q79: =SUM(S79:U79) -> 0 | R79: =IFERROR(Q79/F79,0) -> 0 | S79: =TRUNC(G79*P79,0) -> 0 | T79: =TRUNC(I79*P79,0) -> 0 | U79: =TRUNC(K79*P79,0) -> 0 | X79: =IFERROR(W79/F79,0) -> 0 | AB79: 50 | AD79: K2030110 | AF79: A | BU79: =HYPERLINK("#일위대가목록!A21","K2030110 →") -> K2030110 → | CA79: 47150 | CB79: 10985950 | CC79: 30756 | CD79: 7166148 | CE79: 13761 | CF79: 3206313 | CG79: 2633 | CH79: 613489 | CI79: No.47
A80: 보조기층 포설다짐 | B80: 주간 | C80: M3 | D80: 218.338 | E80: =G80+I80+K80 -> 40517 | F80: =H80+J80+L80 -> 8846399 | G80: 26430 | H80: =TRUNC(G80*D80,0) -> 5770673 | I80: 11825 | J80: =TRUNC(I80*D80,0) -> 2581846 | K80: 2262 | L80: =TRUNC(K80*D80,0) -> 493880 | O80: =IFERROR(N80/F80,0) -> 0 | Q80: =SUM(S80:U80) -> 0 | R80: =IFERROR(Q80/F80,0) -> 0 | S80: =TRUNC(G80*P80,0) -> 0 | T80: =TRUNC(I80*P80,0) -> 0 | U80: =TRUNC(K80*P80,0) -> 0 | X80: =IFERROR(W80/F80,0) -> 0 | AB80: 60 | AD80: K2030110 | AF80: A | BU80: =HYPERLINK("#일위대가목록!A21","K2030110 →") -> K2030110 → | CA80: 47150 | CB80: 14663650 | CC80: 30756 | CD80: 9565116 | CE80: 13761 | CF80: 4279671 | CG80: 2633 | CH80: 818863 | CI80: No.47
A81: 표층포설및다짐(기계) | B81: 주간:T=5CM | C81: M2 | D81: 938.69 | E81: =G81+I81+K81 -> 821 | F81: =H81+J81+L81 -> 770663 | G81: 95 | H81: =TRUNC(G81*D81,0) -> 89175 | I81: 574 | J81: =TRUNC(I81*D81,0) -> 538808 | K81: 152 | L81: =TRUNC(K81*D81,0) -> 142680 | O81: =IFERROR(N81/F81,0) -> 0 | Q81: =SUM(S81:U81) -> 0 | R81: =IFERROR(Q81/F81,0) -> 0 | S81: =TRUNC(G81*P81,0) -> 0 | T81: =TRUNC(I81*P81,0) -> 0 | U81: =TRUNC(K81*P81,0) -> 0 | X81: =IFERROR(W81/F81,0) -> 0 | AB81: 70 | AD81: K2020205 | AF81: A | BU81: =HYPERLINK("#일위대가목록!A22","K2020205 →") -> K2020205 → | CA81: 957 | CB81: 934989 | CC81: 111 | CD81: 108447 | CE81: 668 | CF81: 652636 | CG81: 178 | CH81: 173906 | CI81: No.48
A82: 기층포설및다짐(기계) | B82: 주간:T=10CM | C82: M2 | D82: 938.69 | E82: =G82+I82+K82 -> 886 | F82: =H82+J82+L82 -> 831678 | G82: 102 | H82: =TRUNC(G82*D82,0) -> 95746 | I82: 622 | J82: =TRUNC(I82*D82,0) -> 583865 | K82: 162 | L82: =TRUNC(K82*D82,0) -> 152067 | O82: =IFERROR(N82/F82,0) -> 0 | Q82: =SUM(S82:U82) -> 0 | R82: =IFERROR(Q82/F82,0) -> 0 | S82: =TRUNC(G82*P82,0) -> 0 | T82: =TRUNC(I82*P82,0) -> 0 | U82: =TRUNC(K82*P82,0) -> 0 | X82: =IFERROR(W82/F82,0) -> 0 | AB82: 90 | AD82: K2020710 | AF82: A | BU82: =HYPERLINK("#일위대가목록!A23","K2020710 →") -> K2020710 → | CA82: 1032 | CB82: 1008264 | CC82: 119 | CD82: 116263 | CE82: 724 | CF82: 707348 | CG82: 189 | CH82: 184653 | CI82: No.49
A83: 택 코 팅 | B83: 주간:수동식 | C83: M2 | D83: 938.69 | E83: =G83+I83+K83 -> 408 | F83: =H83+J83+L83 -> 382984 | G83: 336 | H83: =TRUNC(G83*D83,0) -> 315399 | I83: 72 | J83: =TRUNC(I83*D83,0) -> 67585 | K83: 0 | L83: =TRUNC(K83*D83,0) -> 0 | O83: =IFERROR(N83/F83,0) -> 0 | Q83: =SUM(S83:U83) -> 0 | R83: =IFERROR(Q83/F83,0) -> 0 | S83: =TRUNC(G83*P83,0) -> 0 | T83: =TRUNC(I83*P83,0) -> 0 | U83: =TRUNC(K83*P83,0) -> 0 | X83: =IFERROR(W83/F83,0) -> 0 | AB83: 110 | AD83: K2020910 | AF83: A | BU83: =HYPERLINK("#일위대가목록!A24","K2020910 →") -> K2020910 → | CA83: 475 | CB83: 464075 | CC83: 391 | CD83: 382007 | CE83: 84 | CF83: 82068 | CG83: 0 | CH83: 0 | CI83: No.50
A84: 프라임 코팅 | B84: 주간:수동식 | C84: M2 | D84: 938.69 | E84: =G84+I84+K84 -> 1459 | F84: =H84+J84+L84 -> 1369548 | G84: 1387 | H84: =TRUNC(G84*D84,0) -> 1301963 | I84: 72 | J84: =TRUNC(I84*D84,0) -> 67585 | K84: 0 | L84: =TRUNC(K84*D84,0) -> 0 | O84: =IFERROR(N84/F84,0) -> 0 | Q84: =SUM(S84:U84) -> 0 | R84: =IFERROR(Q84/F84,0) -> 0 | S84: =TRUNC(G84*P84,0) -> 0 | T84: =TRUNC(I84*P84,0) -> 0 | U84: =TRUNC(K84*P84,0) -> 0 | X84: =IFERROR(W84/F84,0) -> 0 | AB84: 120 | AD84: K2020920 | AF84: A | BU84: =HYPERLINK("#일위대가목록!A25","K2020920 →") -> K2020920 → | CA84: 1698 | CB84: 1658946 | CC84: 1614 | CD84: 1576878 | CE84: 84 | CF84: 82068 | CG84: 0 | CH84: 0 | CI84: No.51
A85: CON'C 타설(굴삭기) | B85: 무근 | C85: M3 | D85: 40.4635 | E85: =G85+I85+K85 -> 24221 | F85: =H85+J85+L85 -> 980064 | G85: 2146 | H85: =TRUNC(G85*D85,0) -> 86834 | I85: 19290 | J85: =TRUNC(I85*D85,0) -> 780540 | K85: 2785 | L85: =TRUNC(K85*D85,0) -> 112690 | O85: =IFERROR(N85/F85,0) -> 0 | Q85: =SUM(S85:U85) -> 0 | R85: =IFERROR(Q85/F85,0) -> 0 | S85: =TRUNC(G85*P85,0) -> 0 | T85: =TRUNC(I85*P85,0) -> 0 | U85: =TRUNC(K85*P85,0) -> 0 | X85: =IFERROR(W85/F85,0) -> 0 | AB85: 130 | AD85: K3021812 | AF85: A | BU85: =HYPERLINK("#일위대가목록!A18","K3021812 →") -> K3021812 → | CA85: 28187 | CB85: 3241505 | CC85: 2498 | CD85: 287270 | CE85: 22448 | CF85: 2581520 | CG85: 3241 | CH85: 372715 | CI85: No.19
A86: 와이어메쉬설치 | B86: #8 150x150 | C86: M2 | D86: 88.89 | E86: =G86+I86+K86 -> 2666 | F86: =H86+J86+L86 -> 236980 | G86: 1805 | H86: =TRUNC(G86*D86,0) -> 160446 | I86: 861 | J86: =TRUNC(I86*D86,0) -> 76534 | K86: 0 | L86: =TRUNC(K86*D86,0) -> 0 | O86: =IFERROR(N86/F86,0) -> 0 | Q86: =SUM(S86:U86) -> 0 | R86: =IFERROR(Q86/F86,0) -> 0 | S86: =TRUNC(G86*P86,0) -> 0 | T86: =TRUNC(I86*P86,0) -> 0 | U86: =TRUNC(K86*P86,0) -> 0 | X86: =IFERROR(W86/F86,0) -> 0 | AB86: 160 | AD86: K2010220 | AF86: T | BU86: =HYPERLINK("#일위대가목록!A69","K2010220 →") -> K2010220 → | CA86: 3103 | CB86: 273064 | CC86: 2101 | CD86: 184888 | CE86: 1002 | CF86: 88176 | CG86: 0 | CH86: 0 | CI86: No.52
A87: 고원식횡단보도 | B87: T80(화강석블럭포장) | C87: m2 | D87: 88.89 | E87: =G87+I87+K87 -> 14077 | F87: =H87+J87+L87 -> 1251303 | G87: 4279 | H87: =TRUNC(G87*D87,0) -> 380360 | I87: 8911 | J87: =TRUNC(I87*D87,0) -> 792098 | K87: 887 | L87: =TRUNC(K87*D87,0) -> 78845 | O87: =IFERROR(N87/F87,0) -> 0 | Q87: =SUM(S87:U87) -> 0 | R87: =IFERROR(Q87/F87,0) -> 0 | S87: =TRUNC(G87*P87,0) -> 0 | T87: =TRUNC(I87*P87,0) -> 0 | U87: =TRUNC(K87*P87,0) -> 0 | X87: =IFERROR(W87/F87,0) -> 0 | AB87: 170 | AD87: NP0410-24 | AF87: T | BU87: =HYPERLINK("#일위대가목록!A70","NP0410-24 →") -> NP0410-24 → | CA87: 16383 | CB87: 1441704 | CC87: 4980 | CD87: 438240 | CE87: 10370 | CF87: 912560 | CG87: 1033 | CH87: 90904 | CI87: No.53
A88: 합판거푸집 | B88: 6회 | C88: M2 | D88: 77.52 | E88: =G88+I88+K88 -> 39832 | F88: =H88+J88+L88 -> 3087776 | G88: 10156 | H88: =TRUNC(G88*D88,0) -> 787293 | I88: 29383 | J88: =TRUNC(I88*D88,0) -> 2277770 | K88: 293 | L88: =TRUNC(K88*D88,0) -> 22713 | O88: =IFERROR(N88/F88,0) -> 0 | Q88: =SUM(S88:U88) -> 0 | R88: =IFERROR(Q88/F88,0) -> 0 | S88: =TRUNC(G88*P88,0) -> 0 | T88: =TRUNC(I88*P88,0) -> 0 | U88: =TRUNC(K88*P88,0) -> 0 | X88: =IFERROR(W88/F88,0) -> 0 | AB88: 180 | AD88: K3060116 | AF88: T | BU88: =HYPERLINK("#일위대가목록!A45","K3060116 →") -> K3060116 → | CA88: 46353 | CB88: 13535076 | CC88: 11819 | CD88: 3451148 | CE88: 34193 | CF88: 9984356 | CG88: 341 | CH88: 99572 | CI88: No.23
A89: 카스토퍼설치 | B89: 1000X150X120 | C89: EA | D89: 56 | E89: =G89+I89+K89 -> 49031 | F89: =H89+J89+L89 -> 2745736 | G89: 42967 | H89: =TRUNC(G89*D89,0) -> 2406152 | I89: 5776 | J89: =TRUNC(I89*D89,0) -> 323456 | K89: 288 | L89: =TRUNC(K89*D89,0) -> 16128 | O89: =IFERROR(N89/F89,0) -> 0 | Q89: =SUM(S89:U89) -> 0 | R89: =IFERROR(Q89/F89,0) -> 0 | S89: =TRUNC(G89*P89,0) -> 0 | T89: =TRUNC(I89*P89,0) -> 0 | U89: =TRUNC(K89*P89,0) -> 0 | X89: =IFERROR(W89/F89,0) -> 0 | AB89: 190 | AD89: K2020010 | AF89: T | BU89: =HYPERLINK("#일위대가목록!A71","K2020010 →") -> K2020010 → | CA89: 57058 | CB89: 3994060 | CC89: 50000 | CD89: 3500000 | CE89: 6722 | CF89: 470540 | CG89: 336 | CH89: 23520 | CI89: No.54
A90: 보차도 경계석(직선) | B90: 화강석(200X250) | C90: M | D90: 225.5 | E90: =G90+I90+K90 -> 38939 | F90: =H90+J90+L90 -> 8780744 | G90: 26584 | H90: =TRUNC(G90*D90,0) -> 5994692 | I90: 11592 | J90: =TRUNC(I90*D90,0) -> 2613996 | K90: 763 | L90: =TRUNC(K90*D90,0) -> 172056 | O90: =IFERROR(N90/F90,0) -> 0 | Q90: =SUM(S90:U90) -> 0 | R90: =IFERROR(Q90/F90,0) -> 0 | S90: =TRUNC(G90*P90,0) -> 0 | T90: =TRUNC(I90*P90,0) -> 0 | U90: =TRUNC(K90*P90,0) -> 0 | X90: =IFERROR(W90/F90,0) -> 0 | AB90: 200 | AD90: K2040210 | AF90: A | BU90: =HYPERLINK("#일위대가목록!A26","K2040210 →") -> K2040210 → | CA90: 45313 | CB90: 10240738 | CC90: 30935 | CD90: 6991310 | CE90: 13490 | CF90: 3048740 | CG90: 888 | CH90: 200688 | CI90: No.55
A91: 보차도 경계석(곡선) | B91: 화강석(200X250) | C91: M | D91: 185 | E91: =G91+I91+K91 -> 59992 | F91: =H91+J91+L91 -> 11098520 | G91: 46084 | H91: =TRUNC(G91*D91,0) -> 8525540 | I91: 13050 | J91: =TRUNC(I91*D91,0) -> 2414250 | K91: 858 | L91: =TRUNC(K91*D91,0) -> 158730 | O91: =IFERROR(N91/F91,0) -> 0 | Q91: =SUM(S91:U91) -> 0 | R91: =IFERROR(Q91/F91,0) -> 0 | S91: =TRUNC(G91*P91,0) -> 0 | T91: =TRUNC(I91*P91,0) -> 0 | U91: =TRUNC(K91*P91,0) -> 0 | X91: =IFERROR(W91/F91,0) -> 0 | AB91: 210 | AD91: K2040220 | AF91: A | BU91: =HYPERLINK("#일위대가목록!A27","K2040220 →") -> K2040220 → | CA91: 69812 | CB91: 36651300 | CC91: 53627 | CD91: 28154175 | CE91: 15186 | CF91: 7972650 | CG91: 999 | CH91: 524475 | CI91: No.56
A92: 보차도 경계석(낮춤석) | B92: 화강석(200X100) | C92: M | D92: 63 | E92: =G92+I92+K92 -> 20052 | F92: =H92+J92+L92 -> 1263276 | G92: 13514 | H92: =TRUNC(G92*D92,0) -> 851382 | I92: 6135 | J92: =TRUNC(I92*D92,0) -> 386505 | K92: 403 | L92: =TRUNC(K92*D92,0) -> 25389 | O92: =IFERROR(N92/F92,0) -> 0 | Q92: =SUM(S92:U92) -> 0 | R92: =IFERROR(Q92/F92,0) -> 0 | S92: =TRUNC(G92*P92,0) -> 0 | T92: =TRUNC(I92*P92,0) -> 0 | U92: =TRUNC(K92*P92,0) -> 0 | X92: =IFERROR(W92/F92,0) -> 0 | AB92: 220 | AD92: K2040240 | AF92: A | BU92: =HYPERLINK("#일위대가목록!A28","K2040240 →") -> K2040240 → | CA92: 23336 | CB92: 396712 | CC92: 15726 | CD92: 267342 | CE92: 7140 | CF92: 121380 | CG92: 470 | CH92: 7990 | CI92: No.57
A93: 차선도색(실선) | B93: 백색:융착식 | C93: M2 | D93: 27.27 | E93: =G93+I93+K93 -> 17710 | F93: =H93+J93+L93 -> 482951 | G93: 15568 | H93: =TRUNC(G93*D93,0) -> 424539 | I93: 1916 | J93: =TRUNC(I93*D93,0) -> 52249 | K93: 226 | L93: =TRUNC(K93*D93,0) -> 6163 | O93: =IFERROR(N93/F93,0) -> 0 | Q93: =SUM(S93:U93) -> 0 | R93: =IFERROR(Q93/F93,0) -> 0 | S93: =TRUNC(G93*P93,0) -> 0 | T93: =TRUNC(I93*P93,0) -> 0 | U93: =TRUNC(K93*P93,0) -> 0 | X93: =IFERROR(W93/F93,0) -> 0 | AB93: 230 | AD93: K7011011 | AF93: A | BU93: =HYPERLINK("#일위대가목록!A29","K7011011 →") -> K7011011 → | CA93: 20610 | CB93: 1422090 | CC93: 18116 | CD93: 1250004 | CE93: 2230 | CF93: 153870 | CG93: 264 | CH93: 18216 | CI93: No.58
A94: 차선도색(문자,기호) | B94: 백색:융착식 | C94: M2 | D94: 60.98 | E94: =G94+I94+K94 -> 28100 | F94: =H94+J94+L94 -> 1713537 | G94: 16246 | H94: =TRUNC(G94*D94,0) -> 990681 | I94: 10598 | J94: =TRUNC(I94*D94,0) -> 646266 | K94: 1256 | L94: =TRUNC(K94*D94,0) -> 76590 | O94: =IFERROR(N94/F94,0) -> 0 | Q94: =SUM(S94:U94) -> 0 | R94: =IFERROR(Q94/F94,0) -> 0 | S94: =TRUNC(G94*P94,0) -> 0 | T94: =TRUNC(I94*P94,0) -> 0 | U94: =TRUNC(K94*P94,0) -> 0 | X94: =IFERROR(W94/F94,0) -> 0 | AB94: 240 | AD94: K7011031 | AF94: A | BU94: =HYPERLINK("#일위대가목록!A30","K7011031 →") -> K7011031 → | CA94: 32701 | CB94: 65402 | CC94: 18906 | CD94: 37812 | CE94: 12333 | CF94: 24666 | CG94: 1462 | CH94: 2924 | CI94: No.59
E95: =G95+I95+K95 -> 0 | F95: =H95+J95+L95 -> 0 | H95: 0 | J95: 0 | L95: 0 | O95: =IFERROR(N95/F95,0) -> 0 | Q95: =SUM(S95:U95) -> 0 | R95: =IFERROR(Q95/F95,0) -> 0 | X95: =IFERROR(W95/F95,0) -> 0 | AB95: 250 | CA95: 0 | CB95: 0 | CD95: 0 | CF95: 0 | CH95: 0
A96: 4. 부대공 | C96: 식 | D96: 1 | F96: =H96+J96+L96 -> 49834383 | H96: =TRUNC(H97+H98+H99+H100+H101+H102+H103+H104+H105,0) -> 179000 | J96: =TRUNC(J97+J98+J99+J100+J101+J102+J103+J104+J105,0) -> 17049000 | L96: =TRUNC(L97+L98+L99+L100+L101+L102+L103+L104+L105,0) -> 32606383 | O96: =IFERROR(N96/F96,0) -> 0 | Q96: =SUM(S96:U96) -> 33304440 | R96: =IFERROR(Q96/F96,0) -> 0.66830244 | S96: =TRUNC(S97+S98+S99+S100+S101+S102+S103+S104+S105,0) -> 132460 | T96: =TRUNC(T97+T98+T99+T100+T101+T102+T103+T104+T105,0) -> 12616260 | U96: =TRUNC(U97+U98+U99+U100+U101+U102+U103+U104+U105,0) -> 20555720 | X96: =IFERROR(W96/F96,0) -> 0 | AA96: A04 | CB96: 70878743 | CD96: 0 | CF96: 0 | CH96: 70878743
A97: 장비 운반비 | C97: 식 | D97: 1 | E97: =G97+I97+K97 -> 1728255 | F97: =H97+J97+L97 -> 1728255 | G97: 0 | H97: =TRUNC(G97*D97,0) -> 0 | I97: 0 | J97: =TRUNC(I97*D97,0) -> 0 | K97: 1728255 | L97: =TRUNC(K97*D97,0) -> 1728255 | O97: =IFERROR(N97/F97,0) -> 0 | Q97: =SUM(S97:U97) -> 0 | R97: =IFERROR(Q97/F97,0) -> 0 | S97: =TRUNC(G97*P97,0) -> 0 | T97: =TRUNC(I97*P97,0) -> 0 | U97: =TRUNC(K97*P97,0) -> 0 | X97: =IFERROR(W97/F97,0) -> 0 | AB97: 10 | AD97: K7011770-2 | AF97: A | BU97: =HYPERLINK("#일위대가목록!A31","K7011770-2 →") -> K7011770-2 → | CA97: 2011105 | CB97: 2011105 | CC97: 0 | CD97: 0 | CE97: 0 | CF97: 0 | CG97: 2011105 | CH97: 2011105 | CI97: No.60
A98: 철근운반 | B98: 구역화물 14.0TON이하 30km | C98: TON | D98: 7.115 | E98: =G98+I98+K98 -> 136869 | F98: =H98+J98+L98 -> 973822 | G98: 0 | H98: =TRUNC(G98*D98,0) -> 0 | I98: 0 | J98: =TRUNC(I98*D98,0) -> 0 | K98: 136869 | L98: =TRUNC(K98*D98,0) -> 973822 | O98: =IFERROR(N98/F98,0) -> 0 | Q98: =SUM(S98:U98) -> 0 | R98: =IFERROR(Q98/F98,0) -> 0 | S98: =TRUNC(G98*P98,0) -> 0 | T98: =TRUNC(I98*P98,0) -> 0 | U98: =TRUNC(K98*P98,0) -> 0 | X98: =IFERROR(W98/F98,0) -> 0 | AB98: 20 | AD98: GS012 | BU98: =HYPERLINK("#경비!A3","GS012 →") -> GS012 → | CA98: 159270 | CB98: 1298369 | CC98: 0 | CD98: 0 | CE98: 0 | CF98: 0 | CG98: 159270 | CH98: 1298369 | CI98: GS012
A99: 철근하차 | C99: TON | D99: 7.115 | E99: =G99+I99+K99 -> 1481 | F99: =H99+J99+L99 -> 10537 | G99: 0 | H99: =TRUNC(G99*D99,0) -> 0 | I99: 0 | J99: =TRUNC(I99*D99,0) -> 0 | K99: 1481 | L99: =TRUNC(K99*D99,0) -> 10537 | O99: =IFERROR(N99/F99,0) -> 0 | Q99: =SUM(S99:U99) -> 0 | R99: =IFERROR(Q99/F99,0) -> 0 | S99: =TRUNC(G99*P99,0) -> 0 | T99: =TRUNC(I99*P99,0) -> 0 | U99: =TRUNC(K99*P99,0) -> 0 | X99: =IFERROR(W99/F99,0) -> 0 | AB99: 30 | AD99: GS1000 | BU99: =HYPERLINK("#경비!A4","GS1000 →") -> GS1000 → | CA99: 1723.91 | CB99: 14053 | CC99: 0 | CD99: 0 | CE99: 0 | CF99: 0 | CG99: 1723.91 | CH99: 14053 | CI99: GS1000
A100: 흄관하차 | C100: TON | D100: 32.32 | E100: =G100+I100+K100 -> 1481 | F100: =H100+J100+L100 -> 47865 | G100: 0 | H100: =TRUNC(G100*D100,0) -> 0 | I100: 0 | J100: =TRUNC(I100*D100,0) -> 0 | K100: 1481 | L100: =TRUNC(K100*D100,0) -> 47865 | O100: =IFERROR(N100/F100,0) -> 0 | Q100: =SUM(S100:U100) -> 0 | R100: =IFERROR(Q100/F100,0) -> 0 | S100: =TRUNC(G100*P100,0) -> 0 | T100: =TRUNC(I100*P100,0) -> 0 | U100: =TRUNC(K100*P100,0) -> 0 | X100: =IFERROR(W100/F100,0) -> 0 | AB100: 40 | AD100: GS1000 | BU100: =HYPERLINK("#경비!A4","GS1000 →") -> GS1000 → | CA100: 1723.91 | CB100: 78282 | CC100: 0 | CD100: 0 | CE100: 0 | CF100: 0 | CG100: 1723.91 | CH100: 78282 | CI100: GS1000
...

Sheet 일위대가목록(신규)
A1: 일위대가목록(신규)
A2: 공 종 명 | B2: 규 격 | C2: 수 량 | D2: 단 위 | E2: 합 계 | F2: 재 료 비 | G2: 노 무 비 | H2: 경 비 | I2: 비 고 | T2: 재료비 | U2: 노무비 | V2: 경 비 | W2: 합 계 | Y2: 비교검토
A3: #11 터파기 | B3: BH 0.6M3, 인력10% | C3: 1 | D3: m3 | E3: =F3+G3+H3 -> 4950 | F3: =[4]일위대가_산근!C4 -> 292 | G3: =[4]일위대가_산근!D4 -> 4277 | H3: =[4]일위대가_산근!E4 -> 381 | K3: N1070 | L3: F | T3: 275 | U3: 4277 | V3: 381 | W3: 4933 | Y3: =EXACT($E3,$W3) -> FALSE
A4: #12 잔토처리 | B4: BH 0.6M3 | C4: 1 | D4: m3 | E4: =F4+G4+H4 -> 1561 | F4: =[4]일위대가_산근!C35 -> 278 | G4: =[4]일위대가_산근!D35 -> 920 | H4: =[4]일위대가_산근!E35 -> 363 | K4: N0860 | L4: F | T4: 261 | U4: 920 | V4: 363 | W4: 1544 | Y4: =EXACT($E4,$W4) -> FALSE
A5: #13 되메우기및다짐 | B5: BH 0.6M3, P.C 1.5ton, 인력10% | C5: 1 | D5: m3 | E5: =F5+G5+H5 -> 6988 | F5: =[4]일위대가_산근!C60 -> 440 | G5: =[4]일위대가_산근!D60 -> 6160 | H5: =[4]일위대가_산근!E60 -> 388 | K5: N1010 | L5: F | T5: 396 | U5: 6160 | V5: 370 | W5: 6926 | Y5: =EXACT($E5,$W5) -> FALSE
A6: #14 혼합골재부설 및 다짐 | B6: 기계:인력=9:1 | C6: 1 | D6: m3 | E6: =F6+G6+H6 -> 10702 | F6: =[4]일위대가_산근!C93 -> 1075 | G6: =[4]일위대가_산근!D93 -> 8587 | H6: =[4]일위대가_산근!E93 -> 1040 | K6: N0300 | L6: F | T6: 1013 | U6: 8589 | V6: 1041 | W6: 10643 | Y6: =EXACT($E6,$W6) -> FALSE
A7: ='일위대가_호표(신규)'!A3 -> No.1 PE관 설치 | B7: ='일위대가_호표(신규)'!B3 -> Φ200 | E7: =F7+G7+H7 -> 25314 | F7: ='일위대가_호표(신규)'!H9 -> 18130 | G7: ='일위대가_호표(신규)'!J9 -> 6976 | H7: ='일위대가_호표(신규)'!L9 -> 208
A8: ='일위대가_호표(신규)'!A11 -> No.2 스틸그레이팅 설치 | B8: ='일위대가_호표(신규)'!B11 -> 무소음닥타일 | C8: ='일위대가_호표(신규)'!C11 -> 1 | D8: ='일위대가_호표(신규)'!D11 -> M2 | E8: =F8+G8+H8 -> 285978 | F8: ='일위대가_호표(신규)'!H14 -> 272360 | G8: ='일위대가_호표(신규)'!J14 -> 13618 | H8: ='일위대가_호표(신규)'!L14 -> 0
A9: ='일위대가_호표(신규)'!A16 -> No.3 유공관설치 | B9: ='일위대가_호표(신규)'!B16 -> W310 | C9: ='일위대가_호표(신규)'!C16 -> 1 | D9: ='일위대가_호표(신규)'!D16 -> m | E9: =F9+G9+H9 -> 31404 | F9: ='일위대가_호표(신규)'!H24 -> 21691 | G9: ='일위대가_호표(신규)'!J24 -> 9515 | H9: ='일위대가_호표(신규)'!L24 -> 198
A10: ='일위대가_호표(신규)'!A26 -> No.4 P.V.C관 접합 및 부설 | B10: ='일위대가_호표(신규)'!B26 -> 고무링접합,150m적용 | C10: ='일위대가_호표(신규)'!C26 -> 1 | D10: ='일위대가_호표(신규)'!D26 -> m | E10: =F10+G10+H10 -> 7175 | F10: ='일위대가_호표(신규)'!H29 -> 0 | G10: ='일위대가_호표(신규)'!J29 -> 7175 | H10: ='일위대가_호표(신규)'!L29 -> 0
A11: ='일위대가_호표(신규)'!A31 -> No.5 가설방음벽(RPP) | B11: ='일위대가_호표(신규)'!B31 -> 방음벽3m+방진망1m | C11: 1 | D11: m | E11: =F11+G11+H11 -> 91887 | F11: ='일위대가_호표(신규)'!H33 -> 358 | G11: ='일위대가_호표(신규)'!J33 -> 36530 | H11: ='일위대가_호표(신규)'!L33 -> 54999

Sheet 일위대가_호표(신규)
A1: 공 종 명 | B1: 규 격 | C1: 수량 | D1: 단위 | E1: 합 계 | G1: 재 료 비 | I1: 노 무 비 | K1: 경 비 | M1: 비 고
E2: 단 가 | F2: 금 액 | G2: 단 가 | H2: 금 액 | I2: 단 가 | J2: 금 액 | K2: 단 가 | L2: 금 액 | S2: 할 증 | T2: 화폐변환 | U2: OP값 | V2: EQ | W2: LA | X2: MA | Y2: 금액계상
A3: No.1 PE관 설치 | B3: Φ200 | C3: 1 | D3: M | F3: =H3+J3+L3 -> 29000 | H3: =TRUNC(H5+H6+H7+H8,0) -> 20769 | J3: =TRUNC(J5+J6+J7+J8,0) -> 7992 | L3: =TRUNC(L5+L6+L7+L8,0) -> 239 | O3: K50200200
A4: (2025년 건설공사표준품셈 6-5-2 밴드 접합 및 부설 | E4: =G4+I4+K4 -> 0 | F4: =H4+J4+L4 -> 0 | H4: 0 | J4: 0 | L4: 0 | P4: 10
A5: PE관 | B5: Φ200mm | C5: 1.05 | D5: M | E5: =G5+I5+K5 -> 19780 | F5: =H5+J5+L5 -> 20769 | G5: =[4]자재조서!E5 -> 19780 | H5: =TRUNC(G5*C5,0) -> 20769 | I5: 0 | K5: 0 | P5: 20 | R5: M5380200
A6: 배 관 공(부설)(2/13/6) | C6: 0.0256 | D6: 인 | E6: =G6+I6+K6 -> 229482 | F6: =H6+J6+L6 -> 5874 | G6: 0 | I6: =[4]노임!D3 -> 229482 | J6: =TRUNC(I6*C6,0) -> 5874 | K6: 0 | N6: 56900017030 | P6: 30 | R6: L028
A7: 보통인부(부설)(1/13/6) | C7: 0.0128 | D7: 인 | E7: =G7+I7+K7 -> 165545 | F7: =H7+J7+L7 -> 2118 | G7: 0 | I7: =[4]노임!D4 -> 165545 | J7: =TRUNC(I7*C7,0) -> 2118 | K7: 0 | P7: 40 | R7: L085
A8: 공구손료 | B8: 인력품의3% | C8: 1 | D8: 식 | E8: =G8+I8+K8 -> 0 | F8: =H8+J8+L8 -> 239 | H8: 0 | J8: 0 | L8: =TRUNC((((J6*[4]전역변수!C34)+(J7*[4]전역변수!C34))*0.03),0) -> 239 | P8: 50 | R8: F | X8: EQ=LA(30,0,40)*0.03 | AA8: EQ+ = | AB8: =(('일위대가_호표(신규)'!J6*[4]전역변수!C34)+('일위대가_호표(신규)'!J7*[4]전역변수!C34))*0.03 -> 239.76 | AC8: EQ = | AD8: =$AB7 -> 0
A9: 낙찰율적용 | B9: 87.295% | F9: =H9+J9+L9 -> 25314 | H9: =TRUNC(H3*$B9) -> 18130 | J9: =TRUNC(J3*$B9) -> 6976 | L9: =TRUNC(L3*$B9) -> 208 | P9: 60
A11: No.2 스틸그레이팅 설치 | B11: 무소음닥타일 | C11: 1 | D11: M2 | F11: =H11+J11+L11 -> 327600 | H11: =TRUNC(H12,0) -> 312000 | J11: =TRUNC(J13,0) -> 15600 | L11: =TRUNC(L13,0) -> 0 | O11: K60000210
A12: 스틸그레이팅 | B12: 중하중 395*995*52 | C12: 1 | D12: M2 | E12: =G12+I12+K12 -> 312000 | F12: =H12+J12+L12 -> 312000 | G12: =[4]자재조서!E4 -> 312000 | H12: =TRUNC(G12*C12,0) -> 312000 | I12: 0 | K12: 0 | P12: 10 | Q12: * | R12: M1572002
A13: 설치비 | B13: 재료비의5% | C13: 1 | D13: 식 | E13: =G13+I13+K13 -> 0 | F13: =H13+J13+L13 -> 15600 | H13: 0 | J13: =TRUNC((H12*5/100),0) -> 15600 | L13: 0 | P13: 20 | R13: F | X13: .LA=MA(10)*5/100 | AA13: LA+ = | AB13: ='일위대가_호표(신규)'!H12*5/100 -> 15600 | AC13: LA = | AD13: =$AB12 -> 0
A14: 낙찰율적용 | B14: 87.295% | F14: =H14+J14+L14 -> 285978 | H14: =TRUNC(H11*$B14) -> 272360 | J14: =TRUNC(J11*$B14) -> 13618 | L14: =TRUNC(L11*$B14) -> 0 | P14: 60
A16: No.3 유공관설치 | B16: W310 | C16: 1 | D16: m | F16: =H16+J16+L16 -> 35975 | H16: =TRUNC(H17+H18+H19+H20+H21+H22+H23,0) -> 24848 | J16: =TRUNC(J17+J18+J19+J20+J21+J22+J23,0) -> 10900 | L16: =TRUNC(L17+L18+L19+L20+L21+L22+L23,0) -> 227 | O16: HW0081
A17: 터파기 | B17: BH 0.6M3, 인력10% | C17: 0.25 | D17: m3 | E17: =G17+I17+K17 -> 4950 | F17: =H17+J17+L17 -> 1237 | G17: =[4]일위대가목록!F3 -> 292 | H17: =TRUNC(G17*C17,0) -> 73 | I17: =[4]일위대가목록!G3 -> 4277 | J17: =TRUNC(I17*C17,0) -> 1069 | K17: =[4]일위대가목록!H3 -> 381 | L17: =TRUNC(K17*C17,0) -> 95 | P17: 10 | R17: N1070 | T17: F
A18: 잔토처리 | B18: BH 0.6M3 | C18: 0.04 | D18: m3 | E18: =G18+I18+K18 -> 1561 | F18: =H18+J18+L18 -> 61 | G18: =[4]일위대가목록!F4 -> 278 | H18: =TRUNC(G18*C18,0) -> 11 | I18: =[4]일위대가목록!G4 -> 920 | J18: =TRUNC(I18*C18,0) -> 36 | K18: =[4]일위대가목록!H4 -> 363 | L18: =TRUNC(K18*C18,0) -> 14 | P18: 20 | R18: N0860 | T18: F
A19: 되메우기및다짐 | B19: BH 0.6M3, 램머, 인력10% | C19: 0.2 | D19: m3 | E19: =G19+I19+K19 -> 6988 | F19: =H19+J19+L19 -> 1397 | G19: =[4]일위대가목록!F5 -> 440 | H19: =TRUNC(G19*C19,0) -> 88 | I19: =[4]일위대가목록!G5 -> 6160 | J19: =TRUNC(I19*C19,0) -> 1232 | K19: =[4]일위대가목록!H5 -> 388 | L19: =TRUNC(K19*C19,0) -> 77 | P19: 30 | R19: N1010 | T19: F
A20: 혼합골재 | B20: 보조기층용 | C20: 0.042 | D20: m3 | E20: =G20+I20+K20 -> 24000 | F20: =H20+J20+L20 -> 1008 | G20: =[4]자재조서!E6 -> 24000 | H20: =TRUNC(G20*C20,0) -> 1008 | I20: 0 | K20: 0 | P20: 40 | R20: MB-4500
A21: 혼합골재부설 및 다짐 | B21: 기계:인력=8:2 | C21: 0.04 | D21: m3 | E21: =G21+I21+K21 -> 10702 | F21: =H21+J21+L21 -> 427 | G21: =[4]일위대가목록!F6 -> 1075 | H21: =TRUNC(G21*C21,0) -> 43 | I21: =[4]일위대가목록!G6 -> 8587 | J21: =TRUNC(I21*C21,0) -> 343 | K21: =[4]일위대가목록!H6 -> 1040 | L21: =TRUNC(K21*C21,0) -> 41 | P21: 50 | R21: N0300 | T21: F
A22: 메가플로 파이프 | B22: T40,W310 | C22: 1.05 | D22: m | E22: =G22+I22+K22 -> 22500 | F22: =H22+J22+L22 -> 23625 | G22: =[4]자재조서!E7 -> 22500 | H22: =TRUNC(G22*C22,0) -> 23625 | I22: 0 | K22: 0 | P22: 60 | R22: MW-502
A23: P.V.C관 접합 및 부설 | B23: 고무링접합,150m적용 | C23: 1 | D23: m | E23: =G23+I23+K23 -> 8220 | F23: =H23+J23+L23 -> 8220 | G23: =[4]일위대가목록!F10 -> 0 | H23: =TRUNC(G23*C23,0) -> 0 | I23: =[4]일위대가목록!G10 -> 8220 | J23: =TRUNC(I23*C23,0) -> 8220 | K23: =[4]일위대가목록!H10 -> 0 | L23: =TRUNC(K23*C23,0) -> 0 | P23: 70 | R23: SBC7101 | T23: T
A24: 낙찰율적용 | B24: 87.295% | F24: =H24+J24+L24 -> 31404 | H24: =TRUNC(H16*$B24) -> 21691 | J24: =TRUNC(J16*$B24) -> 9515 | L24: =TRUNC(L16*$B24) -> 198 | P24: 60
A26: No.4 P.V.C관 접합 및 부설 | B26: 고무링접합,150m적용 | C26: 1 | D26: m | F26: =H26+J26+L26 -> 8220 | H26: =TRUNC(H27+H28,0) -> 0 | J26: =TRUNC(J27+J28,0) -> 8220 | L26: =TRUNC(L27+L28,0) -> 0 | O26: SBC7101
A27: 배 관 공 | C27: 0.025 | D27: 인 | E27: =G27+I27+K27 -> 229482 | F27: =H27+J27+L27 -> 5737 | G27: 0 | I27: =[4]노임!D3 -> 229482 | J27: =TRUNC(I27*C27,0) -> 5737 | K27: 0 | N27: 56900017030 | P27: 5 | R27: L028
A28: 보통인부 | C28: 0.015 | D28: 인 | E28: =G28+I28+K28 -> 165545 | F28: =H28+J28+L28 -> 2483 | G28: 0 | I28: =[4]노임!D4 -> 165545 | J28: =TRUNC(I28*C28,0) -> 2483 | K28: 0 | N28: 56900017041 | P28: 10 | R28: L085
A29: 낙찰율적용 | B29: 87.295% | F29: =H29+J29+L29 -> 7175 | H29: =TRUNC(H26*$B29) -> 0 | J29: =TRUNC(J26*$B29) -> 7175 | L29: =TRUNC(L26*$B29) -> 0 | P29: 60
A31: No.5 가설방음벽(RPP) | B31: 방음벽3m+방진망1m | C31: 1 | D31: m | F31: =H31+J31+L31 -> 105262 | H31: =H32 -> 411 | J31: =J32 -> 41847 | L31: =L32 -> 63004 | O31: SBC7101
A32: 가설방음벽(RPP) | B32: H=4.0m(방음3m+방진1m) | C32: 1 | D32: m | E32: =G32+I32+K32 -> 105262 | F32: =H32+J32+L32 -> 105262 | G32: ='일위대가_산근 (신규)'!C208 -> 411 | H32: =TRUNC(G32*$C$32,0) -> 411 | I32: ='일위대가_산근 (신규)'!D208 -> 41847 | J32: =TRUNC(I32*$C$32,0) -> 41847 | K32: ='일위대가_산근 (신규)'!E208 -> 63004 | L32: =TRUNC(K32*$C$32,0) -> 63004
A33: 낙찰율적용 | B33: 87.295% | F33: =H33+J33+L33 -> 91887 | H33: =TRUNC(H31*$B$33,0) -> 358 | J33: =TRUNC(J31*$B$33,0) -> 36530 | L33: =TRUNC(L31*$B$33,0) -> 54999 | P33: 60

Sheet 일위대가_산근 (신규)
A1: 일위대가_산근
A2: 산 출 근 거 | B2: 합 계 | C2: 재 료 비 | D2: 노 무 비 | E2: 경 비 | F2: 비 고
AA3: ※ 노란색 셀을 수정하고 툴바에서 수식 > 시트계산을 하면
A4: #11 터파기 | BH 0.6M3, 인력10%|m3 | B4: =$B33 -> 4950 | C4: =$C33 -> 292 | D4: =$D33 -> 4277 | E4: =$E33 -> 381 | H4: N1070 | K4: 1 | Y4: =EXACT($Z4,$B33) -> FALSE | Z4: 4933 | AA4: 엑셀 수식이 적용됩니다. (단축키 F9 키)
I6: 30 | K6: F
A8: 터파기(백호우0.6M3 90%):M3 | K8: '터파기(백호우0.6M3 90%):M3 '
A10: =CONCATENATE(" q=",TEXT($AB10,"#,##0.0"),", K=",TEXT($AF10,"#,##0.00"),", E=",TEXT($AJ10,"#,##0.0")) -> q=0.6, K=0.90, E=0.6 | K10: =SUBSTITUTE(SUBSTITUTE(SUBSTITUTE(SUBSTITUTE(" q=0.6, K=0.90, E=0.6","0.6",TEXT($AB10,"#,##0.0"),1),"0.90",TEXT($AF10,"#,##0.00"),1),"0.6",TEXT($AJ10,"#,##0.0"),2),"_x001D_","'") -> q=0.6, K=0.90, E=0.6 | AA10: Q = | AB10: 0.6 | AC10: Q = | AD10: =$AB10 -> 0.6 | AE10: K = | AF10: 0.9 | AG10: K = | AH10: =$AF10 -> 0.9 | AI10: E = | AJ10: 0.6 | AK10: E = | AL10: =$AJ10 -> 0.6
A12: =CONCATENATE(" CM=",TEXT($AB12,"#,##0.00")," sec(90°) , F=",TEXT($AF12,"#,##0.0")) -> CM=18.00 sec(90°) , F=0.8 | K12: =SUBSTITUTE(SUBSTITUTE(SUBSTITUTE(" CM=18_x001D_sec(90°)_x001D_, F=0.8","18",TEXT($AB12,"#,##0"),1),"0.8",TEXT($AF12,"#,##0.0"),1),"_x001D_","'") -> CM=18'sec(90°)', F=0.8 | AA12: CM = | AB12: 18 | AC12: CM = | AD12: =$AB12 -> 18 | AE12: F = | AF12: 0.8 | AG12: F = | AH12: =$AF12 -> 0.8
A14: =CONCATENATE(" Q=(3600*",TEXT($AB14,"#,##0.00"),"*",TEXT($AF14,"#,##0.00"),"*",TEXT($AJ14,"#,##0.00"),"*",TEXT($AN14,"#,##0.00"),")/",TEXT($AR14,"#,##0.00"),"=",TEXT($AZ14,"#,##0.00")," M3/HR ") -> Q=(3600*0.60*0.90*0.80*0.60)/18.00=51.84 M3/HR | B14: =SUM($C14,$D14,$E14) -> 0 | K14: Q=(3600*{q}*{K}*{F}*{E})/{CM}=?'M3/HR' | AA14: 14_1_1+ = | AB14: =$AD10 -> 0.6 | AC14: 14_1_1 = | AD14: =$AB14 -> 0.6 | AE14: 14_1_2+ = | AF14: =$AH10 -> 0.9 | AG14: 14_1_2 = | AH14: =$AF14 -> 0.9 | AI14: 14_1_3+ = | AJ14: =$AH12 -> 0.8 | AK14: 14_1_3 = | AL14: =$AJ14 -> 0.8 | AM14: 14_1_4+ = | AN14: =$AL10 -> 0.6 | AO14: 14_1_4 = | AP14: =$AN14 -> 0.6 | AQ14: 14_1_5+ = | AR14: =$AD12 -> 18 | AS14: 14_1_5 = | AT14: =$AR14 -> 18 | AU14: Q+ = | AV14: =ROUND((3600*$AD14*$AH14*$AL14*$AP14)/$AT14,2) -> 51.84 | AW14: Q = | AX14: =$AV14 -> 51.84 | AY14: 14_1_6+ = | AZ14: =ROUND((3600*$AD14*$AH14*$AL14*$AP14)/$AT14,2) -> 51.84 | BA14: 14_1_6 = | BB14: =$AZ14 -> 51.84
A17: =CONCATENATE(" 재 료 비 : ",TEXT($AB17,"#,##0.00"),"/",TEXT($AF17,"#,##0.00"),"*0.9 =",TEXT($AJ17,"#,##0.00")) -> 재 료 비 : 16,824.00/51.84*0.9 =292.00 | B17: =SUM($C17,$D17,$E17) -> 292 | C17: =$AJ17 -> 292 | K17: '재 료 비 : '~E0002010060.M~/{Q}*0.9 =?MA+ | AA17: 17_1_1+ = | AB17: =[4]중기사용료목록!E3 -> 16824 | AC17: 17_1_1 = | AD17: =$AB17 -> 16824 | AE17: 17_1_2+ = | AF17: =$AX14 -> 51.84 | AG17: 17_1_2 = | AH17: =$AF17 -> 51.84 | AI17: MA+ = | AJ17: =TRUNC($AD17/$AH17*0.9,0) -> 292 | AK17: MA = | AL17: =$AJ17 -> 292
A19: =CONCATENATE(" 노 무 비 : ",TEXT($AB19,"#,##0.00"),"/",TEXT($AF19,"#,##0.00"),"*0.9 =",TEXT($AJ19,"#,##0.00")) -> 노 무 비 : 55,700.00/51.84*0.9 =967.00 | B19: =SUM($C19,$D19,$E19) -> 967 | D19: =$AJ19 -> 967 | K19: '노 무 비 : '~E0002010060.L~/{Q}*0.9 =?LA+ | AA19: 19_1_1+ = | AB19: =[4]중기사용료목록!F3 -> 55700 | AC19: 19_1_1 = | AD19: =$AB19 -> 55700 | AE19: 19_1_2+ = | AF19: =$AX14 -> 51.84 | AG19: 19_1_2 = | AH19: =$AF19 -> 51.84 | AI19: LA+ = | AJ19: =TRUNC($AD19/$AH19*0.9,0) -> 967 | AK19: LA = | AL19: =$AJ19 -> 967
A21: =CONCATENATE(" 경 비 : ",TEXT($AB21,"#,##0.00"),"/",TEXT($AF21,"#,##0.00"),"*0.9 =",TEXT($AJ21,"#,##0.00")) -> 경 비 : 21,957.00/51.84*0.9 =381.00 | B21: =SUM($C21,$D21,$E21) -> 381 | E21: =$AJ21 -> 381 | K21: '경 비 : '~E0002010060.E~/{Q}*0.9 =?EQ+ | AA21: 21_1_1+ = | AB21: =[4]중기사용료목록!G3 -> 21957 | AC21: 21_1_1 = | AD21: =$AB21 -> 21957 | AE21: 21_1_2+ = | AF21: =$AX14 -> 51.84 | AG21: 21_1_2 = | AH21: =$AF21 -> 51.84 | AI21: EQ+ = | AJ21: =TRUNC($AD21/$AH21*0.9,0) -> 381 | AK21: EQ = | AL21: =$AJ21 -> 381
A23: 소계 : | B23: =SUM($C23,$D23,$E23) -> 1640 | C23: =$AB23 -> 292 | D23: =$AD23 -> 967 | E23: =$AF23 -> 381 | K23: > ' 소계 : ' | AA23: >MA = | AB23: =$AL17 -> 292 | AC23: >LA = | AD23: =$AL19 -> 967 | AE23: >EQ = | AF23: =$AL21 -> 381
A25: 터파기(인력10%):M3 | K25: '터파기(인력10%):M3 '
A27: =CONCATENATE(" 노 무 비 : ",TEXT($AB27,"#,##0.00"),"*0.2*0.1 =",TEXT($AF27,"#,##0.00")) -> 노 무 비 : 165,545.00*0.2*0.1 =3,310.00 | B27: =SUM($C27,$D27,$E27) -> 3310 | D27: =$AF27 -> 3310 | K27: '노 무 비 : '~L085~*0.2*0.1 =?LA+ | AA27: 27_1_1+ = | AB27: =([4]노임!D4*[4]전역변수!C34) -> 165545 | AC27: 27_1_1 = | AD27: =$AB27 -> 165545 | AE27: LA+ = | AF27: =TRUNC($AD27*0.2*0.1,0) -> 3310 | AG27: LA = | AH27: =$AL19+$AF27 -> 4277
A29: 소계 : | B29: =SUM($C29,$D29,$E29) -> 3310 | C29: =$AB29 -> 0 | D29: =$AD29 -> 3310 | E29: =$AF29 -> 0 | K29: > ' 소계 : ' | AA29: >MA = | AB29: =$AL17-$AL17 -> 0 | AC29: >LA = | AD29: =$AH27-$AL19 -> 3310 | AE29: >EQ = | AF29: =$AL21-$AL21 -> 0
A31: 합계 : | B31: =SUM($C31,$D31,$E31) -> 4950 | C31: =$AB31 -> 292 | D31: =$AD31 -> 4277 | E31: =$AF31 -> 381 | K31: >> ' 합계 : ' | AA31: >>MA = | AB31: =$AL17 -> 292 | AC31: >>LA = | AD31: =$AH27 -> 4277 | AE31: >>EQ = | AF31: =$AL21 -> 381
A33: 전체 합계 | B33: =SUM($C33,$D33,$E33) -> 4950 | C33: =TRUNC(SUM($AL17),0) -> 292 | D33: =TRUNC(SUM($AH27),0) -> 4277 | E33: =TRUNC(SUM($AL21),0) -> 381
A35: #12 잔토처리 | BH 0.6M3|m3 | B35: =$B58 -> 1561 | C35: =$C58 -> 278 | D35: =$D58 -> 920 | E35: =$E58 -> 363 | H35: N0860 | K35: 1 | Y35: =EXACT($Z35,$B58) -> FALSE | Z35: 1544
I37: 10 | K37: F
A38: ◈ 잔토처리(잔토) (굴삭기0.6㎥,덤프15T)/M3 | K38: ' ◈ 잔토처리(잔토) (굴삭기0.6㎥,덤프15T)/M3'
A40: 1) 상 차 (굴삭기 0.6㎥) | K40: 1) 상 차 (굴삭기 0.6㎥)
A42: =CONCATENATE(" q=",TEXT($AB42,"#,##0.0"),", K=",TEXT($AF42,"#,##0.0"),", L=",TEXT($AJ42,"#,##0.00")) -> q=0.6, K=0.9, L=1.25 | K42: =SUBSTITUTE(SUBSTITUTE(SUBSTITUTE(SUBSTITUTE(" q = 0.6, K = 0.9, L = 1.25","0.6",TEXT($AB42,"#,##0.0"),1),"0.9",TEXT($AF42,"#,##0.0"),1),"1.25",TEXT($AJ42,"#,##0.00"),1),"_x001D_","'") -> q = 0.6, K = 0.9, L = 1.25 | AA42: Q = | AB42: 0.6 | AC42: Q = | AD42: =$AB42 -> 0.6 | AE42: K = | AF42: 0.9 | AG42: K = | AH42: =$AF42 -> 0.9 | AI42: L = | AJ42: 1.25 | AK42: L = | AL42: =$AJ42 -> 1.25
A44: =CONCATENATE(" f = 1/",TEXT($AB44,"#,##0.00")," = "," , E1=",TEXT($AN44,"#,##0.0"),", Cm=",TEXT($AR44,"#,##0.00")," sec(135°) ") -> f = 1/1.25 = , E1=0.7, Cm=18.00 sec(135°) | B44: =SUM($C44,$D44,$E44) -> 0 | K44: =SUBSTITUTE(SUBSTITUTE(SUBSTITUTE(" f = 1/{L} = ? , E1 = 0.7, Cm = 18_x001D_sec(135°)_x001D_","0.7",TEXT($AN44,"#,##0.0"),1),"18",TEXT($AR44,"#,##0"),1),"_x001D_","'") -> f = 1/{L} = ? , E1 = 0.7, Cm = 18'sec(135°)' | AA44: 44_1_1+ = | AB44: =$AL42 -> 1.25 | AC44: 44_1_1 = | AD44: =$AB44 -> 1.25 | AE44: F+ = | AF44: =ROUND(1/$AD44,2) -> 0.8 | AG44: F = | AH44: =$AF44 -> 0.8 | AI44: 44_1_2+ = | AJ44: =ROUND(1/$AD44,2) -> 0.8 | AK44: 44_1_2 = | AL44: =$AJ44 -> 0.8 | AM44: E1 = | AN44: 0.7 | AO44: E1 = | AP44: =$AN44 -> 0.7 | AQ44: CM = | AR44: 18 | AS44: CM = | AT44: =$AR44 -> 18
A46: =CONCATENATE(" Q = 3600 * q * K * f * E1 / Cm = ",TEXT($AF46,"#,##0.00")," M3/HR") -> Q = 3600 * q * K * f * E1 / Cm = 6,096.38 M3/HR | B46: =SUM($C46,$D46,$E46) -> 0 | K46: Q = 3600 * q * K * f * E1 / Cm = {?}'M3/HR' | AA46: Q+ = | AB46: =ROUND(3600*$AD42*$AH42*$AH44*$AP44/$AT44,2) -> 60.48 | AC46: Q = | AD46: =$AB46 -> 60.48 | AE46: 46_1_1+ = | AF46: =ROUND(3600*$AD46*$AH42*$AH44*$AP44/$AT44,2) -> 6096.38 | AG46: 46_1_1 = | AH46: =$AF46 -> 6096.38
A48: =CONCATENATE(" 재 료 비 : ",TEXT($AB48,"#,##0.00"),"/",TEXT($AF48,"#,##0.00")," =",TEXT($AJ48,"#,##0.00")) -> 재 료 비 : 16,824.00/60.48 =278.00 | B48: =SUM($C48,$D48,$E48) -> 278 | C48: =$AJ48 -> 278 | K48: '재 료 비 : '~E0002010060.M~/{Q} =?MA+ | AA48: 48_1_1+ = | AB48: =[4]중기사용료목록!E3 -> 16824 | AC48: 48_1_1 = | AD48: =$AB48 -> 16824 | AE48: 48_1_2+ = | AF48: =$AD46 -> 60.48 | AG48: 48_1_2 = | AH48: =$AF48 -> 60.48 | AI48: MA+ = | AJ48: =TRUNC($AD48/$AH48,0) -> 278 | AK48: MA = | AL48: =$AJ48 -> 278
A50: =CONCATENATE(" 노 무 비 : ",TEXT($AB50,"#,##0.00"),"/",TEXT($AF50,"#,##0.00")," =",TEXT($AJ50,"#,##0.00")) -> 노 무 비 : 55,700.00/60.48 =920.00 | B50: =SUM($C50,$D50,$E50) -> 920 | D50: =$AJ50 -> 920 | K50: '노 무 비 : '~E0002010060.L~/{Q} =?LA+ | AA50: 50_1_1+ = | AB50: =[4]중기사용료목록!F3 -> 55700 | AC50: 50_1_1 = | AD50: =$AB50 -> 55700 | AE50: 50_1_2+ = | AF50: =$AD46 -> 60.48 | AG50: 50_1_2 = | AH50: =$AF50 -> 60.48 | AI50: LA+ = | AJ50: =TRUNC($AD50/$AH50,0) -> 920 | AK50: LA = | AL50: =$AJ50 -> 920
A52: =CONCATENATE(" 경 비 : ",TEXT($AB52,"#,##0.00"),"/",TEXT($AF52,"#,##0.00")," =",TEXT($AJ52,"#,##0.00")) -> 경 비 : 21,957.00/60.48 =363.00 | B52: =SUM($C52,$D52,$E52) -> 363 | E52: =$AJ52 -> 363 | K52: '경 비 : '~E0002010060.E~/{Q} =?EQ+ | AA52: 52_1_1+ = | AB52: =[4]중기사용료목록!G3 -> 21957 | AC52: 52_1_1 = | AD52: =$AB52 -> 21957 | AE52: 52_1_2+ = | AF52: =$AD46 -> 60.48 | AG52: 52_1_2 = | AH52: =$AF52 -> 60.48 | AI52: EQ+ = | AJ52: =TRUNC($AD52/$AH52,0) -> 363 | AK52: EQ = | AL52: =$AJ52 -> 363
A56: 합계 : | B56: =SUM($C56,$D56,$E56) -> 1561 | C56: =$AB56 -> 278 | D56: =$AD56 -> 920 | E56: =$AF56 -> 363 | K56: >> ' 합계 : ' | AA56: >>MA = | AB56: =$AL48 -> 278 | AC56: >>LA = | AD56: =$AL50 -> 920 | AE56: >>EQ = | AF56: =$AL52 -> 363
A58: 전체 합계 | B58: =SUM($C58,$D58,$E58) -> 1561 | C58: =TRUNC(SUM($AL48),0) -> 278 | D58: =TRUNC(SUM($AL50),0) -> 920 | E58: =TRUNC(SUM($AL52),0) -> 363
A60: #13 되메우기및다짐 | BH 0.6M3, P.C 1.5ton, 인력10%|m3 | B60: =$B91 -> 6988 | C60: =$C91 -> 440 | D60: =$D91 -> 6160 | E60: =$E91 -> 388 | H60: N1010 | K60: 1 | Y60: =EXACT($Z60,$B91) -> FALSE | Z60: 6926
I62: 10 | K62: F
A63: 1. 되메우기(기계 90%, 인력 10%) | K63: 1. 되메우기(기계 90%, 인력 10%)
A65: 가. 기계(백호우 0.6㎥, 90%) | K65: 가. 기계(백호우 0.6㎥, 90%)
A66: =CONCATENATE(" q=",TEXT($AB66,"#,##0.0"),", K=",TEXT($AF66,"#,##0.0"),", f = 0.875/1.25 = ",TEXT($AN66,"#,##0.00")) -> q=0.6, K=1.1, f = 0.875/1.25 = 0.70 | B66: =SUM($C66,$D66,$E66) -> 0 | K66: =SUBSTITUTE(SUBSTITUTE(SUBSTITUTE(" q = 0.6, K = 1.1, f = 0.875/1.25 = ?","0.6",TEXT($AB66,"#,##0.0"),1),"1.1",TEXT($AF66,"#,##0.0"),1),"_x001D_","'") -> q = 0.6, K = 1.1, f = 0.875/1.25 = ? | AA66: Q = | AB66: 0.6 | AC66: Q = | AD66: =$AB66 -> 0.6 | AE66: K = | AF66: 1.1 | AG66: K = | AH66: =$AF66 -> 1.1 | AI66: F+ = | AJ66: =ROUND(0.875/1.25,2) -> 0.7 | AK66: F = | AL66: =$AJ66 -> 0.7 | AM66: 66_3_1+ = | AN66: =ROUND(0.875/1.25,2) -> 0.7 | AO66: 66_3_1 = | AP66: =$AN66 -> 0.7
A67: =CONCATENATE(" Cm=",TEXT($AB67,"#,##0.00")," (90°) ,E=",TEXT($AF67,"#,##0.00")) -> Cm=18.00 (90°) ,E=0.70 | K67: =SUBSTITUTE(SUBSTITUTE(SUBSTITUTE(" Cm = 18_x001D_(90°)_x001D_,E = 0.70","18",TEXT($AB67,"#,##0"),1),"0.70",TEXT($AF67,"#,##0.00"),1),"_x001D_","'") -> Cm = 18'(90°)',E = 0.70 | AA67: CM = | AB67: 18 | AC67: CM = | AD67: =$AB67 -> 18 | AE67: E = | AF67: 0.7 | AG67: E = | AH67: =$AF67 -> 0.7
A68: =CONCATENATE(" Q = 3600 * q * f * K * E / Cm = ",TEXT($AF68,"#,##0.00")) -> Q = 3600 * q * f * K * E / Cm = 6,972.50 | B68: =SUM($C68,$D68,$E68) -> 0 | K68: Q = 3600 * q * f * K * E / Cm = ? | AA68: Q+ = | AB68: =ROUND(3600*$AD66*$AL66*$AH66*$AH67/$AD67,2) -> 64.68 | AC68: Q = | AD68: =$AB68 -> 64.68 | AE68: 68_1_1+ = | AF68: =ROUND(3600*$AD68*$AL66*$AH66*$AH67/$AD67,2) -> 6972.5 | AG68: 68_1_1 = | AH68: =$AF68 -> 6972.5
A69: =CONCATENATE(" 노무비 : ",TEXT($AB69,"#,##0.00")," / Q * 0.9 = ",TEXT($AF69,"#,##0.00")) -> 노무비 : 55,700.00 / Q * 0.9 = 775.00 | B69: =SUM($C69,$D69,$E69) -> 775 | D69: =$AF69 -> 775 | K69: ' 노무비 :'~E0002010060.L~ / Q * 0.9 = ?LA+ | AA69: 69_1_1+ = | AB69: =[4]중기사용료목록!F3 -> 55700 | AC69: 69_1_1 = | AD69: =$AB69 -> 55700 | AE69: LA+ = | AF69: =TRUNC($AD69/$AD68*0.9,0) -> 775 | AG69: LA = | AH69: =$AF69 -> 775
A70: =CONCATENATE(" 재료비 : ",TEXT($AB70,"#,##0.00")," / Q * 0.9 = ",TEXT($AF70,"#,##0.00")) -> 재료비 : 16,824.00 / Q * 0.9 = 234.00 | B70: =SUM($C70,$D70,$E70) -> 234 | C70: =$AF70 -> 234 | K70: ' 재료비 :'~E0002010060.M~ / Q * 0.9 = ?MA+ | AA70: 70_1_1+ = | AB70: =[4]중기사용료목록!E3 -> 16824 | AC70: 70_1_1 = | AD70: =$AB70 -> 16824 | AE70: MA+ = | AF70: =TRUNC($AD70/$AD68*0.9,0) -> 234 | AG70: MA = | AH70: =$AF70 -> 234
A71: =CONCATENATE(" 경 비 : ",TEXT($AB71,"#,##0.00")," / Q * 0.9 = ",TEXT($AF71,"#,##0.00")) -> 경 비 : 21,957.00 / Q * 0.9 = 305.00 | B71: =SUM($C71,$D71,$E71) -> 305 | E71: =$AF71 -> 305 | K71: ' 경 비 :'~E0002010060.E~ / Q * 0.9 = ?EQ+ | AA71: 71_1_1+ = | AB71: =[4]중기사용료목록!G3 -> 21957 | AC71: 71_1_1 = | AD71: =$AB71 -> 21957 | AE71: EQ+ = | AF71: =TRUNC($AD71/$AD68*0.9,0) -> 305 | AG71: EQ = | AH71: =$AF71 -> 305
A72: 소계 | B72: =SUM($C72,$D72,$E72) -> 1314 | C72: =$AB72 -> 234 | D72: =$AD72 -> 775 | E72: =$AF72 -> 305 | K72: >'소계' | AA72: >MA = | AB72: =$AH70 -> 234 | AC72: >LA = | AD72: =$AH69 -> 775 | AE72: >EQ = | AF72: =$AH71 -> 305
A74: 나. 인력 10 % | K74: 나. 인력 10'%'
A75: =CONCATENATE(" 보통인부 ",TEXT($AB75,"#,##0.00")," * 0.1 * 0.1 = ",TEXT($AF75,"#,##0.00")) -> 보통인부 165,545.00 * 0.1 * 0.1 = 1,655.00 | B75: =SUM($C75,$D75,$E75) -> 1655 | D75: =$AF75 -> 1655 | K75: ' 보통인부' ~L085~ * 0.1 * 0.1 = ?la+ | AA75: 75_1_1+ = | AB75: =([4]노임!D4*[4]전역변수!C34) -> 165545 | AC75: 75_1_1 = | AD75: =$AB75 -> 165545 | AE75: LA+ = | AF75: =TRUNC($AD75*0.1*0.1,0) -> 1655 | AG75: LA = | AH75: =$AH69+$AF75 -> 2430
A76: 소계 | B76: =SUM($C76,$D76,$E76) -> 1655 | C76: =$AB76 -> 0 | D76: =$AD76 -> 1655 | E76: =$AF76 -> 0 | K76: >'소계' | AA76: >MA = | AB76: =$AH70-$AH70 -> 0 | AC76: >LA = | AD76: =$AH75-$AH69 -> 1655 | AE76: >EQ = | AF76: =$AH71-$AH71 -> 0
A78: 계 | B78: =SUM($C78,$D78,$E78) -> 2969 | C78: =$AB78 -> 234 | D78: =$AD78 -> 2430 | E78: =$AF78 -> 305 | K78: >>'계' | AA78: >>MA = | AB78: =$AH70 -> 234 | AC78: >>LA = | AD78: =$AH75 -> 2430 | AE78: >>EQ = | AF78: =$AH71 -> 305
A80: 2. 다짐(P.C 1.5TON) | K80: 2. 다짐(P.C 1.5TON)
A82: =CONCATENATE(" V=",TEXT($AB82,"#,##0.00")," Km/hr , W=",TEXT($AF82,"#,##0.00")," m , E=",TEXT($AJ82,"#,##0.0"),", N=",TEXT($AN82,"#,##0.00"),", D=",TEXT($AR82,"#,##0.0"),", f=1/1=",TEXT($AZ82,"#,##0.00")) -> V=1.00 Km/hr , W=0.45 m , E=0.6, N=3.00, D=0.1, f=1/1=1.00 | B82: =SUM($C82,$D82,$E82) -> 0 | K82: =SUBSTITUTE(SUBSTITUTE(SUBSTITUTE(SUBSTITUTE(SUBSTITUTE(SUBSTITUTE(" V=1_x001D_Km/hr_x001D_, W=0.45_x001D_m_x001D_, E=0.6, N=3, D=0.1, f=1/1=?","1",TEXT($AB82,"#,##0"),1),"0.45",TEXT($AF82,"#,##0.00"),1),"0.6",TEXT($AJ82,"#,##0.0"),1),"3",TEXT($AN82,"#,##0"),1),"0.1",TEXT($AR82,"#,##0.0"),1),"_x001D_","'") -> V=1'Km/hr', W=0.45'm', E=0.6, N=3, D=0.1, f=1/1=? | AA82: V = | AB82: 1 | AC82: V = | AD82: =$AB82 -> 1 | AE82: W = | AF82: 0.45 | AG82: W = | AH82: =$AF82 -> 0.45 | AI82: E = | AJ82: 0.6 | AK82: E = | AL82: =$AJ82 -> 0.6 | AM82: N = | AN82: 3 | AO82: N = | AP82: =$AN82 -> 3 | AQ82: D = | AR82: 0.1 | AS82: D = | AT82: =$AR82 -> 0.1 | AU82: F+ = | AV82: =ROUND(1/1,2) -> 1 | AW82: F = | AX82: =$AV82 -> 1 | AY82: 82_6_1+ = | AZ82: =ROUND(1/1,2) -> 1 | BA82: 82_6_1 = | BB82: =$AZ82 -> 1
A83: =CONCATENATE(" Q = (1000*V*W*D*E)*f/N =",TEXT($AF83,"#,##0.00")," ㎥/HR ") -> Q = (1000*V*W*D*E)*f/N =9.00 ㎥/HR | B83: =SUM($C83,$D83,$E83) -> 0 | K83: Q = (1000*V*W*D*E)*f/N =? '㎥/HR' | AA83: Q+ = | AB83: =ROUND((1000*$AD82*$AH82*$AT82*$AL82)*$AX82/$AP82,2) -> 9 | AC83: Q = | AD83: =$AB83 -> 9 | AE83: 83_1_1+ = | AF83: =ROUND((1000*$AD82*$AH82*$AT82*$AL82)*$AX82/$AP82,2) -> 9 | AG83: 83_1_1 = | AH83: =$AF83 -> 9
A84: =CONCATENATE(" 노무비 : ",TEXT($AB84,"#,##0.00")," / Q = ",TEXT($AF84,"#,##0.00")) -> 노무비 : 33,571.00 / Q = 3,730.00 | B84: =SUM($C84,$D84,$E84) -> 3730 | D84: =$AF84 -> 3730 | K84: ' 노무비 :'~E0017300015.L~ / Q = ?LA+ | AA84: 84_1_1+ = | AB84: =[4]중기사용료목록!F5 -> 33571 | AC84: 84_1_1 = | AD84: =$AB84 -> 33571 | AE84: LA+ = | AF84: =TRUNC($AD84/$AD83,0) -> 3730 | AG84: LA = | AH84: =$AH75+$AF84 -> 6160
A85: =CONCATENATE(" 재료비 : ",TEXT($AB85,"#,##0.00")," / Q = ",TEXT($AF85,"#,##0.00")) -> 재료비 : 1,862.00 / Q = 206.00 | B85: =SUM($C85,$D85,$E85) -> 206 | C85: =$AF85 -> 206 | K85: ' 재료비 :'~E0017300015.M~ / Q = ?MA+ | AA85: 85_1_1+ = | AB85: =[4]중기사용료목록!E5 -> 1862 | AC85: 85_1_1 = | AD85: =$AB85 -> 1862 | AE85: MA+ = | AF85: =TRUNC($AD85/$AD83,0) -> 206 | AG85: MA = | AH85: =$AH70+$AF85 -> 440
A86: =CONCATENATE(" 경 비 : ",TEXT($AB86,"#,##0.00")," / Q = ",TEXT($AF86,"#,##0.00")) -> 경 비 : 750.00 / Q = 83.00 | B86: =SUM($C86,$D86,$E86) -> 83 | E86: =$AF86 -> 83 | K86: ' 경 비 :'~E0017300015.E~ / Q = ?EQ+ | AA86: 86_1_1+ = | AB86: =[4]중기사용료목록!G5 -> 750 | AC86: 86_1_1 = | AD86: =$AB86 -> 750 | AE86: EQ+ = | AF86: =TRUNC($AD86/$AD83,0) -> 83 | AG86: EQ = | AH86: =$AH71+$AF86 -> 388
A87: 계 | B87: =SUM($C87,$D87,$E87) -> 4019 | C87: =$AB87 -> 206 | D87: =$AD87 -> 3730 | E87: =$AF87 -> 83 | K87: >>'계' | AA87: >>MA = | AB87: =$AH85-$AH70 -> 206 | AC87: >>LA = | AD87: =$AH84-$AH75 -> 3730 | AE87: >>EQ = | AF87: =$AH86-$AH71 -> 83
A89: 합계 | B89: =SUM($C89,$D89,$E89) -> 6988 | C89: =$AB89 -> 440 | D89: =$AD89 -> 6160 | E89: =$AF89 -> 388 | K89: >>>'합계' | AA89: >>>MA = | AB89: =$AH85 -> 440 | AC89: >>>LA = | AD89: =$AH84 -> 6160 | AE89: >>>EQ = | AF89: =$AH86 -> 388
A91: 전체 합계 | B91: =SUM($C91,$D91,$E91) -> 6988 | C91: =TRUNC(SUM($AH85),0) -> 440 | D91: =TRUNC(SUM($AH84),0) -> 6160 | E91: =TRUNC(SUM($AH86),0) -> 388
A93: #14 혼합골재부설 및 다짐 | 기계:인력=9:1|m3 | B93: =$B127 -> 10702 | C93: =$C127 -> 1075 | D93: =$D127 -> 8587 | E93: =$E127 -> 1040 | H93: N0300 | K93: 1 | Y93: =EXACT($Z93,$B127) -> FALSE | Z93: 10643
I95: 10 | K95: F
A96: 1. 혼합골재 (현장도착도) | K96: '1. 혼합골재 (현장도착도)'
A97: 별산 | K97: '별산'
A99: 2. 포설(기계BH0.6㎥,90%) | K99: '2. 포설(기계BH0.6㎥,90%)'
A100: =CONCATENATE(" SQ=",TEXT($AB100,"#,##0.0"),", K=",TEXT($AF100,"#,##0.00")," , L=",TEXT($AJ100,"#,##0.00"),", F = 0.875/L = ",TEXT($AR100,"#,##0.00")) -> SQ=0.6, K=0.55 , L=1.25, F = 0.875/L = 0.70 | B100: =SUM($C100,$D100,$E100) -> 0 | K100: =SUBSTITUTE(SUBSTITUTE(SUBSTITUTE(SUBSTITUTE(" SQ = 0.6, K = 0.55 , L =1.25, F = 0.875/L = ?","0.6",TEXT($AB100,"#,##0.0"),1),"0.55",TEXT($AF100,"#,##0.00"),1),"1.25",TEXT($AJ100,"#,##0.00"),1),"_x001D_","'") -> SQ = 0.6, K = 0.55 , L =1.25, F = 0.875/L = ? | AA100: SQ = | AB100: 0.6 | AC100: SQ = | AD100: =$AB100 -> 0.6 | AE100: K = | AF100: 0.55 | AG100: K = | AH100: =$AF100 -> 0.55 | AI100: L = | AJ100: 1.25 | AK100: L = | AL100: =$AJ100 -> 1.25 | AM100: F+ = | AN100: =ROUND(0.875/$AL100,2) -> 0.7 | AO100: F = | AP100: =$AN100 -> 0.7 | AQ100: 100_4_1+ = | AR100: =ROUND(0.875/$AL100,2) -> 0.7 | AS100: 100_4_1 = | AT100: =$AR100 -> 0.7
A101: =CONCATENATE(" E=",TEXT($AB101,"#,##0.00")," , CM=",TEXT($AF101,"#,##0.00")) -> E=0.55 , CM=18.00 | K101: =SUBSTITUTE(SUBSTITUTE(SUBSTITUTE(" E = 0.55 , CM = 18","0.55",TEXT($AB101,"#,##0.00"),1),"18",TEXT($AF101,"#,##0"),1),"_x001D_","'") -> E = 0.55 , CM = 18 | AA101: E = | AB101: 0.55 | AC101: E = | AD101: =$AB101 -> 0.55 | AE101: CM = | AF101: 18 | AG101: CM = | AH101: =$AF101 -> 18
A103: =CONCATENATE(" Q = 3600*SQ*K*F*E / CM = ",TEXT($AF103,"#,##0.00")," M3/HR ") -> Q = 3600*SQ*K*F*E / CM = 25.41 M3/HR | B103: =SUM($C103,$D103,$E103) -> 0 | K103: Q = 3600*SQ*K*F*E / CM = ?'M3/HR' | AA103: Q+ = | AB103: =ROUND(3600*$AD100*$AH100*$AP100*$AD101/$AH101,2) -> 25.41 | AC103: Q = | AD103: =$AB103 -> 25.41 | AE103: 103_1_1+ = | AF103: =ROUND(3600*$AD100*$AH100*$AP100*$AD101/$AH101,2) -> 25.41 | AG103: 103_1_1 = | AH103: =$AF103 -> 25.41
A105: =CONCATENATE(" 경 비 : ",TEXT($AB105,"#,##0.00")," / Q * 0.9 = ",TEXT($AF105,"#,##0.00")) -> 경 비 : 21,957.00 / Q * 0.9 = 777.00 | B105: =SUM($C105,$D105,$E105) -> 777 | E105: =$AF105 -> 777 | K105: '경 비 :'~E0002010060.E~ / Q * 0.9 = ?EQ+ | AA105: 105_1_1+ = | AB105: =[4]중기사용료목록!G3 -> 21957 | AC105: 105_1_1 = | AD105: =$AB105 -> 21957 | AE105: EQ+ = | AF105: =TRUNC($AD105/$AD103*0.9,0) -> 777 | AG105: EQ = | AH105: =$AF105 -> 777
A106: =CONCATENATE(" 재 료 비 : ",TEXT($AB106,"#,##0.00")," / Q * 0.9 = ",TEXT($AF106,"#,##0.00")) -> 재 료 비 : 16,824.00 / Q * 0.9 = 595.00 | B106: =SUM($C106,$D106,$E106) -> 595 | C106: =$AF106 -> 595 | K106: '재 료 비 :'~E0002010060.M~ / Q * 0.9 = ?MA+ | AA106: 106_1_1+ = | AB106: =[4]중기사용료목록!E3 -> 16824 | AC106: 106_1_1 = | AD106: =$AB106 -> 16824 | AE106: MA+ = | AF106: =TRUNC($AD106/$AD103*0.9,0) -> 595 | AG106: MA = | AH106: =$AF106 -> 595
A107: =CONCATENATE(" 노 무 비 : ",TEXT($AB107,"#,##0.00")," / Q * 0.9 = ",TEXT($AF107,"#,##0.00")) -> 노 무 비 : 55,700.00 / Q * 0.9 = 1,972.00 | B107: =SUM($C107,$D107,$E107) -> 1972 | D107: =$AF107 -> 1972 | K107: '노 무 비 :'~E0002010060.L~ / Q * 0.9 = ?LA+ | AA107: 107_1_1+ = | AB107: =[4]중기사용료목록!F3 -> 55700 | AC107: 107_1_1 = | AD107: =$AB107 -> 55700 | AE107: LA+ = | AF107: =TRUNC($AD107/$AD103*0.9,0) -> 1972 | AG107: LA = | AH107: =$AF107 -> 1972
A108: 소 계 | B108: =SUM($C108,$D108,$E108) -> 3344 | C108: =$AB108 -> 595 | D108: =$AD108 -> 1972 | E108: =$AF108 -> 777 | K108: > '소 계' | AA108: >MA = | AB108: =$AH106 -> 595 | AC108: >LA = | AD108: =$AH107 -> 1972 | AE108: >EQ = | AF108: =$AH105 -> 777
A110: 3. 인력포설(10%) | K110: '3. 인력포설(10%)'
A111: =CONCATENATE(TEXT($AB111,"#,##0.00")," * 0.11 * 0.1 = ",TEXT($AF111,"#,##0.00")) -> 165,545.00 * 0.11 * 0.1 = 1,820.00 | B111: =SUM($C111,$D111,$E111) -> 1820 | D111: =$AF111 -> 1820 | K111: ~L085~ * 0.11 * 0.1 = ?LA+ | AA111: 111_1_1+ = | AB111: =([4]노임!D4*[4]전역변수!C34) -> 165545 | AC111: 111_1_1 = | AD111: =$AB111 -> 165545 | AE111: LA+ = | AF111: =TRUNC($AD111*0.11*0.1,0) -> 1820 | AG111: LA = | AH111: =$AH107+$AF111 -> 3792
A112: 소 계 | B112: =SUM($C112,$D112,$E112) -> 1820 | C112: =$AB112 -> 0 | D112: =$AD112 -> 1820 | E112: =$AF112 -> 0 | K112: > '소 계' | AA112: >MA = | AB112: =$AH106-$AH106 -> 0 | AC112: >LA = | AD112: =$AH111-$AH107 -> 1820 | AE112: >EQ = | AF112: =$AH105-$AH105 -> 0
A114: 4. 다짐(진동롤러 핸드가드식 0.7TON) | K114: '4. 다짐(진동롤러 핸드가드식 0.7TON)'
A115: =CONCATENATE("N=",TEXT($AB115,"#,##0.00")," , V=",TEXT($AF115,"#,##0.0")," KM/HR , W=",TEXT($AJ115,"#,##0.0")) -> N=6.00 , V=1.0 KM/HR , W=0.7 | K115: =SUBSTITUTE(SUBSTITUTE(SUBSTITUTE(SUBSTITUTE("N=6 , V=1.0_x001D_KM/HR_x001D_ , W=0.7 ,","6",TEXT($AB115,"#,##0"),1),"1.0",TEXT($AF115,"#,##0.0"),1),"0.7",TEXT($AJ115,"#,##0.0"),1),"_x001D_","'") -> N=6 , V=1.0'KM/HR' , W=0.7 , | AA115: N = | AB115: 6 | AC115: N = | AD115: =$AB115 -> 6 | AE115: V = | AF115: 1 | AG115: V = | AH115: =$AF115 -> 1 | AI115: W = | AJ115: 0.7 | AK115: W = | AL115: =$AJ115 -> 0.7
A116: =CONCATENATE("E=",TEXT($AB116,"#,##0.0")," , f = 1/1="," , D=",TEXT($AN116,"#,##0.0")) -> E=0.6 , f = 1/1= , D=0.1 | B116: =SUM($C116,$D116,$E116) -> 0 | K116: =SUBSTITUTE(SUBSTITUTE(SUBSTITUTE("E=0.6 , f = 1/1=? , D = 0.1","0.6",TEXT($AB116,"#,##0.0"),1),"0.1",TEXT($AN116,"#,##0.0"),1),"_x001D_","'") -> E=0.6 , f = 1/1=? , D = 0.1 | AA116: E = | AB116: 0.6 | AC116: E = | AD116: =$AB116 -> 0.6 | AE116: F+ = | AF116: =ROUND(1/1,2) -> 1 | AG116: F = | AH116: =$AF116 -> 1 | AI116: 116_2_1+ = | AJ116: =ROUND(1/1,2) -> 1 | AK116: 116_2_1 = | AL116: =$AJ116 -> 1 | AM116: D = | AN116: 0.1 | AO116: D = | AP116: =$AN116 -> 0.1
A118: =CONCATENATE("Q= 1000 * V * W * D * E * f / N = ",TEXT($AF118,"#,##0.00")," M3/HR ") -> Q= 1000 * V * W * D * E * f / N = 7.00 M3/HR | B118: =SUM($C118,$D118,$E118) -> 0 | K118: Q= 1000 * V * W * D * E * f / N = ?'M3/HR' | AA118: Q+ = | AB118: =ROUND(1000*$AH115*$AL115*$AP116*$AD116*$AH116/$AD115,2) -> 7 | AC118: Q = | AD118: =$AB118 -> 7 | AE118: 118_1_1+ = | AF118: =ROUND(1000*$AH115*$AL115*$AP116*$AD116*$AH116/$AD115,2) -> 7 | AG118: 118_1_1 = | AH118: =$AF118 -> 7
A120: =CONCATENATE(" 재료비: ",TEXT($AB120,"#,##0.00")," / ",TEXT($AF120,"#,##0.00")," =",TEXT($AJ120,"#,##0.00")) -> 재료비: 3,361.00 / 7.00 =480.00 | B120: =SUM($C120,$D120,$E120) -> 480 | C120: =$AJ120 -> 480 | K120: '재료비:'~E0013050007.M~ / {Q} =?MA+ | AA120: 120_1_1+ = | AB120: =[4]중기사용료목록!E4 -> 3361 | AC120: 120_1_1 = | AD120: =$AB120 -> 3361 | AE120: 120_1_2+ = | AF120: =$AD118 -> 7 | AG120: 120_1_2 = | AH120: =$AF120 -> 7 | AI120: MA+ = | AJ120: =TRUNC($AD120/$AH120,0) -> 480 | AK120: MA = | AL120: =$AH106+$AJ120 -> 1075
A121: =CONCATENATE(" 노무비: ",TEXT($AB121,"#,##0.00")," / ",TEXT($AF121,"#,##0.00")," =",TEXT($AJ121,"#,##0.00")) -> 노무비: 33,571.00 / 7.00 =4,795.00 | B121: =SUM($C121,$D121,$E121) -> 4795 | D121: =$AJ121 -> 4795 | K121: '노무비:'~E0013050007.L~ / {Q} =?LA+ | AA121: 121_1_1+ = | AB121: =[4]중기사용료목록!F4 -> 33571 | AC121: 121_1_1 = | AD121: =$AB121 -> 33571 | AE121: 121_1_2+ = | AF121: =$AD118 -> 7 | AG121: 121_1_2 = | AH121: =$AF121 -> 7 | AI121: LA+ = | AJ121: =TRUNC($AD121/$AH121,0) -> 4795 | AK121: LA = | AL121: =$AH111+$AJ121 -> 8587
A122: =CONCATENATE(" 경 비: ",TEXT($AB122,"#,##0.00")," / ",TEXT($AF122,"#,##0.00")," =",TEXT($AJ122,"#,##0.00")) -> 경 비: 1,846.00 / 7.00 =263.00 | B122: =SUM($C122,$D122,$E122) -> 263 | E122: =$AJ122 -> 263 | K122: '경 비:'~E0013050007.E~ / {Q} =?EQ+ | AA122: 122_1_1+ = | AB122: =[4]중기사용료목록!G4 -> 1846 | AC122: 122_1_1 = | AD122: =$AB122 -> 1846 | AE122: 122_1_2+ = | AF122: =$AD118 -> 7 | AG122: 122_1_2 = | AH122: =$AF122 -> 7 | AI122: EQ+ = | AJ122: =TRUNC($AD122/$AH122,0) -> 263 | AK122: EQ = | AL122: =$AH105+$AJ122 -> 1040
A123: 소 계 | B123: =SUM($C123,$D123,$E123) -> 5538 | C123: =$AB123 -> 480 | D123: =$AD123 -> 4795 | E123: =$AF123 -> 263 | K123: > '소 계' | AA123: >MA = | AB123: =$AL120-$AH106 -> 480 | AC123: >LA = | AD123: =$AL121-$AH111 -> 4795 | AE123: >EQ = | AF123: =$AL122-$AH105 -> 263
A125: 총 계 | B125: =SUM($C125,$D125,$E125) -> 10702 | C125: =$AB125 -> 1075 | D125: =$AD125 -> 8587 | E125: =$AF125 -> 1040 | K125: >> '총 계' | AA125: >>MA = | AB125: =$AL120 -> 1075 | AC125: >>LA = | AD125: =$AL121 -> 8587 | AE125: >>EQ = | AF125: =$AL122 -> 1040
A127: 전체 합계 | B127: =SUM($C127,$D127,$E127) -> 10702 | C127: =TRUNC(SUM($AL120),0) -> 1075 | D127: =TRUNC(SUM($AL121),0) -> 8587 | E127: =TRUNC(SUM($AL122),0) -> 1040
A128: #15 전기아연도금 강판가설울타리 | RPP휀스, 6개월|m | B128: =B208 -> 105262 | C128: =C208 -> 411 | D128: =D208 -> 41847 | E128: =E208 -> 63004 | H128: SF031050 | K128: 1 | Y128: =EXACT($Z128,#REF!) -> #REF! | Z128: 72375
A130: 1. 재 료 비 | K130: 1. 재 료 비
A132: =CONCATENATE(" -가설방음판RPP(500X30T) : _x001D_42,000_x001D_ * 4 매 * 0.33 =",TEXT($AB132,"#,##0.00")) -> -가설방음판RPP(500X30T) : _x001D_42,000_x001D_ * 4 매 * 0.33 =55,440.00 | B132: =SUM($C132,$D132,$E132) -> 55440 | E132: =$AB132 -> 55440 | K132: '-EGI철판(550X2400) :' ~MZE001~ * 2'매'* 0.25 =?EQ+ | AA132: EQ+ = | AB132: =TRUNC('자재 (신규)'!D8*4*0.33,0) -> 55440 | AC132: EQ = | AD132: =$AB132 -> 55440
A134: =CONCATENATE(" -가설방음벽 주주파이프(Φ48.6x2.3t): _x001D_5,250_x001D_ * 2 M * 0.1 =",TEXT($AB134,"#,##0.00")) -> -가설방음벽 주주파이프(Φ48.6x2.3t): _x001D_5,250_x001D_ * 2 M * 0.1 =1,050.00 | B134: =SUM($C134,$D134,$E134) -> 1050 | E134: =$AB134 -> 1050 | K134: '-강관파이프(Φ48.6):' ~M0129511~ * 14.2'M'* 0.1 =?EQ+ | AA134: EQ+ = | AB134: =TRUNC('자재 (신규)'!D9*2*0.1,0) -> 1050 | AC134: EQ = | AD134: =$AD132+$AB134 -> 56490
A136: =CONCATENATE(" -가설방음벽 지주파이프(Φ48.6x2.3tx2m): _x001D_10,500_x001D_ * 1 M * 0.1 =",TEXT($AB136,"#,##0.00")) -> -가설방음벽 지주파이프(Φ48.6x2.3tx2m): _x001D_10,500_x001D_ * 1 M * 0.1 =1,050.00 | B136: =SUM($C136,$D136,$E136) -> 1050 | E136: =$AB136 -> 1050 | K136: '-강관파이프(Φ48.6):' ~M0129511~ * 14.2'M'* 0.1 =?EQ+ | AA136: EQ+ = | AB136: =TRUNC('자재 (신규)'!D10*1*0.1,0) -> 1050 | AC136: EQ = | AD136: =$AD134+$AB136 -> 57540
A138: =CONCATENATE(" -가설방음벽 횡대파이프(Φ48.6x2.3t): _x001D_5,250_x001D_ * 4 M * 0.1 =",TEXT($AB138,"#,##0.00")) -> -가설방음벽 횡대파이프(Φ48.6x2.3t): _x001D_5,250_x001D_ * 4 M * 0.1 =2,100.00 | B138: =SUM($C138,$D138,$E138) -> 2100 | E138: =$AB138 -> 2100 | K138: '-강관파이프(Φ48.6):' ~M0129511~ * 14.2'M'* 0.1 =?EQ+ | AA138: EQ+ = | AB138: =TRUNC('자재 (신규)'!D11*4*0.1,0) -> 2100 | AC138: EQ = | AD138: =$AD136+$AB138 -> 59640
A140: =CONCATENATE(" -가설방음벽 보조지주(Φ48.6x2.3t): _x001D_5,250_x001D_ * 2 M * 0.1 =",TEXT($AB140,"#,##0.00")) -> -가설방음벽 보조지주(Φ48.6x2.3t): _x001D_5,250_x001D_ * 2 M * 0.1 =1,050.00 | B140: =SUM($C140,$D140,$E140) -> 1050 | E140: =$AB140 -> 1050 | K140: '-강관파이프(Φ48.6):' ~M0129511~ * 14.2'M'* 0.1 =?EQ+ | AA140: EQ+ = | AB140: =TRUNC('자재 (신규)'!D12*2*0.1,0) -> 1050 | AC140: EQ = | AD140: =$AD138+$AB140 -> 60690
A142: =CONCATENATE(" -클램프(고정) : _x001D_3,110_x001D_ * 3.5 EA * 0.1=",TEXT($AB142,"#,##0.00")) -> -클램프(고정) : _x001D_3,110_x001D_ * 3.5 EA * 0.1=1,088.00 | B142: =SUM($C142,$D142,$E142) -> 1088 | E142: =$AB142 -> 1088 | K142: '-클램프(자동) :' ~MZE003~ * 0.56'EA'* 0.1=?EQ+ | AA142: EQ+ = | AB142: =TRUNC('자재 (신규)'!D13*3.5*0.1,0) -> 1088 | AC142: EQ = | AD142: =$AD140+$AB142 -> 61778
A144: =CONCATENATE(" -연결핀 : _x001D_2,080_x001D_ * 0.665 EA * 0.1=",TEXT($AB144,"#,##0.00")) -> -연결핀 : _x001D_2,080_x001D_ * 0.665 EA * 0.1=138.00 | B144: =SUM($C144,$D144,$E144) -> 138 | E144: =$AB144 -> 138 | K144: '-클램프(고정) :' ~MZE004~ * 4.52'EA' * 0.1=?EQ+ | AA144: EQ+ = | AB144: =TRUNC('자재 (신규)'!D14*0.665*0.1,0) -> 138 | AC144: EQ = | AD144: =$AD142+$AB144 -> 61916
B145: =SUM($C145,$D145,$E145) -> 0
A146: 소 계 | B146: =SUM($C146,$D146,$E146) -> 61916 | C146: =SUM(C132:C144) -> 0 | D146: =SUM(D132:D144) -> 0 | E146: =SUM(E132:E144) -> 61916
A148: 2. 설 치 비 | K148: 2. 설 치 비
A150: 2-1 강관지주(H=6.0m이하) | K150: 2-1 강관지주(H=6.0m이하)
A152: 1) 노무비 | K152: 1) 노무비
A154: =CONCATENATE(" 비 계 공: 0.046 인 * _x001D_282,352_x001D_ = ",TEXT($AB154,"#,##0.00")) -> 비 계 공: 0.046 인 * _x001D_282,352_x001D_ = 12,988.00 | B154: =SUM($C154,$D154,$E154) -> 12988 | D154: =$AB154 -> 12988 | K154: '비 계 공:' 0.046'인' * ~L015~ = ?LA+:LAA1 | AA154: LA+ = | AB154: 12988 | AC154: LA = | AD154: =$AB154 -> 12988 | AE154: LAA1+ = | AF154: =$AB154 -> 12988 | AG154: LAA1 = | AH154: =$AF154 -> 12988
A155: =CONCATENATE(" 보 통 인 부: 0.016 인 * _x001D_167,081_x001D_ = ",TEXT($AB155,"#,##0.00")) -> 보 통 인 부: 0.016 인 * _x001D_167,081_x001D_ = 2,673.00 | B155: =SUM($C155,$D155,$E155) -> 2673 | D155: =$AB155 -> 2673 | K155: '보 통 인 부:' 0.016'인' * ~L085.L~ = ?LA+:LAA2 | AA155: LA+ = | AB155: 2673 | AC155: LA = | AD155: =$AD154+$AB155 -> 15661 | AE155: LAA2+ = | AF155: =$AB155 -> 2673 | AG155: LAA2 = | AH155: =$AF155 -> 2673
A157: 2) 기계경비 (굴삭기 0.2㎥) | K157: 2) 기계경비 (굴삭기 0.2㎥)
A159: =CONCATENATE(" 재 료 비 : _x001D_8,409_x001D_ * 0.035 = ",TEXT($AB159,"#,##0.00")) -> 재 료 비 : _x001D_8,409_x001D_ * 0.035 = 294.00 | B159: =SUM($C159,$D159,$E159) -> 294 | C159: =$AB159 -> 294 | K159: '재 료 비 : ' ~E0002010020.M~ * 0.035 = ?MA+ | AA159: MA+ = | AB159: 294 | AC159: MA = | AD159: =$AB159 -> 294
A160: =CONCATENATE(" 노 무 비 : _x001D_56,874_x001D_ * 0.035 = ",TEXT($AB160,"#,##0.00")) -> 노 무 비 : _x001D_56,874_x001D_ * 0.035 = 1,990.00 | B160: =SUM($C160,$D160,$E160) -> 1990 | D160: =$AB160 -> 1990 | K160: '노 무 비 : ' ~E0002010020.L~ * 0.035 = ?LA+ | AA160: LA+ = | AB160: 1990 | AC160: LA = | AD160: =$AD155+$AB160 -> 17651
A161: =CONCATENATE(" 경 비 : _x001D_56,874_x001D_ * 0.035 = ",TEXT($AB161,"#,##0.00")) -> 경 비 : _x001D_56,874_x001D_ * 0.035 = 1,990.00 | B161: =SUM($C161,$D161,$E161) -> 1990 | D161: =$AB161 -> 1990 | K161: '경 비 : ' ~E0002010020.L~ * 0.035 = ?LA+ | AA161: LA+ = | AB161: 1990 | AC161: LA = | AD161: =$AD160+$AB161 -> 19641
A163: 소 계 | B163: =SUM($C163,$D163,$E163) -> 19935 | C163: =SUM(C154:C161) -> 294 | D163: =SUM(D154:D161) -> 19641 | E163: =SUM(E154:E161) -> 0 | K163: >'소 계' | AA163: >MA = | AB163: 294 | AC163: >LA = | AD163: =$AD161 -> 19641 | AE163: >EQ = | AF163: =#REF! -> #REF!
...

Sheet 중기사용료목록 (신규)
A1: 중기사용료목록
A2: 공 종 명 | B2: 규 격 | C2: 수 량 | D2: 단 위 | E2: 재 료 비 | F2: 노 무 비 | G2: 경 비 | H2: 합 계 | I2: 비 고
A3: 굴삭기(무한궤도) | B3: 0.6 M3 | C3: 1 | D3: HR | E3: =[4]중기사용료!G10 -> 16824 | F3: =[4]중기사용료!G12 -> 55700 | G3: =[4]중기사용료!G7 -> 21957 | H3: =E3+F3+G3 -> 94481 | K3: E0002010060
A4: 진동 롤러 (핸드가이드식) | B4: 0.7 톤 | C4: 1 | D4: HR | E4: =[4]중기사용료!G22 -> 3361 | F4: =[4]중기사용료!G24 -> 33571 | G4: =[4]중기사용료!G19 -> 1846 | H4: =E4+F4+G4 -> 38778 | K4: E0013050007
A5: 플레이트 콤팩터 | B5: 1.5 TON | C5: 1 | D5: HR | E5: =[4]중기사용료!G34 -> 1862 | F5: =[4]중기사용료!G36 -> 33571 | G5: =[4]중기사용료!G31 -> 750 | H5: =E5+F5+G5 -> 36183 | K5: E0017300015

Sheet 중기사용료 (신규)
A1: 중기사용료
A3: 중 기 명 | B3: 굴삭기(무한궤도) 0.6 M3 | J3: E0002010060
A4: 중기가격 | B4: 105,310 천원
A5: 명 칭 | C5: 규 격 | D5: 수 량 | E5: 단 위 | F5: 단 가 | G5: 금 액 | H5: 비 고
A6: 경 비 | B6: 굴삭기(무한궤도) | C6: 0.6 M3 | D6: =(900 + 700 + 485)*10^-4 -> 0.2085 | E6: 천원 | F6: =[4]중기기초자료!F3 -> 105310 | G6: =TRUNC(F6*D6, 1) -> 21957.1 | K6: 10 | M6: G02010060 | N6: .sang=900, jung=700, kwan=485
B7: 소 계 | G7: =TRUNC(G6, 0) -> 21957
A8: 재 료 비 | B8: 경 유 | D8: 10.2 | E8: L | F8: =[4]중기기초자료!D9 -> 1352 | G8: =TRUNC(F8*D8, 1) -> 13790.4 | K8: 40 | M8: M9366005
B9: 잡 품 | D9: 22 | E9: % | F9: 0 | G9: =TRUNC((G8) * D9/100, 1) -> 3033.8 | K9: 50 | M9: F/M1
B10: 소 계 | G10: =TRUNC(G8+G9, 0) -> 16824
A11: 노 무 비 | B11: 건설기계운전사 | C11: 구)건설기계운전기사 | D11: 1 | E11: 인 | F11: =TRUNC([4]중기기초자료!E6 * [4]중기전역변수!C18, 1) -> 55700 | G11: =TRUNC(F11*D11, 1) -> 55700 | K11: 15 | M11: L086
B12: 소 계 | G12: =TRUNC(G11, 0) -> 55700
B13: 총 계 | G13: =TRUNC(G7+G10+G12, 0) -> 94481
A15: 중 기 명 | B15: 진동 롤러 (핸드가이드식) 0.7 톤 | J15: E0013050007
A16: 중기가격 | B16: 6,537 천원
A17: 명 칭 | C17: 규 격 | D17: 수 량 | E17: 단 위 | F17: 단 가 | G17: 금 액 | H17: 비 고
A18: 경 비 | B18: 진동 롤러 (핸드가이드식) | C18: 0.7 톤 | D18: =(1286 + 857 + 682)*10^-4 -> 0.2825 | E18: 천원 | F18: =[4]중기기초자료!F4 -> 6537 | G18: =TRUNC(F18*D18, 1) -> 1846.7 | K18: 10 | M18: G13050007 | N18: .sang=1286,jung=857,kwan=682
B19: 소 계 | G19: =TRUNC(G18, 0) -> 1846
A20: 재 료 비 | B20: 경 유 | D20: 2.2 | E20: L | F20: =[4]중기기초자료!D9 -> 1352 | G20: =TRUNC(F20*D20, 1) -> 2974.4 | K20: 40 | M20: M9366005
B21: 잡 품 | D21: 13 | E21: % | F21: 0 | G21: =TRUNC((G20) * D21/100, 1) -> 386.6 | K21: 50 | M21: F/M1
B22: 소 계 | G22: =TRUNC(G20+G21, 0) -> 3361
A23: 노 무 비 | B23: 일반기계운전사 | C23: 일반공사 직종 | D23: 1 | E23: 인 | F23: =TRUNC([4]중기기초자료!E7 * [4]중기전역변수!C18, 1) -> 33571.2 | G23: =TRUNC(F23*D23, 1) -> 33571.2 | I23: 56900017058 | K23: 15 | M23: L088
B24: 소 계 | G24: =TRUNC(G23, 0) -> 33571
B25: 총 계 | G25: =TRUNC(G19+G22+G24, 0) -> 38778
A27: 중 기 명 | B27: 플레이트 콤팩터 1.5 TON | J27: E0017300015
A28: 중기가격 | B28: 1,570 $
A29: 명 칭 | C29: 규 격 | D29: 수 량 | E29: 단 위 | F29: 단 가 | G29: 금 액 | H29: 비 고
A30: 경 비 | B30: 플레이트 콤팩터 | C30: 1.5 TON | D30: =(1800 + 1200 + 708)*10^-4 -> 0.3708 | E30: 천원 | F30: =TRUNC([4]중기기초자료!F5 * [4]중기전역변수!C4/1000,0) -> 2023 | G30: =TRUNC(F30*D30, 1) -> 750.1 | K30: 10 | M30: G17300015 | N30: .sang=1800,jung=1200,kwan=708
B31: 소 계 | G31: =TRUNC(G30, 0) -> 750
A32: 재 료 비 | B32: 휘 발 유 | D32: 1 | E32: L | F32: =[4]중기기초자료!D8 -> 1552 | G32: =TRUNC(F32*D32, 1) -> 1552 | K32: 40 | M32: M9360003
B33: 잡 품 | D33: 20 | E33: % | F33: 0 | G33: =TRUNC((G32) * D33/100, 1) -> 310.4 | K33: 50 | M33: F/M1
B34: 소 계 | G34: =TRUNC(G32+G33, 0) -> 1862
A35: 노 무 비 | B35: 일반기계운전사 | C35: 구)운전사(기계) | D35: 1 | E35: 인 | F35: =TRUNC([4]중기기초자료!E7 * [4]중기전역변수!C18, 1) -> 33571.2 | G35: =TRUNC(F35*D35, 1) -> 33571.2 | K35: 15 | M35: L088
B36: 소 계 | G36: =TRUNC(G35, 0) -> 33571
B37: 총 계 | G37: =TRUNC(G31+G34+G36, 0) -> 36183

Sheet 중기기초자료 (신규)
A1: 중기기초자료
A2: 명 칭 | B2: 규 격 | C2: 단 위 | D2: 재 료 비 | E2: 노 무 비 | F2: 경 비 | G2: 합 계 | H2: 비 고
A3: 굴삭기(무한궤도) | B3: 0.6 M3 | C3: 천원 | D3: 0 | E3: 0 | F3: 105310 | G3: 105310 | J3: G02010060
A4: 진동 롤러 (핸드가이드식) | B4: 0.7 톤 | C4: 천원 | D4: 0 | E4: 0 | F4: 6537 | G4: 6537 | J4: G13050007
A5: 플레이트 콤팩터 | B5: 1.5 TON | C5: $ | D5: 0 | E5: 0 | F5: 1570 | G5: 1570 | J5: G17300015
A6: 건설기계운전사 | B6: 구)건설기계운전기사 | C6: 인 | D6: 0 | E6: 267360 | F6: 0 | G6: 267360 | I6: 56900017002 | J6: L086
A7: 일반기계운전사 | B7: 일반공사 직종 | C7: 인 | D7: 0 | E7: 161142 | F7: 0 | G7: 161142 | I7: 56900017058 | J7: L088
A8: 휘 발 유 | C8: L | D8: 1552 | E8: 0 | F8: 0 | G8: 1552 | J8: M9360003
A9: 경 유 | C9: L | D9: 1352 | E9: 0 | F9: 0 | G9: 1352 | J9: M9366005

Sheet 노임 (신규)
A1: 노임
A2: 명 칭 | B2: 규 격 | C2: 단 위 | D2: 단 가 | E2: 비 고
A3: 배 관 공 | C3: 인 | D3: 229482 | F3: 56900017030 | G3: L028 | H3: L028
A4: 보통인부 | C4: 인 | D4: 165545 | F4: 56900017041 | G4: L085 | H4: L085

Sheet 자재 (신규)
A1: 자재
A2: 명 칭 | B2: 규 격 | C2: 단 위 | D2: 단 가 | E2: 비 고
A3: 스틸그레이팅 | B3: 중하중 395*995*52 | C3: M2 | D3: =[4]자재조서!E4 -> 312000 | E3: 물자/1-182/ | G3: M1572002 | H3: M1572003
A4: PE관 | B4: Φ200mm | C4: M | D4: =[4]자재조서!E5 -> 19780 | E4: 물자/1-765/ | G4: M5380200 | H4: M5369809
A5: 혼합골재 | B5: 보조기층용 | C5: m3 | D5: =[4]자재조서!E6 -> 24000 | E5: 물자/62/ | G5: MB-4500
A6: 메가플로 파이프 | B6: T40,W310 | C6: m | D6: =[4]자재조서!E7 -> 22500 | E6: 물정/99/ | G6: MW-502
A7: 유공관 연결구 | B7: 410X450 | C7: 개소 | D7: =[4]자재조서!E8 -> 60000 | E7: 물정/99/ | G7: MW-503
A8: ='자재조서 (신규)'!B9 -> 가설방음판RPP | B8: ='자재조서 (신규)'!C9 -> 1980x500xx30T | C8: ='자재조서 (신규)'!D9 -> M | D8: ='자재조서 (신규)'!E9 -> 42000 | E8: ='자재조서 (신규)'!G9 -> 1-1054
A9: ='자재조서 (신규)'!B10 -> 가설방음벽(주주파이프) | B9: ='자재조서 (신규)'!C10 -> Φ48×2.3t | C9: ='자재조서 (신규)'!D10 -> m | D9: ='자재조서 (신규)'!E10 -> 5250 | E9: ='자재조서 (신규)'!G10 -> 1-105
A10: ='자재조서 (신규)'!B11 -> 가설방음벽(지주파이프) | B10: ='자재조서 (신규)'!C11 -> Φ48×2.3t×2m | C10: ='자재조서 (신규)'!D11 -> ea | D10: ='자재조서 (신규)'!E11 -> 10500 | E10: ='자재조서 (신규)'!G11 -> 1-105
A11: ='자재조서 (신규)'!B12 -> 가설방음벽(횡대파이프) | B11: ='자재조서 (신규)'!C12 -> Φ48×2.3t | C11: ='자재조서 (신규)'!D12 -> m | D11: ='자재조서 (신규)'!E12 -> 5250 | E11: ='자재조서 (신규)'!G12 -> 1-105
A12: ='자재조서 (신규)'!B13 -> 가설방음벽(보조지주) | B12: ='자재조서 (신규)'!C13 -> Φ48×2.3t | C12: ='자재조서 (신규)'!D13 -> m | D12: ='자재조서 (신규)'!E13 -> 5250 | E12: ='자재조서 (신규)'!G13 -> 1-105
A13: ='자재조서 (신규)'!B14 -> 가설방음벽(클램프) | B13: ='자재조서 (신규)'!C14 -> Φ48용 | C13: ='자재조서 (신규)'!D14 -> ea | D13: ='자재조서 (신규)'!E14 -> 3110 | E13: ='자재조서 (신규)'!G14 -> 1-1043
A14: ='자재조서 (신규)'!B15 -> 가설방음벽(연결핀) | B14: ='자재조서 (신규)'!C15 -> Φ48용 | C14: ='자재조서 (신규)'!D15 -> ea | D14: ='자재조서 (신규)'!E15 -> 2080 | E14: ='자재조서 (신규)'!G15 -> 1-1050

Sheet 자재조서 (신규)
A1: 자재조서
A2: 코 드 | B2: 명 칭 | C2: 규 격 | D2: 단위 | E2: 적용단가 | F2: 물가자료 | H2: 물가정보 | J2: 조사단가 | L2: 견적단가 | U2: [EMPTY DB]
F3: 단가 | G3: Page | H3: 단가 | I3: Page | J3: 단가 | K3: Page | L3: 단가 | M3: Page | U3: 1
A4: M1572002 | B4: 스틸그레이팅 | C4: 중하중 395*995*52 | D4: M2 | E4: 312000 | F4: 312000 | G4: 1-182 | K4: 관급 | U4: 1 | W4: M1572003
A5: M5380200 | B5: PE관 | C5: Φ200mm | D5: M | E5: 19780 | F5: 19780 | G5: 1-765 | W5: M5369809
A6: MB-4500 | B6: 혼합골재 | C6: 보조기층용 | D6: m3 | E6: 24000 | J6: 24000 | K6: 62
A7: MW-502 | B7: 메가플로 파이프 | C7: T40,W310 | D7: m | E7: 22500 | H7: 22500 | I7: 99
A8: MW-503 | B8: 유공관 연결구 | C8: 410X450 | D8: 개소 | E8: 60000 | H8: 60000 | I8: 99
B9: 가설방음판RPP | C9: 1980x500xx30T | D9: M | E9: =MIN(F9,H9,J9,L9) -> 42000 | F9: 42000 | G9: 1-1054
B10: 가설방음벽(주주파이프) | C10: Φ48×2.3t | D10: m | E10: =MIN(F10,H10,J10,L10) -> 5250 | F10: 5250 | G10: 1-105
B11: 가설방음벽(지주파이프) | C11: Φ48×2.3t×2m | D11: ea | E11: =MIN(F11,H11,J11,L11) -> 10500 | F11: 10500 | G11: 1-105 | U11: 1
B12: 가설방음벽(횡대파이프) | C12: Φ48×2.3t | D12: m | E12: =MIN(F12,H12,J12,L12) -> 5250 | F12: 5250 | G12: 1-105 | U12: 2
B13: 가설방음벽(보조지주) | C13: Φ48×2.3t | D13: m | E13: =MIN(F13,H13,J13,L13) -> 5250 | F13: 5250 | G13: 1-105 | U13: 0
B14: 가설방음벽(클램프) | C14: Φ48용 | D14: ea | E14: =MIN(F14,H14,J14,L14) -> 3110 | F14: 3110 | G14: 1-1043 | U14: 0
B15: 가설방음벽(연결핀) | C15: Φ48용 | D15: ea | E15: =MIN(F15,H15,J15,L15) -> 2080 | F15: 2080 | G15: 1-1050 | U15: 0
U16: 0
U21: 물가자료
U22: 물가정보
U23: 조사단가
U24: 견적단가
U31: 0
U32: 0
U33: 0
U34: 0
U35: 0
U36: 0

Sheet 전역변수 (신규)
A1: 전역변수
A2: 변 수 명 | B2: 형 식 | C2: 값 | D2: 비 고 | E2: 적용단위
A3: A | B3: 숫자 | C3: 1208
A4: A11 | B4: 숫자 | C4: 50 | D4: 야간기본노임 | E4: %
A5: A21 | B5: 숫자 | C5: 20 | D5: 작업능률저하 | E5: %
A6: A31 | B6: 숫자 | C6: 0 | D6: 8시간,휴전할증 | E6: %
A7: A33 | B7: 숫자 | C7: 30 | D7: 3시간,휴전할증 | E7: %
A8: AA | B8: 숫자 | C8: 30 | D8: 강재 손율(6개월)
A9: BS01 | B9: 숫자 | C9: 59 | D9: 병렬터널 할증 (양방향) | E9: %
A10: BS02 | B10: 숫자 | C10: 100 | D10: 병렬터널 할증 (일방향) | E10: %
A11: BTR | B11: 숫자 | C11: 100 | D11: 하반할증 | E11: %
A12: CC | B12: 숫자 | C12: 70
A13: CPI | B13: 숫자 | C13: 4.99 | D13: 소비자물가변동율 | E13: %
A14: D2 | B14: 숫자 | C14: 4
A15: EX1 | B15: 숫자 | C15: 0 | D15: 야간할증 | E15: %
A16: EX2 | B16: 숫자 | C16: 0 | D16: 작업능률 저하(야간작업) | E16: %
A17: EX3 | B17: 숫자 | C17: 0 | D17: 위험할증(교량작업:인도교) | E17: %
A18: EX4 | B18: 숫자 | C18: 0 | D18: 지세별 차선할증(번화가 4차선) | E18: %
A19: EX51 | B19: 숫자 | C19: 50 | D19: 협소공간작업 | E19: %
A20: EX52 | B20: 숫자 | C20: 0 | D20: 진동,소음 | E20: %
A21: GB01 | B21: 숫자 | C21: 74 | D21: 볼트손율(24개월조임철물적용) | E21: %
A22: GBO2 | B22: 숫자 | C22: 56 | D22: 잭손율(24개월받침철물적용) | E22: %
A23: HPN3 | B23: 숫자 | C23: 9 | D23: H-형강손료 | E23: %
A24: JANG_D | B24: 숫자 | C24: 80.2 | D24: 동시굴착 범위 (복선) | E24: %
A25: JANG_S | B25: 숫자 | C25: 59 | D25: 병렬굴착 범위 (단선) | E25: %
A26: JS | B26: 숫자 | C26: 100 | D26: 협의율 | E26: %
A27: L1 | B27: 숫자 | C27: 0.2 | D27: 갤러리관보강길이
A28: L2 | B28: 숫자 | C28: 0.15 | D28: 슬래브관보강길이
A29: OT | B29: 숫자 | C29: 1.5
A30: PDH3 | B30: 숫자 | C30: 1.4 | D30: 3공구 장대할증 | E30: %
A31: PDH4 | B31: 숫자 | C31: 0 | D31: 4공구 장대할증 | E31: %
A32: PH | B32: 숫자 | C32: 0 | D32: 장대터널할증 | E32: %
A33: PH1 | B33: 숫자 | C33: 10.4 | D33: 장대터널할증(3공구) | E33: %
A34: PHH1 | B34: 숫자 | C34: 1 | D34: 로드헤드운전원 | E34: 인
A35: Q1 | B35: 숫자 | C35: 1.5
A36: R | B36: 숫자 | C36: 1.0386
A37: S | B37: 숫자 | C37: 1108
A38: SPN3 | B38: 숫자 | C38: 9 | D38: S-파일손료 | E38: %
A39: T1 | B39: 숫자 | C39: 0.012 | D39: 갤러리관 관두께(m)
A40: T2 | B40: 숫자 | C40: 0.01 | D40: 슬래브관 관두께(m)
A41: TBL2 | B41: 숫자 | C41: 100 | D41: 2Arch터널노임(일방향) | E41: %
A42: TS | B42: 숫자 | C42: 0.4388
A43: US2WON | B43: 숫자 | C43: 1138.6 | E43: $
A44: US3WON | B44: 숫자 | C44: 1088
A45: YEN3WON | B45: 숫자 | C45: 10.37 | D45: 환율(일본엔화,2019년 05월)
A46: ZT00010 | B46: 숫자 | C46: 100 | D46: 낙찰율 | E46: %
A47: ZT605010 | B47: 숫자 | C47: 100 | D47: 병렬터널 할증 | E47: %

Sheet 중기전역변수 (신규)
A1: 중기전역변수
A2: 변 수 명 | B2: 형 식 | C2: 값 | D2: 비 고
A3: QCODE | B3: 문자 | C3: 100000000001
A4: QUS2WON | B4: 숫자 | C4: 1289 | D4: 환율(장비가격10만불이하)
A5: QUS2WON1 | B5: 숫자 | C5: 1289 | D5: 환율(장비가격10만불이상)
A6: QYEN2WON | B6: 숫자 | C6: 9.15 | D6: 환율(엔화)
A7: QDM2WON | B7: 숫자 | C7: 0 | D7: 환율(마르크화)
A8: QSDR2WON | B8: 숫자 | C8: 0 | D8: 환율(IMF특별인출권)
A9: QECU2WON | B9: 숫자 | C9: 0 | D9: 환율(유로화)
A10: QEQTY1 | B10: 문자 | C10: (SANG + JUNG + KWAN)*10^-4 | D10: 중기주간경비산출계수
A11: QEQTY2 | B11: 문자 | C11: (SANG + JUNG + KWAN)*10^-4 | D11: 중기야간경비산출계수
A12: QEQTY3 | B12: 문자 | C12: (SANG + JUNG + int(KWAN/3))*10^-4 | D12: 중기주야간경비산출계수
A13: QEINC2 | B13: 숫자 | C13: 1.25 | D13: 중기야간할증계수
A14: QEINC3 | B14: 숫자 | C14: 1.071 | D14: 중기주야간할증계수
A15: QDECPEQ | B15: 문자 | C15: 0 | D15: 경비단가소숫점
A16: QDECCEQ | B16: 문자 | C16: 1 | D16: 경비금액소숫점
A17: QDECEQ | B17: 문자 | C17: 0 | D17: 경비계금액소숫점
A18: QH1 | B18: 문자 | C18: =25/20 * 16/12 * 1/8 -> 0.20833333 | D18: 시간당노임산출계수(일반구간)
A19: QH2 | B19: 문자 | C19: =25/20 * 16/12 * 1/8 -> 0.20833333 | D19: 시간당노임산출계수(터널구간)
A20: QH21 | B20: 문자 | C20: =25/20 * 16/12 * 1/8 -> 0.20833333 | D20: 시간당노임산출계수(장대터널)
A21: QH31 | B21: 문자 | C21: =25/20 * 16/12 * 1/8 -> 0.20833333 | D21: 시간당노임산출계수(해상장비:펌프준설선)
A22: QH32 | B22: 문자 | C22: =25/20 * 16/12 * 1/8 -> 0.20833333 | D22: 시간당노임산출계수(해상장비:GRAB준설선)
A23: QH33 | B23: 문자 | C23: =25/20 * 16/12 * 1/8 -> 0.20833333 | D23: 시간당노임산출계수(해상장비:버켓준설선)
A24: QLINC1 | B24: 숫자 | C24: 1 | D24: 노임할증계수(일반구간:주간)
A25: QLINC2 | B25: 숫자 | C25: 1.5 | D25: 노임할증계수(일반구간:야간)
A26: QLINC3 | B26: 숫자 | C26: 1.16 | D26: 노임할증계수(일반구간:주야간)
A27: QLINCA | B27: 숫자 | C27: 1.6 | D27: 노임할증계수(터널구간:주간)
A28: QLINCB | B28: 숫자 | C28: 1.6 | D28: 노임할증계수(터널구간:야간)
A29: QLINCC | B29: 숫자 | C29: 1.6 | D29: 노임할증계수(터널구간:주야간)
A30: QLINCD | B30: 숫자 | C30: 1.94 | D30: 노임할증계수(장대터널:주간)
A31: QLINCE | B31: 숫자 | C31: 1.94 | D31: 노임할증계수(장대터널:야간)
A32: QLINCF | B32: 숫자 | C32: 1.94 | D32: 노임할증계수(장대터널:주야간)
A33: QLINCX | B33: 숫자 | C33: 1 | D33: 노임할증계수(해상장비:주간)
A34: QLINCY | B34: 숫자 | C34: 1 | D34: 노임할증계수(해상장비:야간)
A35: QLINCZ | B35: 숫자 | C35: 1 | D35: 노임할증계수(해상장비:주야간)
A36: QDECPLA | B36: 문자 | C36: 1 | D36: 노임단가소숫점
A37: QDECCLA | B37: 문자 | C37: 1 | D37: 노임금액소숫점
A38: QDECLA | B38: 문자 | C38: 0 | D38: 노임계금액소숫점
A39: QMINC2 | B39: 숫자 | C39: 1.11 | D39: 재료비할증계수(야간)
A40: QMINC3 | B40: 숫자 | C40: 1.12 | D40: 재료비할증계수(주야간)
A41: QDECPMA | B41: 문자 | C41: 2 | D41: 재료비단가소숫점
A42: QDECCMA | B42: 문자 | C42: 1 | D42: 재료비금액소숫점
A43: QDECMA | B43: 문자 | C43: 0 | D43: 재료비계금액소숫점
A44: QVER | B44: 문자 | C44: 0
A45: QSABUN | B45: 문자
A46: QDATE | B46: 문자
A47: QUS2WON2 | B47: 숫자 | C47: 0 | D47: 환율(사용자 환율1)
A48: QUS2WON3 | B48: 숫자 | C48: 0 | D48: 환율(사용자 환율2)
A49: QOPtimeDecCnt | B49: 문자 | C49: 7
A50: QOPtimeDecOp | B50: 문자 | C50: 0

Sheet 노임
A1: 노임
A2: 명 칭 | B2: 규 격 | C2: 단 위 | D2: 단 가 | E2: 비 고
A3: 형틀목공 | C3: 인 | D3: 275108 | G3: L004 | H3: L004
A4: 철 공 | C4: 인 | D4: 237480 | F4: 56900017101 | G4: L007 | H4: L007
A5: 철 근 공 | C5: 인 | D5: 261934 | G5: L008 | H5: L008
A6: 비 계 공 | C6: 인 | D6: 282352 | G6: L015 | H6: L015
A7: 콘크리트공 | C7: 인 | D7: 264080 | G7: L025 | H7: L025
A8: 배 관 공 | C8: 인 | D8: 229664 | F8: 56900017030 | G8: L028 | H8: L028
A9: 도 장 공 | C9: 인 | D9: 256854 | G9: L032 | H9: L032
A10: 포 장 공 | C10: 인 | D10: 266931 | G10: L041 | H10: L041
A11: 포 설 공 | C11: 인 | D11: 211355 | F11: 56900017122 | G11: L042 | H11: L042
A12: 특별인부 | C12: 인 | D12: 219321 | G12: L084 | H12: L084
A13: 보통인부 | C13: 인 | D13: 167081 | F13: 56900017041 | G13: L085 | H13: L085
A14: 용 접 공 | C14: 인 | D14: 270724 | G14: L114 | H14: L114

Sheet 일위대가목록
A1: 일위대가목록
A2: 공 종 명 | B2: 규 격 | C2: 수 량 | D2: 단 위 | E2: 합 계 | F2: 재 료 비 | G2: 노 무 비 | H2: 경 비 | I2: 비 고 | T2: 재료비 | U2: 노무비 | V2: 경 비 | W2: 합 계 | Y2: 비교검토
A3: 별표 1/#1 흙깍기 | B3: 토사 | C3: 1 | D3: M3 | E3: =F3+G3+H3 -> 2087 | F3: =일위대가_호표!H4 -> 644 | G3: =일위대가_호표!J4 -> 909 | H3: =일위대가_호표!L4 -> 534 | K3: H00100200 | L3: A | T3: 644 | U3: 909 | V3: 534 | W3: 2087 | Y3: =EXACT($E3,$W3) -> TRUE | AA3: =HYPERLINK("#일위대가_호표!A4","H00100200 →") -> H00100200 →
A4: 별표 2/#2 흙 쌓 기 | B4: 주간(토사) | C4: 1 | D4: M3 | E4: =F4+G4+H4 -> 1740 | F4: =일위대가_호표!H7 -> 434 | G4: =일위대가_호표!J7 -> 940 | H4: =일위대가_호표!L7 -> 366 | K4: K1010240 | L4: A | T4: 434 | U4: 940 | V4: 366 | W4: 1740 | Y4: =EXACT($E4,$W4) -> TRUE | AA4: =HYPERLINK("#일위대가_호표!A7","K1010240 →") -> K1010240 →
A5: 별표 3/#3 흙 쌓 기 | B5: 주간(토사)(비다짐) | C5: 1 | D5: M3 | E5: =F5+G5+H5 -> 521 | F5: =일위대가_호표!H12 -> 161 | G5: =일위대가_호표!J12 -> 227 | H5: =일위대가_호표!L12 -> 133 | K5: K1010241 | L5: A | T5: 161 | U5: 227 | V5: 133 | W5: 521 | Y5: =EXACT($E5,$W5) -> TRUE | AA5: =HYPERLINK("#일위대가_호표!A12","K1010241 →") -> K1010241 →
A6: 별표 4/#4 유용토운반 | B6: 도저운반(토사) | C6: 1 | D6: M3 | E6: =F6+G6+H6 -> 1487 | F6: =일위대가_호표!H15 -> 459 | G6: =일위대가_호표!J15 -> 648 | H6: =일위대가_호표!L15 -> 380 | K6: K1010250 | L6: A | T6: 459 | U6: 648 | V6: 380 | W6: 1487 | Y6: =EXACT($E6,$W6) -> TRUE | AA6: =HYPERLINK("#일위대가_호표!A15","K1010250 →") -> K1010250 →
A7: 별표 5/#5 표토제거 | B7: 답외구간, 불도져 19TON | C7: 1 | D7: ㎡ | E7: =F7+G7+H7 -> 252 | F7: =일위대가_호표!H18 -> 100 | G7: =일위대가_호표!J18 -> 85 | H7: =일위대가_호표!L18 -> 67 | K7: SA00220 | L7: A | T7: 100 | U7: 85 | V7: 67 | W7: 252 | Y7: =EXACT($E7,$W7) -> TRUE | AA7: =HYPERLINK("#일위대가_호표!A18","SA00220 →") -> SA00220 →
A8: 별표 7/#6 터파기 | B8: 무대,토사 | C8: 1 | D8: M3 | E8: =F8+G8+H8 -> 1600 | F8: =일위대가_호표!H26 -> 383 | G8: =일위대가_호표!J26 -> 841 | H8: =일위대가_호표!L26 -> 376 | K8: K1020118 | L8: A | T8: 383 | U8: 841 | V8: 376 | W8: 1600 | Y8: =EXACT($E8,$W8) -> TRUE | AA8: =HYPERLINK("#일위대가_호표!A26","K1020118 →") -> K1020118 →
A9: 별표 8/#7 되메우기및다짐(기계) | B9: 토사 | C9: 1 | D9: M3 | E9: =F9+G9+H9 -> 13359 | F9: =일위대가_호표!H29 -> 1057 | G9: =일위대가_호표!J29 -> 10993 | H9: =일위대가_호표!L29 -> 1309 | K9: K1040213 | L9: A | T9: 1057 | U9: 10993 | V9: 1309 | W9: 13359 | Y9: =EXACT($E9,$W9) -> TRUE | AA9: =HYPERLINK("#일위대가_호표!A29","K1040213 →") -> K1040213 →
A10: 별표 9/#8 아스팔트 포장절단 | B10: 주간 | C10: 1 | D10: M | E10: =F10+G10+H10 -> 2101 | F10: =일위대가_호표!H33 -> 627 | G10: =일위대가_호표!J33 -> 1425 | H10: =일위대가_호표!L33 -> 49 | K10: K2010110 | L10: A | T10: 627 | U10: 1425 | V10: 49 | W10: 2101 | Y10: =EXACT($E10,$W10) -> TRUE | AA10: =HYPERLINK("#일위대가_호표!A33","K2010110 →") -> K2010110 →
A11: 별표 10/#9 아스팔트 깨기 | B11: 주간 | C11: 1 | D11: M3 | E11: =F11+G11+H11 -> 8337 | F11: =일위대가_호표!H41 -> 1229 | G11: =일위대가_호표!J41 -> 4857 | H11: =일위대가_호표!L41 -> 2251 | K11: K2010210 | L11: A | T11: 1229 | U11: 4857 | V11: 2251 | W11: 8337 | Y11: =EXACT($E11,$W11) -> TRUE | AA11: =HYPERLINK("#일위대가_호표!A41","K2010210 →") -> K2010210 →
A12: 별표 11/#10 콘크리트 포장절단 | B12: 주간 | C12: 1 | D12: M | E12: =F12+G12+H12 -> 2265 | F12: =일위대가_호표!H47 -> 647 | G12: =일위대가_호표!J47 -> 1565 | H12: =일위대가_호표!L47 -> 53 | K12: K2010120 | L12: A | T12: 647 | U12: 1565 | V12: 53 | W12: 2265 | Y12: =EXACT($E12,$W12) -> TRUE | AA12: =HYPERLINK("#일위대가_호표!A47","K2010120 →") -> K2010120 →
A13: 별표 12/#11 철근콘크리트 깨기 | C13: 1 | D13: M3 | E13: =F13+G13+H13 -> 54514 | F13: =일위대가_호표!H55 -> 8029 | G13: =일위대가_호표!J55 -> 31736 | H13: =일위대가_호표!L55 -> 14749 | K13: K2010330 | L13: A | T13: 8029 | U13: 31736 | V13: 14749 | W13: 54514 | Y13: =EXACT($E13,$W13) -> TRUE | AA13: =HYPERLINK("#일위대가_호표!A55","K2010330 →") -> K2010330 →
A14: 별표 13/#12 무근콘크리트 깨기 | B14: 30cm미만 | C14: 1 | D14: M3 | E14: =F14+G14+H14 -> 33020 | F14: =일위대가_호표!H61 -> 4276 | G14: =일위대가_호표!J61 -> 20885 | H14: =일위대가_호표!L61 -> 7859 | K14: K2010310 | L14: A | T14: 4276 | U14: 20885 | V14: 7859 | W14: 33020 | Y14: =EXACT($E14,$W14) -> TRUE | AA14: =HYPERLINK("#일위대가_호표!A61","K2010310 →") -> K2010310 →
A15: 별표 14/#13 폐기물적재 | B15: 주간 | C15: 1 | D15: M3 | E15: =F15+G15+H15 -> 7639 | F15: =일위대가_호표!H67 -> 1489 | G15: =일위대가_호표!J67 -> 4237 | H15: =일위대가_호표!L67 -> 1913 | K15: K2010500 | L15: A | T15: 1489 | U15: 4237 | V15: 1913 | W15: 7639 | Y15: =EXACT($E15,$W15) -> TRUE | AA15: =HYPERLINK("#일위대가_호표!A67","K2010500 →") -> K2010500 →
A16: 별표 16/#14 되메우기및다짐(인력) | B16: 토사 | C16: 1 | D16: M3 | E16: =F16+G16+H16 -> 26375 | F16: =일위대가_호표!H74 -> 645 | G16: =일위대가_호표!J74 -> 24860 | H16: =일위대가_호표!L74 -> 870 | K16: K1040214 | L16: A | T16: 645 | U16: 24860 | V16: 870 | W16: 26375 | Y16: =EXACT($E16,$W16) -> TRUE | AA16: =HYPERLINK("#일위대가_호표!A74","K1040214 →") -> K1040214 →
A17: 별표 18/#15 모래채움및다짐 | C17: 1 | D17: M3 | E17: =F17+G17+H17 -> 54894 | F17: =일위대가_호표!H86 -> 49714 | G17: =일위대가_호표!J86 -> 4714 | H17: =일위대가_호표!L86 -> 466 | K17: K1050214-1 | L17: A | T17: 49714 | U17: 4714 | V17: 466 | W17: 54894 | Y17: =EXACT($E17,$W17) -> TRUE | AA17: =HYPERLINK("#일위대가_호표!A86","K1050214-1 →") -> K1050214-1 →
A18: 별표 19/#16 CON'C 타설(굴삭기) | B18: 무근 | C18: 1 | D18: M3 | E18: =F18+G18+H18 -> 28187 | F18: =일위대가_호표!H92 -> 2498 | G18: =일위대가_호표!J92 -> 22448 | H18: =일위대가_호표!L92 -> 3241 | K18: K3021812 | L18: A | T18: 2498 | U18: 22448 | V18: 3241 | W18: 28187 | Y18: =EXACT($E18,$W18) -> TRUE | AA18: =HYPERLINK("#일위대가_호표!A92","K3021812 →") -> K3021812 →
A19: 별표 20/#17 CON'C 타설(펌프차) | B19: 철근 | C19: 1 | D19: M3 | E19: =F19+G19+H19 -> 34252 | F19: =일위대가_호표!H99 -> 2832 | G19: =일위대가_호표!J99 -> 25476 | H19: =일위대가_호표!L99 -> 5944 | K19: K3032412 | L19: A | T19: 2832 | U19: 25476 | V19: 5944 | W19: 34252 | Y19: =EXACT($E19,$W19) -> TRUE | AA19: =HYPERLINK("#일위대가_호표!A99","K3032412 →") -> K3032412 →
A20: 별표 21/#18 유 로 폼 | B20: 보통 | C20: 1 | D20: M2 | E20: =F20+G20+H20 -> 41468 | F20: =일위대가_호표!H109 -> 4160 | G20: =일위대가_호표!J109 -> 36222 | H20: =일위대가_호표!L109 -> 1086 | K20: K3060150 | L20: A | T20: 4160 | U20: 36222 | V20: 1086 | W20: 41468 | Y20: =EXACT($E20,$W20) -> TRUE | AA20: =HYPERLINK("#일위대가_호표!A109","K3060150 →") -> K3060150 →
A21: 별표 47/#19 보조기층 포설다짐 | B21: 주간 | C21: 1 | D21: M3 | E21: =F21+G21+H21 -> 47150 | F21: =일위대가_호표!H284 -> 30756 | G21: =일위대가_호표!J284 -> 13761 | H21: =일위대가_호표!L284 -> 2633 | K21: K2030110 | L21: A | T21: 30756 | U21: 13761 | V21: 2633 | W21: 47150 | Y21: =EXACT($E21,$W21) -> TRUE | AA21: =HYPERLINK("#일위대가_호표!A284","K2030110 →") -> K2030110 →
A22: 별표 48/#20 표층포설및다짐(기계) | B22: 주간:T=5CM | C22: 1 | D22: M2 | E22: =F22+G22+H22 -> 957 | F22: =일위대가_호표!H294 -> 111 | G22: =일위대가_호표!J294 -> 668 | H22: =일위대가_호표!L294 -> 178 | K22: K2020205 | L22: A | T22: 111 | U22: 668 | V22: 178 | W22: 957 | Y22: =EXACT($E22,$W22) -> TRUE | AA22: =HYPERLINK("#일위대가_호표!A294","K2020205 →") -> K2020205 →
A23: 별표 49/#21 기층포설및다짐(기계) | B23: 주간:T=10CM | C23: 1 | D23: M2 | E23: =F23+G23+H23 -> 1032 | F23: =일위대가_호표!H304 -> 119 | G23: =일위대가_호표!J304 -> 724 | H23: =일위대가_호표!L304 -> 189 | K23: K2020710 | L23: A | T23: 119 | U23: 724 | V23: 189 | W23: 1032 | Y23: =EXACT($E23,$W23) -> TRUE | AA23: =HYPERLINK("#일위대가_호표!A304","K2020710 →") -> K2020710 →
A24: 별표 50/#22 택 코 팅 | B24: 주간:수동식 | C24: 1 | D24: M2 | E24: =F24+G24+H24 -> 475 | F24: =일위대가_호표!H314 -> 391 | G24: =일위대가_호표!J314 -> 84 | H24: =일위대가_호표!L314 -> 0 | K24: K2020910 | L24: A | T24: 391 | U24: 84 | V24: 0 | W24: 475 | Y24: =EXACT($E24,$W24) -> TRUE | AA24: =HYPERLINK("#일위대가_호표!A314","K2020910 →") -> K2020910 →
A25: 별표 51/#23 프라임 코팅 | B25: 주간:수동식 | C25: 1 | D25: M2 | E25: =F25+G25+H25 -> 1698 | F25: =일위대가_호표!H320 -> 1614 | G25: =일위대가_호표!J320 -> 84 | H25: =일위대가_호표!L320 -> 0 | K25: K2020920 | L25: A | T25: 1614 | U25: 84 | V25: 0 | W25: 1698 | Y25: =EXACT($E25,$W25) -> TRUE | AA25: =HYPERLINK("#일위대가_호표!A320","K2020920 →") -> K2020920 →
A26: 별표 55/#24 보차도 경계석(직선) | B26: 화강석(200*250) | C26: 1 | D26: M | E26: =F26+G26+H26 -> 45313 | F26: =일위대가_호표!H347 -> 30935 | G26: =일위대가_호표!J347 -> 13490 | H26: =일위대가_호표!L347 -> 888 | K26: K2040210 | L26: A | T26: 30935 | U26: 13490 | V26: 888 | W26: 45313 | Y26: =EXACT($E26,$W26) -> TRUE | AA26: =HYPERLINK("#일위대가_호표!A347","K2040210 →") -> K2040210 →
A27: 별표 56/#25 보차도 경계석(곡선) | B27: 화강석(200*250) | C27: 1 | D27: M | E27: =F27+G27+H27 -> 69812 | F27: =일위대가_호표!H353 -> 53627 | G27: =일위대가_호표!J353 -> 15186 | H27: =일위대가_호표!L353 -> 999 | K27: K2040220 | L27: A | T27: 53627 | U27: 15186 | V27: 999 | W27: 69812 | Y27: =EXACT($E27,$W27) -> TRUE | AA27: =HYPERLINK("#일위대가_호표!A353","K2040220 →") -> K2040220 →
A28: 별표 57/#26 보차도 경계석(낮춤석) | B28: 화강석(200*100) | C28: 1 | D28: M | E28: =F28+G28+H28 -> 23336 | F28: =일위대가_호표!H359 -> 15726 | G28: =일위대가_호표!J359 -> 7140 | H28: =일위대가_호표!L359 -> 470 | K28: K2040240 | L28: A | T28: 15726 | U28: 7140 | V28: 470 | W28: 23336 | Y28: =EXACT($E28,$W28) -> TRUE | AA28: =HYPERLINK("#일위대가_호표!A359","K2040240 →") -> K2040240 →
A29: 별표 58/#27 차선도색(실선) | B29: 백색:융착식 | C29: 1 | D29: M2 | E29: =F29+G29+H29 -> 20610 | F29: =일위대가_호표!H365 -> 18116 | G29: =일위대가_호표!J365 -> 2230 | H29: =일위대가_호표!L365 -> 264 | K29: K7011011 | L29: A | T29: 18116 | U29: 2230 | V29: 264 | W29: 20610 | Y29: =EXACT($E29,$W29) -> TRUE | AA29: =HYPERLINK("#일위대가_호표!A365","K7011011 →") -> K7011011 →
A30: 별표 59/#28 차선도색(문자,기호) | B30: 백색:융착식 | C30: 1 | D30: M2 | E30: =F30+G30+H30 -> 32701 | F30: =일위대가_호표!H377 -> 18906 | G30: =일위대가_호표!J377 -> 12333 | H30: =일위대가_호표!L377 -> 1462 | K30: K7011031 | L30: A | T30: 18906 | U30: 12333 | V30: 1462 | W30: 32701 | Y30: =EXACT($E30,$W30) -> TRUE | AA30: =HYPERLINK("#일위대가_호표!A377","K7011031 →") -> K7011031 →
A31: 별표 60/#29 장비 운반비 | C31: 1 | D31: 식 | E31: =F31+G31+H31 -> 2011105 | F31: =일위대가_호표!H389 -> 0 | G31: =일위대가_호표!J389 -> 0 | H31: =일위대가_호표!L389 -> 2011105 | K31: K7011770-2 | L31: A | T31: 0 | U31: 0 | V31: 2011105 | W31: 2011105 | Y31: =EXACT($E31,$W31) -> TRUE | AA31: =HYPERLINK("#일위대가_호표!A389","K7011770-2 →") -> K7011770-2 →
A32: 별표 62/#33 흄관 소운반 | C32: 1 | D32: M | E32: =F32+G32+H32 -> 20315 | F32: =일위대가_호표!H405 -> 604 | G32: =일위대가_호표!J405 -> 15001 | H32: =일위대가_호표!L405 -> 4710 | K32: K7011720 | L32: A | T32: 604 | U32: 15001 | V32: 4710 | W32: 20315 | Y32: =EXACT($E32,$W32) -> TRUE | AA32: =HYPERLINK("#일위대가_호표!A405","K7011720 →") -> K7011720 →
A33: 별표 63/#34 시멘트 운반 | C33: 1 | D33: KG | E33: =F33+G33+H33 -> 16 | F33: =일위대가_호표!H412 -> 0 | G33: =일위대가_호표!J412 -> 0 | H33: =일위대가_호표!L412 -> 16 | K33: K7011750 | L33: A | T33: 0 | U33: 0 | V33: 16 | W33: 16 | Y33: =EXACT($E33,$W33) -> TRUE | AA33: =HYPERLINK("#일위대가_호표!A412","K7011750 →") -> K7011750 →
A34: 별표 64/#35 터파기 | B34: BH 0.6M3, 인력10% | C34: 1 | D34: m3 | E34: =F34+G34+H34 -> 5002 | F34: =일위대가_호표!H416 -> 299 | G34: =일위대가_호표!J416 -> 4324 | H34: =일위대가_호표!L416 -> 379 | K34: N1070-2 | L34: A | T34: 299 | U34: 4324 | V34: 379 | W34: 5002 | Y34: =EXACT($E34,$W34) -> TRUE | AA34: =HYPERLINK("#일위대가_호표!A416","N1070-2 →") -> N1070-2 →
A35: 별표 65/#36 잔토처리 | B35: BH 0.6M3 | C35: 1 | D35: m3 | E35: =F35+G35+H35 -> 1585 | F35: =일위대가_호표!H420 -> 285 | G35: =일위대가_호표!J420 -> 938 | H35: =일위대가_호표!L420 -> 362 | K35: N0860-2 | L35: A | T35: 285 | U35: 938 | V35: 362 | W35: 1585 | Y35: =EXACT($E35,$W35) -> TRUE | AA35: =HYPERLINK("#일위대가_호표!A420","N0860-2 →") -> N0860-2 →
A36: 별표 66/#37 원지반 다짐 | B36: P.C 1.5ton 3회 | C36: 1 | D36: m2 | E36: =F36+G36+H36 -> 414 | F36: =일위대가_호표!H423 -> 20 | G36: =일위대가_호표!J423 -> 386 | H36: =일위대가_호표!L423 -> 8 | K36: N0800-2 | L36: A | T36: 20 | U36: 386 | V36: 8 | W36: 414 | Y36: =EXACT($E36,$W36) -> TRUE | AA36: =HYPERLINK("#일위대가_호표!A423","N0800-2 →") -> N0800-2 →
A37: #30 가설사무소(3.0×12.0) | B37: 콘테이너 | C37: 1 | D37: 식 | E37: =F37+G37+H37 -> 1250635 | F37: =일위대가_산근!C4 -> 0 | G37: =일위대가_산근!D4 -> 0 | H37: =일위대가_산근!E4 -> 1250635 | K37: SF00300 | L37: F | T37: 0 | U37: 0 | V37: 1250635 | W37: 1250635 | Y37: =EXACT($E37,$W37) -> TRUE | AA37: =HYPERLINK("#일위대가_산근!A4","SF00300 →") -> SF00300 →
A38: #31 가설창고 (3.0×12.0) | B38: 콘테이너 | C38: 1 | D38: 식 | E38: =F38+G38+H38 -> 1155708 | F38: =일위대가_산근!C42 -> 0 | G38: =일위대가_산근!D42 -> 0 | H38: =일위대가_산근!E42 -> 1155708 | K38: SF00400 | L38: F | T38: 0 | U38: 0 | V38: 1155708 | W38: 1155708 | Y38: =EXACT($E38,$W38) -> TRUE | AA38: =HYPERLINK("#일위대가_산근!A42","SF00400 →") -> SF00400 →
A39: #32 전기아연도금 강판가설울타리 | B39: EGI휀스, 6개월 | C39: 1 | D39: m | E39: =F39+G39+H39 -> 72375 | F39: =일위대가_산근!C80 -> 0 | G39: =일위대가_산근!D80 -> 0 | H39: =일위대가_산근!E80 -> 72375 | K39: SF031050 | L39: F | T39: 0 | U39: 0 | V39: 72375 | W39: 72375 | Y39: =EXACT($E39,$W39) -> TRUE | AA39: =HYPERLINK("#일위대가_산근!A80","SF031050 →") -> SF031050 →
A40: #38 세륜시설운영 | B40: 6개월 | C40: 1 | D40: 식 | E40: =F40+G40+H40 -> 5727281 | F40: =일위대가_산근!C165 -> 0 | G40: =일위대가_산근!D165 -> 0 | H40: =일위대가_산근!E165 -> 5727281 | K40: WD26D000 | L40: F | T40: 0 | U40: 0 | V40: 5727281 | W40: 5727281 | Y40: =EXACT($E40,$W40) -> TRUE | AA40: =HYPERLINK("#일위대가_산근!A165","WD26D000 →") -> WD26D000 →
A41: No.6 벌개제근 | C41: 1 | D41: ㎡ | E41: =F41+G41+H41 -> 483 | F41: =일위대가_호표!H21 -> 31 | G41: =일위대가_호표!J21 -> 390 | H41: =일위대가_호표!L21 -> 62 | K41: SA00230 | L41: T | T41: 31 | U41: 390 | V41: 62 | W41: 483 | Y41: =EXACT($E41,$W41) -> TRUE | AA41: =HYPERLINK("#일위대가_호표!A21","SA00230 →") -> SA00230 →
A42: No.15 인력터파기 | B42: 토사 | C42: 1 | D42: M3 | E42: =F42+G42+H42 -> 43441 | F42: =일위대가_호표!H70 -> 0 | G42: =일위대가_호표!J70 -> 43441 | H42: =일위대가_호표!L70 -> 0 | K42: H1021200000 | L42: T | T42: 0 | U42: 43441 | V42: 0 | W42: 43441 | Y42: =EXACT($E42,$W42) -> TRUE | AA42: =HYPERLINK("#일위대가_호표!A70","H1021200000 →") -> H1021200000 →
A43: No.17 기초잡석부설및다짐 | C43: 1 | D43: M3 | E43: =F43+G43+H43 -> 39788 | F43: =일위대가_호표!H78 -> 27789 | G43: =일위대가_호표!J78 -> 10816 | H43: =일위대가_호표!L78 -> 1183 | K43: K2030210 | L43: T | T43: 27789 | U43: 10816 | V43: 1183 | W43: 39788 | Y43: =EXACT($E43,$W43) -> TRUE | AA43: =HYPERLINK("#일위대가_호표!A78","K2030210 →") -> K2030210 →
A44: No.22 합판거푸집 | B44: 4회,보통 | C44: 1 | D44: M2 | E44: =F44+G44+H44 -> 51719 | F44: =일위대가_호표!H118 -> 13358 | G44: =일위대가_호표!J118 -> 37982 | H44: =일위대가_호표!L118 -> 379 | K44: K3060114 | L44: T | T44: 13358 | U44: 37982 | V44: 379 | W44: 51719 | Y44: =EXACT($E44,$W44) -> TRUE | AA44: =HYPERLINK("#일위대가_호표!A118","K3060114 →") -> K3060114 →
A45: No.23 합판거푸집 | B45: 6회 | C45: 1 | D45: M2 | E45: =F45+G45+H45 -> 46353 | F45: =일위대가_호표!H127 -> 11819 | G45: =일위대가_호표!J127 -> 34193 | H45: =일위대가_호표!L127 -> 341 | K45: K3060116 | L45: T | T45: 11819 | U45: 34193 | V45: 341 | W45: 46353 | Y45: =EXACT($E45,$W45) -> TRUE | AA45: =HYPERLINK("#일위대가_호표!A127","K3060116 →") -> K3060116 →
A46: No.24 철근 가공조립 | B46: Type-Ⅱ-2 | C46: 1 | D46: TON | E46: =F46+G46+H46 -> 961592 | F46: =일위대가_호표!H136 -> 13840 | G46: =일위대가_호표!J136 -> 929169 | H46: =일위대가_호표!L136 -> 18583 | K46: K3061110 | L46: T | T46: 13840 | U46: 929169 | V46: 18583 | W46: 961592 | Y46: =EXACT($E46,$W46) -> TRUE | AA46: =HYPERLINK("#일위대가_호표!A136","K3061110 →") -> K3061110 →
A47: No.25 흄관 접합및부설 | B47: D=300MM | C47: 1 | D47: M | E47: =F47+G47+H47 -> 55744 | F47: =일위대가_호표!H143 -> 3398 | G47: =일위대가_호표!J143 -> 45375 | H47: =일위대가_호표!L143 -> 6971 | K47: K5011030 | L47: T | T47: 3398 | U47: 45375 | V47: 6971 | W47: 55744 | Y47: =EXACT($E47,$W47) -> TRUE | AA47: =HYPERLINK("#일위대가_호표!A143","K5011030 →") -> K5011030 →
A48: No.26 흄관 접합및부설 | B48: D=450MM | C48: 1 | D48: M | E48: =F48+G48+H48 -> 79045 | F48: =일위대가_호표!H151 -> 4681 | G48: =일위대가_호표!J151 -> 66089 | H48: =일위대가_호표!L151 -> 8275 | K48: K5011045 | L48: T | T48: 4681 | U48: 66089 | V48: 8275 | W48: 79045 | Y48: =EXACT($E48,$W48) -> TRUE | AA48: =HYPERLINK("#일위대가_호표!A151","K5011045 →") -> K5011045 →
A49: No.27 흄관 접합및부설 | B49: D=500MM | C49: 1 | D49: M | E49: =F49+G49+H49 -> 86941 | F49: =일위대가_호표!H159 -> 5237 | G49: =일위대가_호표!J159 -> 72994 | H49: =일위대가_호표!L159 -> 8710 | K49: K5011050 | L49: T | T49: 5237 | U49: 72994 | V49: 8710 | W49: 86941 | Y49: =EXACT($E49,$W49) -> TRUE | AA49: =HYPERLINK("#일위대가_호표!A159","K5011050 →") -> K5011050 →
A50: No.28 흄관 접합및부설 | B50: D=1000MM | C50: 1 | D50: M | E50: =F50+G50+H50 -> 168392 | F50: =일위대가_호표!H167 -> 10841 | G50: =일위대가_호표!J167 -> 142041 | H50: =일위대가_호표!L167 -> 15510 | K50: K5011100 | L50: T | T50: 10841 | U50: 142041 | V50: 15510 | W50: 168392 | Y50: =EXACT($E50,$W50) -> TRUE | AA50: =HYPERLINK("#일위대가_호표!A167","K5011100 →") -> K5011100 →
A51: No.29 PE관 설치 | B51: Φ450 | C51: 1 | D51: M | E51: =F51+G51+H51 -> 102211 | F51: =일위대가_호표!H175 -> 82162 | G51: =일위대가_호표!J175 -> 19466 | H51: =일위대가_호표!L175 -> 583 | K51: K50200450 | L51: T | T51: 82162 | U51: 19466 | V51: 583 | W51: 102211 | Y51: =EXACT($E51,$W51) -> TRUE | AA51: =HYPERLINK("#일위대가_호표!A175","K50200450 →") -> K50200450 →
A52: No.30 PE관 설치 | B52: Φ300 | C52: 1 | D52: M | E52: =F52+G52+H52 -> 52763 | F52: =일위대가_호표!H183 -> 38787 | G52: =일위대가_호표!J183 -> 13569 | H52: =일위대가_호표!L183 -> 407 | K52: K50200300 | L52: T | T52: 38787 | U52: 13569 | V52: 407 | W52: 52763 | Y52: =EXACT($E52,$W52) -> TRUE | AA52: =HYPERLINK("#일위대가_호표!A183","K50200300 →") -> K50200300 →
A53: No.31 PE관 설치 | B53: Φ25 | C53: 1 | D53: M | E53: =F53+G53+H53 -> 5045 | F53: =일위대가_호표!H191 -> 1050 | G53: =일위대가_호표!J191 -> 3995 | H53: =일위대가_호표!L191 -> 0 | K53: K50200025 | L53: T | T53: 1050 | U53: 3995 | V53: 0 | W53: 5045 | Y53: =EXACT($E53,$W53) -> TRUE | AA53: =HYPERLINK("#일위대가_호표!A191","K50200025 →") -> K50200025 →
A54: No.32 잡철물 제작및설치 | B54: 규격철물설치(일반철재) | C54: 1 | D54: TON | E54: =F54+G54+H54 -> 3245348 | F54: =일위대가_호표!H198 -> 90148 | G54: =일위대가_호표!J198 -> 3004953 | H54: =일위대가_호표!L198 -> 150247 | K54: K3061310 | L54: T | T54: 90148 | U54: 3004953 | V54: 150247 | W54: 3245348 | Y54: =EXACT($E54,$W54) -> TRUE | AA54: =HYPERLINK("#일위대가_호표!A198","K3061310 →") -> K3061310 →
A55: No.33 녹막이 페인트 칠 | B55: 철재면 1회 | C55: 1 | D55: M2 | E55: =F55+G55+H55 -> 5055 | F55: =일위대가_호표!H207 -> 615 | G55: =일위대가_호표!J207 -> 4353 | H55: =일위대가_호표!L207 -> 87 | K55: XC0081 | L55: T | T55: 615 | U55: 4353 | V55: 87 | W55: 5055 | Y55: =EXACT($E55,$W55) -> TRUE | AA55: =HYPERLINK("#일위대가_호표!A207","XC0081 →") -> XC0081 →
A56: No.34 조합 페인트 칠 | B56: 철재면 2회 | C56: 1 | D56: M2 | E56: =F56+G56+H56 -> 13279 | F56: =일위대가_호표!H217 -> 1437 | G56: =일위대가_호표!J217 -> 11610 | H56: =일위대가_호표!L217 -> 232 | K56: XC0083 | L56: T | T56: 1437 | U56: 11610 | V56: 232 | W56: 13279 | Y56: =EXACT($E56,$W56) -> TRUE | AA56: =HYPERLINK("#일위대가_호표!A217","XC0083 →") -> XC0083 →
A57: No.35 스틸그레이팅 설치 | B57: I-50 | C57: 1 | D57: M2 | E57: =F57+G57+H57 -> 4550 | F57: =일위대가_호표!H228 -> 0 | G57: =일위대가_호표!J228 -> 4550 | H57: =일위대가_호표!L228 -> 0 | K57: K60000200 | L57: T | T57: 0 | U57: 4550 | V57: 0 | W57: 4550 | Y57: =EXACT($E57,$W57) -> TRUE | AA57: =HYPERLINK("#일위대가_호표!A228","K60000200 →") -> K60000200 →
A58: No.36 PVC 지수판설치 | B58: 230 x 5t | C58: 1 | D58: M | E58: =F58+G58+H58 -> 60729 | F58: =일위대가_호표!H232 -> 6657 | G58: =일위대가_호표!J232 -> 52498 | H58: =일위대가_호표!L232 -> 1574 | K58: PJ1001000 | L58: T | T58: 6657 | U58: 52498 | V58: 1574 | W58: 60729 | Y58: =EXACT($E58,$W58) -> TRUE | AA58: =HYPERLINK("#일위대가_호표!A232","PJ1001000 →") -> PJ1001000 →
A59: No.37 빗물받이 설치 | B59: 510X410X940 | C59: 1 | D59: EA | E59: =F59+G59+H59 -> 178500 | F59: =일위대가_호표!H241 -> 170000 | G59: =일위대가_호표!J241 -> 8500 | H59: =일위대가_호표!L241 -> 0 | K59: K7000100 | L59: T | T59: 170000 | U59: 8500 | V59: 0 | W59: 178500 | Y59: =EXACT($E59,$W59) -> TRUE | AA59: =HYPERLINK("#일위대가_호표!A241","K7000100 →") -> K7000100 →
A60: No.38 모르터 | B60: 1:2 | C60: 1 | D60: M3 | E60: =F60+G60+H60 -> 82724 | F60: =일위대가_호표!H245 -> 0 | G60: =일위대가_호표!J245 -> 71844 | H60: =일위대가_호표!L245 -> 10880 | K60: K3010112 | L60: T | T60: 0 | U60: 71844 | V60: 10880 | W60: 82724 | Y60: =EXACT($E60,$W60) -> TRUE | AA60: =HYPERLINK("#일위대가_호표!A245","K3010112 →") -> K3010112 →
A61: No.39 맨홀뚜껑설치 | B61: Ø648㎜ | C61: 1 | D61: 개소 | E61: =F61+G61+H61 -> 367500 | F61: =일위대가_호표!H252 -> 350000 | G61: =일위대가_호표!J252 -> 17500 | H61: =일위대가_호표!L252 -> 0 | K61: K5015100 | L61: T | T61: 350000 | U61: 17500 | V61: 0 | W61: 367500 | Y61: =EXACT($E61,$W61) -> TRUE | AA61: =HYPERLINK("#일위대가_호표!A252","K5015100 →") -> K5015100 →
A62: No.40 세퍼레이터 설치 | C62: 1 | D62: EA | E62: =F62+G62+H62 -> 330 | F62: =일위대가_호표!H256 -> 315 | G62: =일위대가_호표!J256 -> 15 | H62: =일위대가_호표!L256 -> 0 | K62: K6900210 | L62: T | T62: 315 | U62: 15 | V62: 0 | W62: 330 | Y62: =EXACT($E62,$W62) -> TRUE | AA62: =HYPERLINK("#일위대가_호표!A256","K6900210 →") -> K6900210 →
A63: No.41 스페이서 설치 | B63: 벽체용 | C63: 1 | D63: EA | E63: =F63+G63+H63 -> 220 | F63: =일위대가_호표!H260 -> 220 | G63: =일위대가_호표!J260 -> 0 | H63: =일위대가_호표!L260 -> 0 | K63: K6900100 | L63: T | T63: 220 | U63: 0 | V63: 0 | W63: 220 | Y63: =EXACT($E63,$W63) -> TRUE | AA63: =HYPERLINK("#일위대가_호표!A260","K6900100 →") -> K6900100 →
A64: No.42 콘크리트 치핑 | C64: 1 | D64: M2 | E64: =F64+G64+H64 -> 30548 | F64: =일위대가_호표!H263 -> 0 | G64: =일위대가_호표!J263 -> 29659 | H64: =일위대가_호표!L263 -> 889 | K64: K3050215 | L64: T | T64: 0 | U64: 29659 | V64: 889 | W64: 30548 | Y64: =EXACT($E64,$W64) -> TRUE | AA64: =HYPERLINK("#일위대가_호표!A263","K3050215 →") -> K3050215 →
A65: No.43 신축이음재설치 | C65: 1 | D65: M2 | E65: =F65+G65+H65 -> 2835 | F65: =일위대가_호표!H269 -> 2700 | G65: =일위대가_호표!J269 -> 135 | H65: =일위대가_호표!L269 -> 0 | K65: K7002400 | L65: T | T65: 2700 | U65: 135 | V65: 0 | W65: 2835 | Y65: =EXACT($E65,$W65) -> TRUE | AA65: =HYPERLINK("#일위대가_호표!A269","K7002400 →") -> K7002400 →
A66: No.44 실런트설치 | C66: 1 | D66: M3 | E66: =F66+G66+H66 -> 4375350 | F66: =일위대가_호표!H273 -> 4167000 | G66: =일위대가_호표!J273 -> 208350 | H66: =일위대가_호표!L273 -> 0 | K66: K7002200 | L66: T | T66: 4167000 | U66: 208350 | V66: 0 | W66: 4375350 | Y66: =EXACT($E66,$W66) -> TRUE | AA66: =HYPERLINK("#일위대가_호표!A273","K7002200 →") -> K7002200 →
A67: No.45 경고테이프 설치 | C67: 1 | D67: M | E67: =F67+G67+H67 -> 150 | F67: =일위대가_호표!H277 -> 150 | G67: =일위대가_호표!J277 -> 0 | H67: =일위대가_호표!L277 -> 0 | K67: K7012200 | L67: T | T67: 150 | U67: 0 | V67: 0 | W67: 150 | Y67: =EXACT($E67,$W67) -> TRUE | AA67: =HYPERLINK("#일위대가_호표!A277","K7012200 →") -> K7012200 →
A68: No.46 FRP오수처리시설 설치 | C68: 1 | D68: EA | E68: =F68+G68+H68 -> 190909 | F68: =일위대가_호표!H280 -> 0 | G68: =일위대가_호표!J280 -> 190909 | H68: =일위대가_호표!L280 -> 0 | K68: KO010010 | L68: T | T68: 0 | U68: 190909 | V68: 0 | W68: 190909 | Y68: =EXACT($E68,$W68) -> TRUE | AA68: =HYPERLINK("#일위대가_호표!A280","KO010010 →") -> KO010010 →
A69: No.52 와이어메쉬설치 | B69: #8 150x150 | C69: 1 | D69: M2 | E69: =F69+G69+H69 -> 3103 | F69: =일위대가_호표!H326 -> 2101 | G69: =일위대가_호표!J326 -> 1002 | H69: =일위대가_호표!L326 -> 0 | K69: K2010220 | L69: T | T69: 2101 | U69: 1002 | V69: 0 | W69: 3103 | Y69: =EXACT($E69,$W69) -> TRUE | AA69: =HYPERLINK("#일위대가_호표!A326","K2010220 →") -> K2010220 →
A70: No.53 인조화강석블럭포장 | B70: T80 | C70: 1 | D70: m2 | E70: =F70+G70+H70 -> 16383 | F70: =일위대가_호표!H330 -> 4980 | G70: =일위대가_호표!J330 -> 10370 | H70: =일위대가_호표!L330 -> 1033 | K70: NP0410-24 | L70: T | T70: 4980 | U70: 10370 | V70: 1033 | W70: 16383 | Y70: =EXACT($E70,$W70) -> TRUE | AA70: =HYPERLINK("#일위대가_호표!A330","NP0410-24 →") -> NP0410-24 →
A71: No.54 카스토퍼설치 | B71: 1000X150X120 | C71: 1 | D71: EA | E71: =F71+G71+H71 -> 57058 | F71: =일위대가_호표!H340 -> 50000 | G71: =일위대가_호표!J340 -> 6722 | H71: =일위대가_호표!L340 -> 336 | K71: K2020010 | L71: T | T71: 50000 | U71: 6722 | V71: 336 | W71: 57058 | Y71: =EXACT($E71,$W71) -> TRUE | AA71: =HYPERLINK("#일위대가_호표!A340","K2020010 →") -> K2020010 →
A72: No.61 세륜 세차 시설 | B72: 6개월 | C72: 1 | D72: 식 | E72: =F72+G72+H72 -> 11947341 | F72: =일위대가_호표!H394 -> 0 | G72: =일위대가_호표!J394 -> 0 | H72: =일위대가_호표!L394 -> 11947341 | J72: 부분실적 | K72: WD25D000 | L72: T | T72: 0 | U72: 0 | V72: 11947341 | W72: 11947341 | Y72: =EXACT($E72,$W72) -> TRUE | AA72: =HYPERLINK("#일위대가_호표!A394","WD25D000 →") -> WD25D000 →
A73: No.67 보조기층 부설 및 다짐 | B73: 인력식 소규모 장비 사용, 150m3/일 | C73: 1 | D73: m3 | E73: =F73+G73+H73 -> 14311 | F73: =일위대가_호표!H426 -> 1554 | G73: =일위대가_호표!J426 -> 11235 | H73: =일위대가_호표!L426 -> 1522 | K73: N0303 | L73: T | T73: 1554 | U73: 11235 | V73: 1522 | W73: 14311 | Y73: =EXACT($E73,$W73) -> TRUE | AA73: =HYPERLINK("#일위대가_호표!A426","N0303 →") -> N0303 →
A74: No.68 보도용블럭설치(소형) | B74: A-Type | C74: 1 | D74: m2 | E74: =F74+G74+H74 -> 8925 | F74: =일위대가_호표!H429 -> 510 | G74: =일위대가_호표!J429 -> 7704 | H74: =일위대가_호표!L429 -> 711 | K74: N6030-24 | L74: T | T74: 510 | U74: 7704 | V74: 711 | W74: 8925 | Y74: =EXACT($E74,$W74) -> TRUE | AA74: =HYPERLINK("#일위대가_호표!A429","N6030-24 →") -> N6030-24 →
A75: No.69 보조기층 부설 및 다짐 | B75: 인력식 소규모 장비 사용, 150m3/일 | C75: 1 | D75: 일 | E75: =F75+G75+H75 -> 2146792 | F75: =일위대가_호표!H438 -> 233236 | G75: =일위대가_호표!J438 -> 1685252 | H75: =일위대가_호표!L438 -> 228304 | K75: N0302 | L75: T | T75: 233236 | U75: 1685252 | V75: 228304 | W75: 2146792 | Y75: =EXACT($E75,$W75) -> TRUE | AA75: =HYPERLINK("#일위대가_호표!A438","N0302 →") -> N0302 →

Sheet 일위대가_호표
A1: 일위대가_호표
A2: 공 종 명 | B2: 규 격 | C2: 수량 | D2: 단위 | E2: 합 계 | G2: 재 료 비 | I2: 노 무 비 | K2: 경 비 | M2: 비 고
E3: 단 가 | F3: 금 액 | G3: 단 가 | H3: 금 액 | I3: 단 가 | J3: 금 액 | K3: 단 가 | L3: 금 액 | S3: 할 증 | T3: 화폐변환 | U3: OP값 | V3: EQ | W3: LA | X3: MA | Y3: 금액계상
A4: 별표 1/#1 흙깍기 | B4: 토사 | C4: 1 | D4: M3 | F4: =H4+J4+L4 -> 2087 | H4: =TRUNC(H5,0) -> 644 | J4: =TRUNC(J5,0) -> 909 | L4: =TRUNC(L5,0) -> 534 | O4: H00100200
A5: 절 취 | B5: BD 19TON | C5: =일위대가_별표!$AD31 -> 0.016 | D5: HR | E5: =G5+I5+K5 -> 130596 | F5: =H5+J5+L5 -> 2087 | G5: =중기사용료목록!E3 -> 40310 | H5: =TRUNC(G5*C5,0) -> 644 | I5: =중기사용료목록!F3 -> 56874 | J5: =TRUNC(I5*C5,0) -> 909 | K5: =중기사용료목록!G3 -> 33412 | L5: =TRUNC(K5*C5,0) -> 534 | P5: 10 | R5: E0001010019 | BI5: =HYPERLINK("#중기사용료목록!A3","E0001010019 →") -> E0001010019 →
A7: 별표 2/#2 흙 쌓 기 | B7: 주간(토사) | C7: 1 | D7: M3 | F7: =H7+J7+L7 -> 1740 | H7: =TRUNC(H8+H9+H10,0) -> 434 | J7: =TRUNC(J8+J9+J10,0) -> 940 | L7: =TRUNC(L8+L9+L10,0) -> 366 | O7: K1010240
A8: 포 설 | B8: BD 19TON | C8: =일위대가_별표!$AH60 -> 0.004 | D8: HR | E8: =G8+I8+K8 -> 130596 | F8: =H8+J8+L8 -> 521 | G8: =중기사용료목록!E3 -> 40310 | H8: =TRUNC(G8*C8,0) -> 161 | I8: =중기사용료목록!F3 -> 56874 | J8: =TRUNC(I8*C8,0) -> 227 | K8: =중기사용료목록!G3 -> 33412 | L8: =TRUNC(K8*C8,0) -> 133 | P8: 10 | R8: E0001010019 | BI8: =HYPERLINK("#중기사용료목록!A3","E0001010019 →") -> E0001010019 →
A9: 다 짐 | B9: VR 10TON | C9: =일위대가_별표!$AD75 -> 0.0044 | D9: HR | E9: =G9+I9+K9 -> 115712 | F9: =H9+J9+L9 -> 508 | G9: =중기사용료목록!E22 -> 26020 | H9: =TRUNC(G9*C9,0) -> 114 | I9: =중기사용료목록!F22 -> 56874 | J9: =TRUNC(I9*C9,0) -> 250 | K9: =중기사용료목록!G22 -> 32818 | L9: =TRUNC(K9*C9,0) -> 144 | P9: 20 | R9: E0013060100 | BI9: =HYPERLINK("#중기사용료목록!A22","E0013060100 →") -> E0013060100 →
A10: 살 수 | B10: 물탱크 5500 L | C10: =일위대가_별표!$AD107 -> 0.0095 | D10: HR | E10: =G10+I10+K10 -> 75016 | F10: =H10+J10+L10 -> 711 | G10: =중기사용료목록!E38 -> 16805 | H10: =TRUNC(G10*C10,0) -> 159 | I10: =중기사용료목록!F38 -> 48741 | J10: =TRUNC(I10*C10,0) -> 463 | K10: =중기사용료목록!G38 -> 9470 | L10: =TRUNC(K10*C10,0) -> 89 | P10: 30 | R10: E0072040055 | BI10: =HYPERLINK("#중기사용료목록!A38","E0072040055 →") -> E0072040055 →
A12: 별표 3/#3 흙 쌓 기 | B12: 주간(토사)(비다짐) | C12: 1 | D12: M3 | F12: =H12+J12+L12 -> 521 | H12: =TRUNC(H13,0) -> 161 | J12: =TRUNC(J13,0) -> 227 | L12: =TRUNC(L13,0) -> 133 | O12: K1010241
A13: 포 설 | B13: BD 19TON | C13: =일위대가_별표!$AH136 -> 0.004 | D13: HR | E13: =G13+I13+K13 -> 130596 | F13: =H13+J13+L13 -> 521 | G13: =중기사용료목록!E3 -> 40310 | H13: =TRUNC(G13*C13,0) -> 161 | I13: =중기사용료목록!F3 -> 56874 | J13: =TRUNC(I13*C13,0) -> 227 | K13: =중기사용료목록!G3 -> 33412 | L13: =TRUNC(K13*C13,0) -> 133 | P13: 10 | R13: E0001010019 | BI13: =HYPERLINK("#중기사용료목록!A3","E0001010019 →") -> E0001010019 →
A15: 별표 4/#4 유용토운반 | B15: 도저운반(토사) | C15: 1 | D15: M3 | F15: =H15+J15+L15 -> 1487 | H15: =TRUNC(H16,0) -> 459 | J15: =TRUNC(J16,0) -> 648 | L15: =TRUNC(L16,0) -> 380 | O15: K1010250
A16: 운반 | B16: BD 19TON | C16: =일위대가_별표!$AH165 -> 0.0114 | D16: HR | E16: =G16+I16+K16 -> 130596 | F16: =H16+J16+L16 -> 1487 | G16: =중기사용료목록!E3 -> 40310 | H16: =TRUNC(G16*C16,0) -> 459 | I16: =중기사용료목록!F3 -> 56874 | J16: =TRUNC(I16*C16,0) -> 648 | K16: =중기사용료목록!G3 -> 33412 | L16: =TRUNC(K16*C16,0) -> 380 | P16: 10 | R16: E0001010019 | BI16: =HYPERLINK("#중기사용료목록!A3","E0001010019 →") -> E0001010019 →
A18: 별표 5/#5 표토제거 | B18: 답외구간, 불도져 19TON | C18: 1 | D18: ㎡ | F18: =H18+J18+L18 -> 252 | H18: =TRUNC(H19,0) -> 100 | J18: =TRUNC(J19,0) -> 85 | L18: =TRUNC(L19,0) -> 67 | O18: SA00220
A19: 불도저(무한궤도) | B19: 32 TON | C19: =일위대가_별표!$AH194 -> 0.0015 | D19: HR | E19: =G19+I19+K19 -> 168932 | F19: =H19+J19+L19 -> 252 | G19: =중기사용료목록!E4 -> 67075 | H19: =TRUNC(G19*C19,0) -> 100 | I19: =중기사용료목록!F4 -> 56874 | J19: =TRUNC(I19*C19,0) -> 85 | K19: =중기사용료목록!G4 -> 44983 | L19: =TRUNC(K19*C19,0) -> 67 | P19: 10 | R19: E0001010032 | BI19: =HYPERLINK("#중기사용료목록!A4","E0001010032 →") -> E0001010032 →
A21: No.6 벌개제근 | C21: 1 | D21: ㎡ | F21: =H21+J21+L21 -> 483 | H21: =TRUNC(H23+H24,0) -> 31 | J21: =TRUNC(J23+J24,0) -> 390 | L21: =TRUNC(L23+L24,0) -> 62 | O21: SA00230
A22: (2024년 건설공사표준품셈 3-7-2 뿌리뽑기) | E22: =G22+I22+K22 -> 0 | F22: =H22+J22+L22 -> 0 | H22: 0 | J22: 0 | L22: 0 | P22: 10
A23: 보통인부 | C23: 0.00106 | D23: 인 | E23: =G23+I23+K23 -> 167081 | F23: =H23+J23+L23 -> 177 | G23: 0 | I23: =노임!D13 -> 167081 | J23: =TRUNC(I23*C23,0) -> 177 | K23: 0 | N23: 56900017041 | P23: 20 | R23: L085 | BI23: =HYPERLINK("#노임!A13","L085 →") -> L085 →
A24: 굴삭기(무한궤도)+부착용 집게 | B24: 0.2 M3 | C24: 0.00376 | D24: HR | E24: =G24+I24+K24 -> 81808 | F24: =H24+J24+L24 -> 306 | G24: =중기사용료목록!E6 -> 8409 | H24: =TRUNC(G24*C24,0) -> 31 | I24: =중기사용료목록!F6 -> 56874 | J24: =TRUNC(I24*C24,0) -> 213 | K24: =중기사용료목록!G6 -> 16525 | L24: =TRUNC(K24*C24,0) -> 62 | P24: 30 | R24: E00020100202 | BI24: =HYPERLINK("#중기사용료목록!A6","E00020100202 →") -> E00020100202 →
A26: 별표 7/#6 터파기 | B26: 무대,토사 | C26: 1 | D26: M3 | F26: =H26+J26+L26 -> 1600 | H26: =TRUNC(H27,0) -> 383 | J26: =TRUNC(J27,0) -> 841 | L26: =TRUNC(L27,0) -> 376 | O26: K1020118
A27: 터 파 기 | B27: B/H 0.8M3 | C27: =일위대가_별표!$AH217 -> 0.0148 | D27: HR | E27: =G27+I27+K27 -> 108276 | F27: =H27+J27+L27 -> 1600 | G27: =중기사용료목록!E9 -> 25945 | H27: =TRUNC(G27*C27,0) -> 383 | I27: =중기사용료목록!F9 -> 56874 | J27: =TRUNC(I27*C27,0) -> 841 | K27: =중기사용료목록!G9 -> 25457 | L27: =TRUNC(K27*C27,0) -> 376 | P27: 10 | R27: E0002010080 | BI27: =HYPERLINK("#중기사용료목록!A9","E0002010080 →") -> E0002010080 →
A29: 별표 8/#7 되메우기및다짐(기계) | B29: 토사 | C29: 1 | D29: M3 | F29: =H29+J29+L29 -> 13359 | H29: =TRUNC(H30+H31,0) -> 1057 | J29: =TRUNC(J30+J31,0) -> 10993 | L29: =TRUNC(L30+L31,0) -> 1309 | O29: K1040213
A30: 되메우기 | B30: BH 0.8M3 | C30: =일위대가_별표!$AD240 -> 0.0147 | D30: HR | E30: =G30+I30+K30 -> 114861 | F30: =H30+J30+L30 -> 1687 | G30: =중기사용료목록!E11 -> 28094 | H30: =TRUNC(G30*C30,0) -> 412 | I30: =중기사용료목록!F11 -> 56874 | J30: =TRUNC(I30*C30,0) -> 836 | K30: =중기사용료목록!G11 -> 29893 | L30: =TRUNC(K30*C30,0) -> 439 | P30: 30 | R30: E0002110080 | BI30: =HYPERLINK("#중기사용료목록!A11","E0002110080 →") -> E0002110080 →
A31: 다 짐 | B31: VR 2.5TON | C31: =일위대가_별표!$AH252 -> 0.1786 | D31: HR | E31: =G31+I31+K31 -> 65359 | F31: =H31+J31+L31 -> 11672 | G31: =중기사용료목록!E21 -> 3612 | H31: =TRUNC(G31*C31,0) -> 645 | I31: =중기사용료목록!F21 -> 56874 | J31: =TRUNC(I31*C31,0) -> 10157 | K31: =중기사용료목록!G21 -> 4873 | L31: =TRUNC(K31*C31,0) -> 870 | P31: 60 | R31: E0013060025 | BI31: =HYPERLINK("#중기사용료목록!A21","E0013060025 →") -> E0013060025 →
A33: 별표 9/#8 아스팔트 포장절단 | B33: 주간 | C33: 1 | D33: M | F33: =H33+J33+L33 -> 2101 | H33: =TRUNC(H34+H35+H36+H37+H38+H39,0) -> 627 | J33: =TRUNC(J34+J35+J36+J37+J38+J39,0) -> 1425 | L33: =TRUNC(L34+L35+L36+L37+L38+L39,0) -> 49 | O33: K2010110
A34: 컷 터 | B34: 320-400MM | C34: =일위대가_별표!$AD263 -> 0.016 | D34: HR | E34: =G34+I34+K34 -> 47014 | F34: =H34+J34+L34 -> 751 | G34: =중기사용료목록!E35 -> 10335 | H34: =TRUNC(G34*C34,0) -> 165 | I34: =중기사용료목록!F35 -> 34803 | J34: =TRUNC(I34*C34,0) -> 556 | K34: =중기사용료목록!G35 -> 1876 | L34: =TRUNC(K34*C34,0) -> 30 | P34: 10 | R34: E0044300400 | BI34: =HYPERLINK("#중기사용료목록!A35","E0044300400 →") -> E0044300400 →
A35: 블레이드 | B35: 14“(350mm)x3.2mm, 일반용 | C35: =일위대가_별표!$AD271 -> 0.0027 | D35: EA | E35: =G35+I35+K35 -> 152000 | F35: =H35+J35+L35 -> 410 | G35: =자재조서!E62 -> 152000 | H35: =TRUNC(G35*C35,0) -> 410 | I35: 0 | K35: 0 | P35: 20 | R35: M8935122 | BI35: =HYPERLINK("#자재조서!A62","M8935122 →") -> M8935122 →
A36: 물탱크(살수차) | B36: 5500 L | C36: =일위대가_별표!$AD295 -> 0.002 | D36: HR | E36: =G36+I36+K36 -> 75016 | F36: =H36+J36+L36 -> 148 | G36: =중기사용료목록!E38 -> 16805 | H36: =TRUNC(G36*C36,0) -> 33 | I36: =중기사용료목록!F38 -> 48741 | J36: =TRUNC(I36*C36,0) -> 97 | K36: =중기사용료목록!G38 -> 9470 | L36: =TRUNC(K36*C36,0) -> 18 | P36: 30 | R36: E0072040055 | BI36: =HYPERLINK("#중기사용료목록!A38","E0072040055 →") -> E0072040055 →
A37: 특별인부 | C37: =일위대가_별표!$AD303 -> 0.002 | D37: 인 | E37: =G37+I37+K37 -> 219321 | F37: =H37+J37+L37 -> 438 | G37: 0 | I37: =노임!D12 -> 219321 | J37: =TRUNC(I37*C37,0) -> 438 | K37: 0 | P37: 35 | R37: L084 | BI37: =HYPERLINK("#노임!A12","L084 →") -> L084 →
A38: 보통인부 | C38: =일위대가_별표!$AD309 -> 0.002 | D38: 인 | E38: =G38+I38+K38 -> 167081 | F38: =H38+J38+L38 -> 334 | G38: 0 | I38: =노임!D13 -> 167081 | J38: =TRUNC(I38*C38,0) -> 334 | K38: 0 | P38: 40 | R38: L085 | BI38: =HYPERLINK("#노임!A13","L085 →") -> L085 →
A39: 동력분무기 | B39: 4.85Kw | C39: =일위대가_별표!$AD315 -> 0.008 | D39: HR | E39: =G39+I39+K39 -> 2643 | F39: =H39+J39+L39 -> 20 | G39: =중기사용료목록!E41 -> 2399 | H39: =TRUNC(G39*C39,0) -> 19 | I39: =중기사용료목록!F41 -> 0 | J39: =TRUNC(I39*C39,0) -> 0 | K39: =중기사용료목록!G41 -> 244 | L39: =TRUNC(K39*C39,0) -> 1 | P39: 50 | R39: E0072100485 | BI39: =HYPERLINK("#중기사용료목록!A41","E0072100485 →") -> E0072100485 →
A41: 별표 10/#9 아스팔트 깨기 | B41: 주간 | C41: 1 | D41: M3 | F41: =H41+J41+L41 -> 8337 | H41: =TRUNC(H42+H43+H44+H45,0) -> 1229 | J41: =TRUNC(J42+J43+J44+J45,0) -> 4857 | L41: =TRUNC(L42+L43+L44+L45,0) -> 2251 | O41: K2010210
A42: 깨 기 | B42: BH 0.7M3 | C42: =일위대가_별표!$AD330 -> 0.0625 | D42: HR | E42: =G42+I42+K42 -> 99673 | F42: =H42+J42+L42 -> 6228 | G42: =중기사용료목록!E8 -> 19671 | H42: =TRUNC(G42*C42,0) -> 1229 | I42: =중기사용료목록!F8 -> 56874 | J42: =TRUNC(I42*C42,0) -> 3554 | K42: =중기사용료목록!G8 -> 23128 | L42: =TRUNC(K42*C42,0) -> 1445 | P42: 10 | R42: E0002010070 | BI42: =HYPERLINK("#중기사용료목록!A8","E0002010070 →") -> E0002010070 →
A43: 깨 기 | B43: 대형브레이카 | C43: =일위대가_별표!$AD338 -> 0.0625 | D43: HR | E43: =G43+I43+K43 -> 10769 | F43: =H43+J43+L43 -> 673 | G43: =중기사용료목록!E12 -> 0 | H43: =TRUNC(G43*C43,0) -> 0 | I43: =중기사용료목록!F12 -> 0 | J43: =TRUNC(I43*C43,0) -> 0 | K43: =중기사용료목록!G12 -> 10769 | L43: =TRUNC(K43*C43,0) -> 673 | P43: 20 | R43: E0002300007 | BI43: =HYPERLINK("#중기사용료목록!A12","E0002300007 →") -> E0002300007 →
A44: 치즐 소모량 | C44: =일위대가_별표!$AL348 -> 0.0006 | D44: 본 | E44: =G44+I44+K44 -> 223000 | F44: =H44+J44+L44 -> 133 | G44: =중기사용료목록!E13 -> 0 | H44: =TRUNC(G44*C44,0) -> 0 | I44: =중기사용료목록!F13 -> 0 | J44: =TRUNC(I44*C44,0) -> 0 | K44: =중기사용료목록!G13 -> 223000 | L44: =TRUNC(K44*C44,0) -> 133 | P44: 30 | R44: E0002310007 | BI44: =HYPERLINK("#중기사용료목록!A13","E0002310007 →") -> E0002310007 →
A45: 작업보조인부(보통인부) | C45: =일위대가_별표!$AD354 -> 0.0078 | D45: 인 | E45: =G45+I45+K45 -> 167081 | F45: =H45+J45+L45 -> 1303 | G45: 0 | I45: =노임!D13 -> 167081 | J45: =TRUNC(I45*C45,0) -> 1303 | K45: 0 | P45: 40 | R45: L085 | BI45: =HYPERLINK("#노임!A13","L085 →") -> L085 →
A47: 별표 11/#10 콘크리트 포장절단 | B47: 주간 | C47: 1 | D47: M | F47: =H47+J47+L47 -> 2265 | H47: =TRUNC(H48+H49+H50+H51+H52+H53,0) -> 647 | J47: =TRUNC(J48+J49+J50+J51+J52+J53,0) -> 1565 | L47: =TRUNC(L48+L49+L50+L51+L52+L53,0) -> 53 | O47: K2010120
A48: 컷 터 | B48: 320-400MM | C48: =일위대가_별표!$AD365 -> 0.0178 | D48: HR | E48: =G48+I48+K48 -> 47014 | F48: =H48+J48+L48 -> 835 | G48: =중기사용료목록!E35 -> 10335 | H48: =TRUNC(G48*C48,0) -> 183 | I48: =중기사용료목록!F35 -> 34803 | J48: =TRUNC(I48*C48,0) -> 619 | K48: =중기사용료목록!G35 -> 1876 | L48: =TRUNC(K48*C48,0) -> 33 | P48: 10 | R48: E0044300400 | BI48: =HYPERLINK("#중기사용료목록!A35","E0044300400 →") -> E0044300400 →
A49: 블레이드 | B49: 14“(350mm)x3.2mm, 일반용 | C49: =일위대가_별표!$AD373 -> 0.0027 | D49: EA | E49: =G49+I49+K49 -> 152000 | F49: =H49+J49+L49 -> 410 | G49: =자재조서!E62 -> 152000 | H49: =TRUNC(G49*C49,0) -> 410 | I49: 0 | K49: 0 | P49: 20 | R49: M8935122 | BI49: =HYPERLINK("#자재조서!A62","M8935122 →") -> M8935122 →
A50: 물탱크(살수차) | B50: 5500 L | C50: =일위대가_별표!$AD397 -> 0.002 | D50: HR | E50: =G50+I50+K50 -> 75016 | F50: =H50+J50+L50 -> 148 | G50: =중기사용료목록!E38 -> 16805 | H50: =TRUNC(G50*C50,0) -> 33 | I50: =중기사용료목록!F38 -> 48741 | J50: =TRUNC(I50*C50,0) -> 97 | K50: =중기사용료목록!G38 -> 9470 | L50: =TRUNC(K50*C50,0) -> 18 | P50: 30 | R50: E0072040055 | BI50: =HYPERLINK("#중기사용료목록!A38","E0072040055 →") -> E0072040055 →
A51: 특별인부 | C51: =일위대가_별표!$AD405 -> 0.0022 | D51: 인 | E51: =G51+I51+K51 -> 219321 | F51: =H51+J51+L51 -> 482 | G51: 0 | I51: =노임!D12 -> 219321 | J51: =TRUNC(I51*C51,0) -> 482 | K51: 0 | P51: 35 | R51: L084 | BI51: =HYPERLINK("#노임!A12","L084 →") -> L084 →
A52: 보통인부 | C52: =일위대가_별표!$AD411 -> 0.0022 | D52: 인 | E52: =G52+I52+K52 -> 167081 | F52: =H52+J52+L52 -> 367 | G52: 0 | I52: =노임!D13 -> 167081 | J52: =TRUNC(I52*C52,0) -> 367 | K52: 0 | P52: 40 | R52: L085 | BI52: =HYPERLINK("#노임!A13","L085 →") -> L085 →
A53: 동력분무기 | B53: 4.85Kw | C53: =일위대가_별표!$AD417 -> 0.0089 | D53: HR | E53: =G53+I53+K53 -> 2643 | F53: =H53+J53+L53 -> 23 | G53: =중기사용료목록!E41 -> 2399 | H53: =TRUNC(G53*C53,0) -> 21 | I53: =중기사용료목록!F41 -> 0 | J53: =TRUNC(I53*C53,0) -> 0 | K53: =중기사용료목록!G41 -> 244 | L53: =TRUNC(K53*C53,0) -> 2 | P53: 50 | R53: E0072100485 | BI53: =HYPERLINK("#중기사용료목록!A41","E0072100485 →") -> E0072100485 →
A55: 별표 12/#11 철근콘크리트 깨기 | C55: 1 | D55: M3 | F55: =H55+J55+L55 -> 54514 | H55: =TRUNC(H56+H57+H58+H59,0) -> 8029 | J55: =TRUNC(J56+J57+J58+J59,0) -> 31736 | L55: =TRUNC(L56+L57+L58+L59,0) -> 14749 | O55: K2010330
A56: 깨 기 | B56: BH 0.7M3 | C56: =일위대가_별표!$AD433 -> 0.4082 | D56: HR | E56: =G56+I56+K56 -> 99673 | F56: =H56+J56+L56 -> 40684 | G56: =중기사용료목록!E8 -> 19671 | H56: =TRUNC(G56*C56,0) -> 8029 | I56: =중기사용료목록!F8 -> 56874 | J56: =TRUNC(I56*C56,0) -> 23215 | K56: =중기사용료목록!G8 -> 23128 | L56: =TRUNC(K56*C56,0) -> 9440 | P56: 10 | R56: E0002010070 | BI56: =HYPERLINK("#중기사용료목록!A8","E0002010070 →") -> E0002010070 →
A57: 깨 기 | B57: 대형브레이카 | C57: =일위대가_별표!$AD441 -> 0.4082 | D57: HR | E57: =G57+I57+K57 -> 10769 | F57: =H57+J57+L57 -> 4395 | G57: =중기사용료목록!E12 -> 0 | H57: =TRUNC(G57*C57,0) -> 0 | I57: =중기사용료목록!F12 -> 0 | J57: =TRUNC(I57*C57,0) -> 0 | K57: =중기사용료목록!G12 -> 10769 | L57: =TRUNC(K57*C57,0) -> 4395 | P57: 20 | R57: E0002300007 | BI57: =HYPERLINK("#중기사용료목록!A12","E0002300007 →") -> E0002300007 →
A58: 치 즐 | C58: =일위대가_별표!$AD451 -> 0.0041 | D58: 본 | E58: =G58+I58+K58 -> 223000 | F58: =H58+J58+L58 -> 914 | G58: =중기사용료목록!E13 -> 0 | H58: =TRUNC(G58*C58,0) -> 0 | I58: =중기사용료목록!F13 -> 0 | J58: =TRUNC(I58*C58,0) -> 0 | K58: =중기사용료목록!G13 -> 223000 | L58: =TRUNC(K58*C58,0) -> 914 | P58: 30 | R58: E0002310007 | BI58: =HYPERLINK("#중기사용료목록!A13","E0002310007 →") -> E0002310007 →
A59: 작업보조인부 | B59: 보통인부 | C59: =일위대가_별표!$AD454 -> 0.051 | D59: 인 | E59: =G59+I59+K59 -> 167081 | F59: =H59+J59+L59 -> 8521 | G59: 0 | I59: =노임!D13 -> 167081 | J59: =TRUNC(I59*C59,0) -> 8521 | K59: 0 | P59: 40 | R59: L085 | BI59: =HYPERLINK("#노임!A13","L085 →") -> L085 →
A61: 별표 13/#12 무근콘크리트 깨기 | B61: 30cm미만 | C61: 1 | D61: M3 | F61: =H61+J61+L61 -> 33020 | H61: =TRUNC(H62+H63+H64+H65,0) -> 4276 | J61: =TRUNC(J62+J63+J64+J65,0) -> 20885 | L61: =TRUNC(L62+L63+L64+L65,0) -> 7859 | O61: K2010310
A62: 깨 기 | B62: BH 0.7M3 | C62: =일위대가_별표!$AD469 -> 0.2174 | D62: HR | E62: =G62+I62+K62 -> 99673 | F62: =H62+J62+L62 -> 21668 | G62: =중기사용료목록!E8 -> 19671 | H62: =TRUNC(G62*C62,0) -> 4276 | I62: =중기사용료목록!F8 -> 56874 | J62: =TRUNC(I62*C62,0) -> 12364 | K62: =중기사용료목록!G8 -> 23128 | L62: =TRUNC(K62*C62,0) -> 5028 | P62: 10 | R62: E0002010070 | BI62: =HYPERLINK("#중기사용료목록!A8","E0002010070 →") -> E0002010070 →
A63: 깨 기 | B63: 대형브레이카 | C63: =일위대가_별표!$AD477 -> 0.2174 | D63: HR | E63: =G63+I63+K63 -> 10769 | F63: =H63+J63+L63 -> 2341 | G63: =중기사용료목록!E12 -> 0 | H63: =TRUNC(G63*C63,0) -> 0 | I63: =중기사용료목록!F12 -> 0 | J63: =TRUNC(I63*C63,0) -> 0 | K63: =중기사용료목록!G12 -> 10769 | L63: =TRUNC(K63*C63,0) -> 2341 | P63: 20 | R63: E0002300007 | BI63: =HYPERLINK("#중기사용료목록!A12","E0002300007 →") -> E0002300007 →
A64: 치 즐 | C64: =일위대가_별표!$AD487 -> 0.0022 | D64: 본 | E64: =G64+I64+K64 -> 223000 | F64: =H64+J64+L64 -> 490 | G64: =중기사용료목록!E13 -> 0 | H64: =TRUNC(G64*C64,0) -> 0 | I64: =중기사용료목록!F13 -> 0 | J64: =TRUNC(I64*C64,0) -> 0 | K64: =중기사용료목록!G13 -> 223000 | L64: =TRUNC(K64*C64,0) -> 490 | P64: 30 | R64: E0002310007 | BI64: =HYPERLINK("#중기사용료목록!A13","E0002310007 →") -> E0002310007 →
A65: 작업보조인부 | B65: 보통인부 | C65: =일위대가_별표!$AD490 -> 0.051 | D65: 인 | E65: =G65+I65+K65 -> 167081 | F65: =H65+J65+L65 -> 8521 | G65: 0 | I65: =노임!D13 -> 167081 | J65: =TRUNC(I65*C65,0) -> 8521 | K65: 0 | P65: 40 | R65: L085 | BI65: =HYPERLINK("#노임!A13","L085 →") -> L085 →
A67: 별표 14/#13 폐기물적재 | B67: 주간 | C67: 1 | D67: M3 | F67: =H67+J67+L67 -> 7639 | H67: =TRUNC(H68,0) -> 1489 | J67: =TRUNC(J68,0) -> 4237 | L67: =TRUNC(L68,0) -> 1913 | O67: K2010500
A68: 적 재 | B68: BH 0.6M3 | C68: =일위대가_별표!$AD512 -> 0.0745 | D68: HR | E68: =G68+I68+K68 -> 102547 | F68: =H68+J68+L68 -> 7639 | G68: =중기사용료목록!E10 -> 19993 | H68: =TRUNC(G68*C68,0) -> 1489 | I68: =중기사용료목록!F10 -> 56874 | J68: =TRUNC(I68*C68,0) -> 4237 | K68: =중기사용료목록!G10 -> 25680 | L68: =TRUNC(K68*C68,0) -> 1913 | P68: 10 | R68: E0002110060 | BI68: =HYPERLINK("#중기사용료목록!A10","E0002110060 →") -> E0002110060 →
A70: No.15 인력터파기 | B70: 토사 | C70: 1 | D70: M3 | F70: =H70+J70+L70 -> 43441 | H70: =TRUNC(H72,0) -> 0 | J70: =TRUNC(J72,0) -> 43441 | L70: =TRUNC(L72,0) -> 0 | O70: H1021200000
A71: (2024년 건설공사표준품셈 3-1-2 인력굴착(토사)) | E71: =G71+I71+K71 -> 0 | F71: =H71+J71+L71 -> 0 | H71: 0 | J71: 0 | L71: 0 | P71: 5
A72: 보통인부 | B72: (0.20+0.26+0.32)/3 | C72: 0.26 | D72: 인 | E72: =G72+I72+K72 -> 167081 | F72: =H72+J72+L72 -> 43441 | G72: 0 | I72: =노임!D13 -> 167081 | J72: =TRUNC(I72*C72,0) -> 43441 | K72: 0 | N72: 56900017041 | P72: 10 | R72: L085 | BI72: =HYPERLINK("#노임!A13","L085 →") -> L085 →
A74: 별표 16/#14 되메우기및다짐(인력) | B74: 토사 | C74: 1 | D74: M3 | F74: =H74+J74+L74 -> 26375 | H74: =TRUNC(H75+H76,0) -> 645 | J74: =TRUNC(J75+J76,0) -> 24860 | L74: =TRUNC(L75+L76,0) -> 870 | O74: K1040214
A75: 보통인부 | C75: =일위대가_별표!$AD525 -> 0.088 | D75: 인 | E75: =G75+I75+K75 -> 167081 | F75: =H75+J75+L75 -> 14703 | G75: 0 | I75: =노임!D13 -> 167081 | J75: =TRUNC(I75*C75,0) -> 14703 | K75: 0 | N75: 56900017041 | P75: 30 | R75: L085 | BI75: =HYPERLINK("#노임!A13","L085 →") -> L085 →
A76: 다 짐 | B76: VR 2.5TON | C76: =일위대가_별표!$AH537 -> 0.1786 | D76: HR | E76: =G76+I76+K76 -> 65359 | F76: =H76+J76+L76 -> 11672 | G76: =중기사용료목록!E21 -> 3612 | H76: =TRUNC(G76*C76,0) -> 645 | I76: =중기사용료목록!F21 -> 56874 | J76: =TRUNC(I76*C76,0) -> 10157 | K76: =중기사용료목록!G21 -> 4873 | L76: =TRUNC(K76*C76,0) -> 870 | P76: 60 | R76: E0013060025 | BI76: =HYPERLINK("#중기사용료목록!A21","E0013060025 →") -> E0013060025 →
A78: No.17 기초잡석부설및다짐 | C78: 1 | D78: M3 | F78: =H78+J78+L78 -> 39788 | H78: =TRUNC(H80+H81+H82+H83+H84,0) -> 27789 | J78: =TRUNC(J80+J81+J82+J83+J84,0) -> 10816 | L78: =TRUNC(L80+L81+L82+L83+L84,0) -> 1183 | O78: K2030210
A79: (2024년 건설공사표준품셈 3-2-2 기초다짐 및 뒤채움(소형장비)) | E79: =G79+I79+K79 -> 0 | F79: =H79+J79+L79 -> 0 | H79: 0 | J79: 0 | L79: 0 | P79: 10
A80: 잡석 | B80: 75mm이하 | C80: 1.1126 | D80: M3 | E80: =G80+I80+K80 -> 24000 | F80: =H80+J80+L80 -> 26702 | G80: =자재조서!E15 -> 24000 | H80: =TRUNC(G80*C80,0) -> 26702 | I80: 0 | K80: 0 | P80: 20 | R80: M0723005 | BI80: =HYPERLINK("#자재조서!A15","M0723005 →") -> M0723005 →
A81: 보통인부 | C81: 0.018 | D81: 인 | E81: =G81+I81+K81 -> 167081 | F81: =H81+J81+L81 -> 3007 | G81: 0 | I81: =노임!D13 -> 167081 | J81: =TRUNC(I81*C81,0) -> 3007 | K81: 0 | P81: 30 | R81: L085 | BI81: =HYPERLINK("#노임!A13","L085 →") -> L085 →
A82: 굴 삭 기 | B82: BH 0.2M3 | C82: 0.07 | D82: HR | E82: =G82+I82+K82 -> 78324 | F82: =H82+J82+L82 -> 5481 | G82: =중기사용료목록!E5 -> 8409 | H82: =TRUNC(G82*C82,0) -> 588 | I82: =중기사용료목록!F5 -> 56874 | J82: =TRUNC(I82*C82,0) -> 3981 | K82: =중기사용료목록!G5 -> 13041 | L82: =TRUNC(K82*C82,0) -> 912 | P82: 40 | R82: E0002010020 | BI82: =HYPERLINK("#중기사용료목록!A5","E0002010020 →") -> E0002010020 →
A83: 물탱크(살수차) | B83: 5500 L | C83: 0.01 | D83: HR | E83: =G83+I83+K83 -> 75016 | F83: =H83+J83+L83 -> 749 | G83: =중기사용료목록!E38 -> 16805 | H83: =TRUNC(G83*C83,0) -> 168 | I83: =중기사용료목록!F38 -> 48741 | J83: =TRUNC(I83*C83,0) -> 487 | K83: =중기사용료목록!G38 -> 9470 | L83: =TRUNC(K83*C83,0) -> 94 | P83: 50 | R83: E0072040055 | BI83: =HYPERLINK("#중기사용료목록!A38","E0072040055 →") -> E0072040055 →
A84: 진동 롤러 (핸드가이드식) | B84: 0.7 톤 | C84: 0.096 | D84: HR | E84: =G84+I84+K84 -> 40104 | F84: =H84+J84+L84 -> 3849 | G84: =중기사용료목록!E20 -> 3455 | H84: =TRUNC(G84*C84,0) -> 331 | I84: =중기사용료목록!F20 -> 34803 | J84: =TRUNC(I84*C84,0) -> 3341 | K84: =중기사용료목록!G20 -> 1846 | L84: =TRUNC(K84*C84,0) -> 177 | P84: 60 | R84: E0013050007 | BI84: =HYPERLINK("#중기사용료목록!A20","E0013050007 →") -> E0013050007 →
A86: 별표 18/#15 모래채움및다짐 | C86: 1 | D86: M3 | F86: =H86+J86+L86 -> 54894 | H86: =TRUNC(H87+H88+H89+H90,0) -> 49714 | J86: =TRUNC(J87+J88+J89+J90,0) -> 4714 | L86: =TRUNC(L87+L88+L89+L90,0) -> 466 | O86: K1050214-1
A87: 모 래 | B87: 현장도착도 | C87: =일위대가_별표!$AD547 -> 1.3289 | D87: M3 | E87: =G87+I87+K87 -> 37000 | F87: =H87+J87+L87 -> 49169 | G87: =자재조서!E13 -> 37000 | H87: =TRUNC(G87*C87,0) -> 49169 | I87: 0 | K87: 0 | P87: 10 | R87: M0717007 | BI87: =HYPERLINK("#자재조서!A13","M0717007 →") -> M0717007 →
A88: 굴삭기(무한궤도) | B88: 0.2 M3 | C88: =일위대가_별표!$AD564 -> 0.0193 | D88: HR | E88: =G88+I88+K88 -> 78324 | F88: =H88+J88+L88 -> 1510 | G88: =중기사용료목록!E5 -> 8409 | H88: =TRUNC(G88*C88,0) -> 162 | I88: =중기사용료목록!F5 -> 56874 | J88: =TRUNC(I88*C88,0) -> 1097 | K88: =중기사용료목록!G5 -> 13041 | L88: =TRUNC(K88*C88,0) -> 251 | P88: 20 | R88: E0002010020 | BI88: =HYPERLINK("#중기사용료목록!A5","E0002010020 →") -> E0002010020 →
A89: 물탱크(살수차) | B89: 5500 L | C89: =일위대가_별표!$AD595 -> 0.0228 | D89: HR | E89: =G89+I89+K89 -> 75016 | F89: =H89+J89+L89 -> 1709 | G89: =중기사용료목록!E38 -> 16805 | H89: =TRUNC(G89*C89,0) -> 383 | I89: =중기사용료목록!F38 -> 48741 | J89: =TRUNC(I89*C89,0) -> 1111 | K89: =중기사용료목록!G38 -> 9470 | L89: =TRUNC(K89*C89,0) -> 215 | P89: 30 | R89: E0072040055 | BI89: =HYPERLINK("#중기사용료목록!A38","E0072040055 →") -> E0072040055 →
A90: 보통인부 | C90: =일위대가_별표!$AH604 -> 0.015 | D90: 인 | E90: =G90+I90+K90 -> 167081 | F90: =H90+J90+L90 -> 2506 | G90: 0 | I90: =노임!D13 -> 167081 | J90: =TRUNC(I90*C90,0) -> 2506 | K90: 0 | P90: 40 | R90: L085 | BI90: =HYPERLINK("#노임!A13","L085 →") -> L085 →
A92: 별표 19/#16 CON'C 타설(굴삭기) | B92: 무근 | C92: 1 | D92: M3 | F92: =H92+J92+L92 -> 28187 | H92: =TRUNC(H94+H95+H96+H97,0) -> 2498 | J92: =TRUNC(J94+J95+J96+J97,0) -> 22448 | L92: =TRUNC(L94+L95+L96+L97,0) -> 3241 | O92: K3021812
A93: (2024년 건설공사표준품셈-토목 6-1-1 레디믹스트콘크리트 타설) | E93: =G93+I93+K93 -> 0 | F93: =H93+J93+L93 -> 0 | H93: 0 | J93: 0 | L93: 0 | P93: 10
A94: 굴삭기(무한궤도) | B94: 0.7 M3 | C94: =일위대가_별표!$AD615 -> 0.127 | D94: HR | E94: =G94+I94+K94 -> 99673 | F94: =H94+J94+L94 -> 12657 | G94: =중기사용료목록!E8 -> 19671 | H94: =TRUNC(G94*C94,0) -> 2498 | I94: =중기사용료목록!F8 -> 56874 | J94: =TRUNC(I94*C94,0) -> 7222 | K94: =중기사용료목록!G8 -> 23128 | L94: =TRUNC(K94*C94,0) -> 2937 | P94: 20 | R94: E0002010070 | BI94: =HYPERLINK("#중기사용료목록!A8","E0002010070 →") -> E0002010070 →
A95: 콘크리트공 | C95: =일위대가_별표!$AD619 -> 0.0476 | D95: 인 | E95: =G95+I95+K95 -> 264080 | F95: =H95+J95+L95 -> 12570 | G95: 0 | I95: =노임!D7 -> 264080 | J95: =TRUNC(I95*C95,0) -> 12570 | K95: 0 | P95: 30 | R95: L025 | BI95: =HYPERLINK("#노임!A7","L025 →") -> L025 →
A96: 보통인부 | C96: =일위대가_별표!$AD623 -> 0.0159 | D96: 인 | E96: =G96+I96+K96 -> 167081 | F96: =H96+J96+L96 -> 2656 | G96: 0 | I96: =노임!D13 -> 167081 | J96: =TRUNC(I96*C96,0) -> 2656 | K96: 0 | P96: 40 | R96: L085 | AA96: EQ+ = | AB96: =(((일위대가_호표!J95*전역변수!C34)+(일위대가_호표!J96*전역변수!C34)))*0.02 -> 304.52 | AC96: EQ = | AD96: =$AB96 -> 304.52 | BI96: =HYPERLINK("#노임!A13","L085 →") -> L085 →
A97: 공구손료및경장비 | B97: 인력품2% | C97: 1 | D97: 식 | E97: =G97+I97+K97 -> 0 | F97: =H97+J97+L97 -> 304 | H97: 0 | J97: 0 | L97: =TRUNC(((((J95*전역변수!C34)+(J96*전역변수!C34)))*0.02),0) -> 304 | P97: 50 | R97: F | X97: .eq=(LA(30,0,40))*0.02
A99: 별표 20/#17 CON'C 타설(펌프차) | B99: 철근 | C99: 1 | D99: M3 | F99: =H99+J99+L99 -> 34252 | H99: =TRUNC(H101+H102+H103+H104+H105+H106+H107,0) -> 2832 | J99: =TRUNC(J101+J102+J103+J104+J105+J106+J107,0) -> 25476 | L99: =TRUNC(L101+L102+L103+L104+L105+L106+L107,0) -> 5944 | O99: K3032412
A100: (2024년 건설공사표준품셈-토목 6-1-4 콘크리트 펌프차 타설) | E100: =G100+I100+K100 -> 0 | F100: =H100+J100+L100 -> 0 | H100: 0 | J100: 0 | L100: 0 | P100: 10
A101: 콘크리트 펌프차 | B101: 32 M(80~95 M3/hr) | C101: =일위대가_별표!$AH658 -> 0.0725 | D101: HR | E101: =G101+I101+K101 -> 157408 | F101: =H101+J101+L101 -> 11411 | G101: =중기사용료목록!E36 -> 32463 | H101: =TRUNC(G101*C101,0) -> 2353 | I101: =중기사용료목록!F36 -> 56874 | J101: =TRUNC(I101*C101,0) -> 4123 | K101: =중기사용료목록!G36 -> 68071 | L101: =TRUNC(K101*C101,0) -> 4935 | P101: 30 | R101: E0045040032 | BI101: =HYPERLINK("#중기사용료목록!A36","E0045040032 →") -> E0045040032 →
A102: 콘크리트공 | C102: =일위대가_별표!$AL665 -> 0.0482 | D102: 인 | E102: =G102+I102+K102 -> 264080 | F102: =H102+J102+L102 -> 12728 | G102: 0 | I102: =노임!D7 -> 264080 | J102: =TRUNC(I102*C102,0) -> 12728 | K102: 0 | P102: 40 | R102: L025 | BI102: =HYPERLINK("#노임!A7","L025 →") -> L025 →
A103: 특별인부 | C103: =일위대가_별표!$AL670 -> 0.0193 | D103: 인 | E103: =G103+I103+K103 -> 219321 | F103: =H103+J103+L103 -> 4232 | G103: 0 | I103: =노임!D12 -> 219321 | J103: =TRUNC(I103*C103,0) -> 4232 | K103: 0 | P103: 50 | R103: L084 | BI103: =HYPERLINK("#노임!A12","L084 →") -> L084 →
A104: 보통인부 | C104: =일위대가_별표!$AL675 -> 0.0193 | D104: 인 | E104: =G104+I104+K104 -> 167081 | F104: =H104+J104+L104 -> 3224 | G104: 0 | I104: =노임!D13 -> 167081 | J104: =TRUNC(I104*C104,0) -> 3224 | K104: 0 | P104: 60 | R104: L085 | AA104: EQ+ = | AB104: =(((일위대가_호표!J102*전역변수!C34)+(일위대가_호표!J103*전역변수!C34)+(일위대가_호표!J104*전역변수!C34)))*0.05 -> 1009.2 | AC104: EQ = | AD104: =$AB104 -> 1009.2 | BI104: =HYPERLINK("#노임!A13","L085 →") -> L085 →
A105: 공구손료및경장비 | B105: 인력품5% | C105: 1 | D105: 식 | E105: =G105+I105+K105 -> 0 | F105: =H105+J105+L105 -> 1009 | H105: 0 | J105: 0 | L105: =TRUNC(((((J102*전역변수!C34)+(J103*전역변수!C34)+(J104*전역변수!C34)))*0.05),0) -> 1009 | P105: 70 | R105: F | X105: .eq=(LA(40,0,60))*0.05
A106: 보통인부 | C106: =일위대가_별표!$AD686 -> 0.007 | D106: 인 | E106: =G106+I106+K106 -> 167081 | F106: =H106+J106+L106 -> 1169 | G106: 0 | I106: =노임!D13 -> 167081 | J106: =TRUNC(I106*C106,0) -> 1169 | K106: 0 | P106: 80 | R106: L085 | AA106: MA+ = | AB106: =(일위대가_호표!J106*전역변수!C34)*0.41 -> 479.29 | AC106: MA = | AD106: =$AB106 -> 479.29 | BI106: =HYPERLINK("#노임!A13","L085 →") -> L085 →
A107: 제 잡 비 | B107: 양생품의41% | C107: 1 | D107: 식 | E107: =G107+I107+K107 -> 0 | F107: =H107+J107+L107 -> 479 | H107: =TRUNC(((J106*전역변수!C34)*0.41),0) -> 479 | J107: 0 | L107: 0 | P107: 90 | R107: F | X107: .MA=LA(80)*0.41
A109: 별표 21/#18 유 로 폼 | B109: 보통 | C109: 1 | D109: M2 | F109: =H109+J109+L109 -> 41468 | H109: =TRUNC(H110+H111+H112+H113+H114+H115+H116,0) -> 4160 | J109: =TRUNC(J110+J111+J112+J113+J114+J115+J116,0) -> 36222 | L109: =TRUNC(L110+L111+L112+L113+L114+L115+L116,0) -> 1086 | O109: K3060150
A110: 유로폼(패널) | B110: 600×1200mm | C110: =일위대가_별표!$AD705 -> 0.089 | D110: 매 | E110: =G110+I110+K110 -> 29000 | F110: =H110+J110+L110 -> 2581 | G110: =자재조서!E20 -> 29000 | H110: =TRUNC(G110*C110,0) -> 2581 | I110: 0 | K110: 0 | P110: 10 | R110: M1059001 | BI110: =HYPERLINK("#자재조서!A20","M1059001 →") -> M1059001 →
A111: 유로폼(내부패널) | B111: 200×200×1200mm | C111: =일위대가_별표!$AD710 -> 0.003 | D111: 매 | E111: =G111+I111+K111 -> 23232 | F111: =H111+J111+L111 -> 69 | G111: =자재조서!E21 -> 23232 | H111: =TRUNC(G111*C111,0) -> 69 | I111: 0 | K111: 0 | P111: 20 | R111: M1059002 | AA111: MA+ = | AB111: =(일위대가_호표!H110+일위대가_호표!H111)*0.52 -> 1378 | AC111: MA = | AD111: =$AB111 -> 1378 | BI111: =HYPERLINK("#자재조서!A21","M1059002 →") -> M1059002 →
A112: 부자재 | B112: 자재비의 52% | C112: 1 | D112: 식 | E112: =G112+I112+K112 -> 0 | F112: =H112+J112+L112 -> 1378 | H112: =TRUNC(((H110+H111)*0.52),0) -> 1378 | J112: 0 | L112: 0 | P112: 30 | R112: F | X112: .MA=MA(10,0,20)*0.52_x000D_ | AA112: MA+ = | AB112: =(일위대가_호표!H110+일위대가_호표!H111)*0.05 -> 132.5 | AC112: MA = | AD112: =$AB112 -> 132.5
A113: 소모재료및잡재료 | B113: 자재비의 5% | C113: 1 | D113: 식 | E113: =G113+I113+K113 -> 0 | F113: =H113+J113+L113 -> 132 | H113: =TRUNC(((H110+H111)*0.05),0) -> 132 | J113: 0 | L113: 0 | P113: 40 | R113: F | X113: .MA=MA(10,0,20)*0.05_x000D_
A114: 형틀목공 | C114: =일위대가_별표!$AD721 -> 0.1143 | D114: 인 | E114: =G114+I114+K114 -> 275108 | F114: =H114+J114+L114 -> 31444 | G114: 0 | I114: =노임!D3 -> 275108 | J114: =TRUNC(I114*C114,0) -> 31444 | K114: 0 | P114: 50 | R114: L004 | BI114: =HYPERLINK("#노임!A3","L004 →") -> L004 →
A115: 보통인부 | C115: =일위대가_별표!$AD724 -> 0.0286 | D115: 인 | E115: =G115+I115+K115 -> 167081 | F115: =H115+J115+L115 -> 4778 | G115: 0 | I115: =노임!D13 -> 167081 | J115: =TRUNC(I115*C115,0) -> 4778 | K115: 0 | P115: 60 | R115: L085 | AA115: EQ+ = | AB115: =((일위대가_호표!J114*전역변수!C34)+(일위대가_호표!J115*전역변수!C34))*0.03 -> 1086.66 | AC115: EQ = | AD115: =$AB115 -> 1086.66 | BI115: =HYPERLINK("#노임!A13","L085 →") -> L085 →
A116: 기구손료및기계정비 | B116: 인건비의 3% | C116: 1 | D116: 식 | E116: =G116+I116+K116 -> 0 | F116: =H116+J116+L116 -> 1086 | H116: 0 | J116: 0 | L116: =TRUNC((((J114*전역변수!C34)+(J115*전역변수!C34))*0.03),0) -> 1086 | P116: 70 | R116: F | X116: .eq=LA(50,0,60)*0.03_x000D_
A118: No.22 합판거푸집 | B118: 4회,보통 | C118: 1 | D118: M2 | F118: =H118+J118+L118 -> 51719 | H118: =TRUNC(H120+H121+H122+H123+H124+H125,0) -> 13358 | J118: =TRUNC(J120+J121+J122+J123+J124+J125,0) -> 37982 | L118: =TRUNC(L120+L121+L122+L123+L124+L125,0) -> 379 | O118: K3060114
A119: (2024년건설공사표준품셈6-3-1합판거푸집설치및해체) | E119: =G119+I119+K119 -> 0 | F119: =H119+J119+L119 -> 0 | H119: 0 | J119: 0 | L119: 0 | P119: 10
A120: 보통합판 | B120: 12x910x1820㎜(내수합판) | C120: 0.3914 | D120: M2 | E120: =G120+I120+K120 -> 12172 | F120: =H120+J120+L120 -> 4764 | G120: =자재조서!E57 -> 12172 | H120: =TRUNC(G120*C120,0) -> 4764 | I120: 0 | K120: 0 | P120: 20 | R120: M4329011 | BI120: =HYPERLINK("#자재조서!A57","M4329011 →") -> M4329011 →
A121: 각 재 | C121: 0.0144 | D121: M3 | E121: =G121+I121+K121 -> 528153 | F121: =H121+J121+L121 -> 7605 | G121: =TRUNC(자재조서!E4*V121/U121,0) -> 528153 | H121: =TRUNC(G121*C121,0) -> 7605 | I121: 0 | K121: 0 | P121: 30 | R121: M000220 | U121: 1 | V121: 1 | AA121: MA+ = | AB121: =(일위대가_호표!H120+일위대가_호표!H121)*0.08 -> 989.52 | AC121: MA = | AD121: =$AB121 -> 989.52 | BI121: =HYPERLINK("#자재조서!A4","M000220 →") -> M000220 →
...

Sheet 일위대가_별표
A1: 일위대가_별표
A2: 산 출 근 거 | B2: 수 량 | C2: 비 고
AA3: ※ 노란색 셀을 수정하고 툴바에서 수식 > 시트계산을 하면
A4: 별표 1/#1 흙깍기 | 토사|M3 | B4: 1 | AA4: 엑셀 수식이 적용됩니다. (단축키 F9 키)
A6: 절 취
A8: 가. 흙깍기 (B/D 19TON) | K8: 가. 흙깍기 (B/D 19TON)
A9: (2024년 건설공사표준품셈 8-2-1 불도저) | K9: '(2024년 건설공사표준품셈 8-2-1 불도저)'
A11: Q = 60 * qo * f * E / Cm | K11: 'Q = 60 * qo * f * E / Cm'
A13: =CONCATENATE(" L=",TEXT($AB13,"#,##0.00")," M , q=",TEXT($AF13,"#,##0.0")," , e=",TEXT($AJ13,"#,##0.00")) -> L=20.00 M , q=3.2 , e=0.96 | K13: =SUBSTITUTE(SUBSTITUTE(SUBSTITUTE(SUBSTITUTE(" L = 20 _x001D_M_x001D_ , q = 3.2 , e = 0.96","20",TEXT($AB13,"#,##0"),1),"3.2",TEXT($AF13,"#,##0.0"),1),"0.96",TEXT($AJ13,"#,##0.00"),1),"_x001D_","'") -> L = 20 'M' , q = 3.2 , e = 0.96 | AA13: L = | AB13: 20 | AC13: L = | AD13: =$AB13 -> 20 | AE13: Q = | AF13: 3.2 | AG13: Q = | AH13: =$AF13 -> 3.2 | AI13: E = | AJ13: 0.96 | AK13: E = | AL13: =$AJ13 -> 0.96
A15: =CONCATENATE(" 삽날의 용량 : qo = ",TEXT($AB15,"#,##0.00")," * ",TEXT($AF15,"#,##0.00")," = ",TEXT($AN15,"#,##0.00")," m3") -> 삽날의 용량 : qo = 3.20 * 0.96 = 3.07 m3 | K15: '삽날의 용량 :'qo = {q} * {e} = {?,'9.9R'}'m3' | AA15: 15_1_1+ = | AB15: =$AH13 -> 3.2 | AC15: 15_1_1 = | AD15: =$AB15 -> 3.2 | AE15: 15_1_2+ = | AF15: =$AL13 -> 0.96 | AG15: 15_1_2 = | AH15: =$AF15 -> 0.96 | AI15: QO+ = | AJ15: =ROUND($AD15*$AH15,2) -> 3.07 | AK15: QO = | AL15: =$AJ15 -> 3.07 | AM15: 15_1_3+ = | AN15: =ROUND(ROUND($AD15*$AH15,2),2) -> 3.07 | AO15: 15_1_3 = | AP15: =$AN15 -> 3.07
A17: =CONCATENATE(" 토량환산계수 : f = 1 / 1.25 = ",TEXT($AF17,"#,##0.00")) -> 토량환산계수 : f = 1 / 1.25 = 0.80 | K17: '토량환산계수 :'f = 1 / 1.25 = {?,'9.9R'} | AA17: F+ = | AB17: =ROUND(1/1.25,2) -> 0.8 | AC17: F = | AD17: =$AB17 -> 0.8 | AE17: 17_1_1+ = | AF17: =ROUND(ROUND(1/1.25,2),2) -> 0.8 | AG17: 17_1_1 = | AH17: =$AF17 -> 0.8
A19: =CONCATENATE(" 작업 효율 : E=",TEXT($AB19,"#,##0.00")) -> 작업 효율 : E=0.50 | K19: =SUBSTITUTE(SUBSTITUTE(" _x001D_작업 효율 :_x001D_E = 0.50","0.50",TEXT($AB19,"#,##0.00"),1),"_x001D_","'") -> '작업 효율 :'E = 0.50 | AA19: E = | AB19: 0.5 | AC19: E = | AD19: =$AB19 -> 0.5
A21: =CONCATENATE(" 전진 속도 : V1=",TEXT($AB21,"#,##0.00")," m/min") -> 전진 속도 : V1=40.00 m/min | K21: =SUBSTITUTE(SUBSTITUTE(" _x001D_전진 속도 :_x001D_V1 = 40_x001D_m/min_x001D_","40",TEXT($AB21,"#,##0"),1),"_x001D_","'") -> '전진 속도 :'V1 = 40'm/min' | AA21: V1 = | AB21: 40 | AC21: V1 = | AD21: =$AB21 -> 40
A23: =CONCATENATE(" 후진 속도 : V2=",TEXT($AB23,"#,##0.00")," m/min") -> 후진 속도 : V2=46.00 m/min | K23: =SUBSTITUTE(SUBSTITUTE(" _x001D_후진 속도 :_x001D_V2 = 46_x001D_m/min_x001D_","46",TEXT($AB23,"#,##0"),1),"_x001D_","'") -> '후진 속도 :'V2 = 46'm/min' | AA23: V2 = | AB23: 46 | AC23: V2 = | AD23: =$AB23 -> 46
A25: =CONCATENATE(" 기어 변속 시간 : t=",TEXT($AB25,"#,##0.00")," min") -> 기어 변속 시간 : t=0.25 min | K25: =SUBSTITUTE(SUBSTITUTE(" _x001D_기어 변속 시간 :_x001D_t = 0.25_x001D_min_x001D_","0.25",TEXT($AB25,"#,##0.00"),1),"_x001D_","'") -> '기어 변속 시간 :'t = 0.25'min' | AA25: T = | AB25: 0.25 | AC25: T = | AD25: =$AB25 -> 0.25
A27: =CONCATENATE(" Cm = ",TEXT($AB27,"#,##0.00"),"/",TEXT($AF27,"#,##0.00")," + ",TEXT($AJ27,"#,##0.00"),"/",TEXT($AN27,"#,##0.00")," + ",TEXT($AR27,"#,##0.00")," = ",TEXT($AZ27,"#,##0.00")," min") -> Cm = 20.00/40.00 + 20.00/46.00 + 0.25 = 1.18 min | K27: Cm = {L}/{V1} + {L}/{V2} + {t} = {?,'9.9R'}'min' | AA27: 27_1_1+ = | AB27: =$AD13 -> 20 | AC27: 27_1_1 = | AD27: =$AB27 -> 20 | AE27: 27_1_2+ = | AF27: =$AD21 -> 40 | AG27: 27_1_2 = | AH27: =$AF27 -> 40 | AI27: 27_1_3+ = | AJ27: =$AD13 -> 20 | AK27: 27_1_3 = | AL27: =$AJ27 -> 20 | AM27: 27_1_4+ = | AN27: =$AD23 -> 46 | AO27: 27_1_4 = | AP27: =$AN27 -> 46 | AQ27: 27_1_5+ = | AR27: =$AD25 -> 0.25 | AS27: 27_1_5 = | AT27: =$AR27 -> 0.25 | AU27: CM+ = | AV27: =ROUND($AD27/$AH27+$AL27/$AP27+$AT27,2) -> 1.18 | AW27: CM = | AX27: =$AV27 -> 1.18 | AY27: 27_1_6+ = | AZ27: =ROUND(ROUND($AD27/$AH27+$AL27/$AP27+$AT27,2),2) -> 1.18 | BA27: 27_1_6 = | BB27: =$AZ27 -> 1.18
A29: =CONCATENATE(" Q = 60 * ",TEXT($AB29,"#,##0.00")," * ",TEXT($AF29,"#,##0.00")," * ",TEXT($AJ29,"#,##0.00")," / ",TEXT($AN29,"#,##0.00")," = ",TEXT($AV29,"#,##0.00")," m3/hr") -> Q = 60 * 3.07 * 0.80 * 0.50 / 1.18 = 62.44 m3/hr | K29: Q = 60 * {qo} * {f} * {E} / {Cm} = {?,'9.9R'}'m3/hr' | AA29: 29_1_1+ = | AB29: =$AL15 -> 3.07 | AC29: 29_1_1 = | AD29: =$AB29 -> 3.07 | AE29: 29_1_2+ = | AF29: =$AD17 -> 0.8 | AG29: 29_1_2 = | AH29: =$AF29 -> 0.8 | AI29: 29_1_3+ = | AJ29: =$AD19 -> 0.5 | AK29: 29_1_3 = | AL29: =$AJ29 -> 0.5 | AM29: 29_1_4+ = | AN29: =$AX27 -> 1.18 | AO29: 29_1_4 = | AP29: =$AN29 -> 1.18 | AQ29: Q+ = | AR29: =ROUND(60*$AD29*$AH29*$AL29/$AP29,2) -> 62.44 | AS29: Q = | AT29: =$AR29 -> 62.44 | AU29: 29_1_5+ = | AV29: =ROUND(ROUND(60*$AD29*$AH29*$AL29/$AP29,2),2) -> 62.44 | AW29: 29_1_5 = | AX29: =$AV29 -> 62.44
A31: =CONCATENATE(" 1 / Q = ","QTY hr/m3") -> 1 / Q = QTY hr/m3 | B31: =$AB31 -> 0.016 | K31: 1 / Q = {?,'9.999R'}QTY'hr/m3' | AA31: QTY+ = | AB31: =ROUND(1/$AT29,4) -> 0.016 | AC31: QTY = | AD31: =$AB31 -> 0.016
A35: 별표 2/#2 흙 쌓 기 | 주간(토사)|M3 | B35: 1
A37: 포 설
A39: 가. 포 설 (B/D 19TON) | K39: 가. 포 설 (B/D 19TON)
A40: (2024년 건설공사표준품셈 8-2-1 불도저) | K40: '(2024년 건설공사표준품셈 8-2-1 불도저)'
A42: Q = 60 * qo * f * E / Cm | K42: 'Q = 60 * qo * f * E / Cm'
A44: =CONCATENATE(" q=",TEXT($AB44,"#,##0.0")," , e=",TEXT($AF44,"#,##0.00")) -> q=3.2 , e=0.96 | K44: =SUBSTITUTE(SUBSTITUTE(SUBSTITUTE(" q = 3.2 , e = 0.96","3.2",TEXT($AB44,"#,##0.0"),1),"0.96",TEXT($AF44,"#,##0.00"),1),"_x001D_","'") -> q = 3.2 , e = 0.96 | AA44: Q = | AB44: 3.2 | AC44: Q = | AD44: =$AB44 -> 3.2 | AE44: E = | AF44: 0.96 | AG44: E = | AH44: =$AF44 -> 0.96
A46: =CONCATENATE(" L=",TEXT($AB46,"#,##0.000"),", C=",TEXT($AF46,"#,##0.00"),", T=",TEXT($AJ46,"#,##0.0")," M") -> L=1.175, C=0.95, T=0.3 M | K46: =SUBSTITUTE(SUBSTITUTE(SUBSTITUTE(SUBSTITUTE(" L = 1.175, C = 0.95, T = 0.3_x001D_M_x001D_","1.175",TEXT($AB46,"#,##0.000"),1),"0.95",TEXT($AF46,"#,##0.00"),1),"0.3",TEXT($AJ46,"#,##0.0"),1),"_x001D_","'") -> L = 1.175, C = 0.95, T = 0.3'M' | AA46: L = | AB46: 1.175 | AC46: L = | AD46: =$AB46 -> 1.175 | AE46: C = | AF46: 0.95 | AG46: C = | AH46: =$AF46 -> 0.95 | AI46: T = | AJ46: 0.3 | AK46: T = | AL46: =$AJ46 -> 0.3
A48: =CONCATENATE(" qo = q * e = ",TEXT($AF48,"#,##0.00")," m3") -> qo = q * e = 3.07 m3 | K48: qo = q * e = {?,'9.9R'}'m3' | AA48: QO+ = | AB48: =ROUND($AD44*$AH44,2) -> 3.07 | AC48: QO = | AD48: =$AB48 -> 3.07 | AE48: 48_1_1+ = | AF48: =ROUND(ROUND($AD44*$AH44,2),2) -> 3.07 | AG48: 48_1_1 = | AH48: =$AF48 -> 3.07
A50: =CONCATENATE(" f = C / L = ",TEXT($AF50,"#,##0.00")," , E=",TEXT($AJ50,"#,##0.00")) -> f = C / L = 0.81 , E=0.60 | K50: =SUBSTITUTE(SUBSTITUTE(" f = C / L = {?,_x001D_9.9R_x001D_} , E = 0.60","0.60",TEXT($AJ50,"#,##0.00"),1),"_x001D_","'") -> f = C / L = {?,'9.9R'} , E = 0.60 | AA50: F+ = | AB50: =ROUND($AH46/$AD46,2) -> 0.81 | AC50: F = | AD50: =$AB50 -> 0.81 | AE50: 50_1_1+ = | AF50: =ROUND(ROUND($AH46/$AD46,2),2) -> 0.81 | AG50: 50_1_1 = | AH50: =$AF50 -> 0.81 | AI50: E = | AJ50: 0.6 | AK50: E = | AL50: =$AJ50 -> 0.6
A52: L1 (운반거리) = 20.0 M | K52: =SUBSTITUTE(SUBSTITUTE(" L1_x001D_(운반거리)_x001D_ = 20.0 _x001D_M_x001D_","20.0",TEXT($AB52,"#,##0.0"),1),"_x001D_","'") -> L1'(운반거리)' = 20.0 'M' | AA52: L1 = | AB52: 20 | AC52: L1 = | AD52: =$AB52 -> 20
A54: =CONCATENATE(" V1=",TEXT($AB54,"#,##0.00")," m/min , V2=",TEXT($AF54,"#,##0.00")," m/min , t=",TEXT($AJ54,"#,##0.00")) -> V1=75.00 m/min , V2=98.00 m/min , t=0.25 | K54: =SUBSTITUTE(SUBSTITUTE(SUBSTITUTE(SUBSTITUTE(" V1 = 75_x001D_m/min_x001D_, V2 = 98_x001D_m/min_x001D_ , t = 0.25","75",TEXT($AB54,"#,##0"),1),"98",TEXT($AF54,"#,##0"),1),"0.25",TEXT($AJ54,"#,##0.00"),1),"_x001D_","'") -> V1 = 75'm/min', V2 = 98'm/min' , t = 0.25 | AA54: V1 = | AB54: 75 | AC54: V1 = | AD54: =$AB54 -> 75 | AE54: V2 = | AF54: 98 | AG54: V2 = | AH54: =$AF54 -> 98 | AI54: T = | AJ54: 0.25 | AK54: T = | AL54: =$AJ54 -> 0.25
A56: =CONCATENATE(" Cm = (",TEXT($AB56,"#,##0.00")," /",TEXT($AF56,"#,##0.00"),") + (",TEXT($AJ56,"#,##0.00")," / ",TEXT($AN56,"#,##0.00"),") + ",TEXT($AR56,"#,##0.00")," = ",TEXT($AZ56,"#,##0.00")," min") -> Cm = (20.00 /75.00) + (20.00 / 98.00) + 0.25 = 0.72 min | K56: Cm = ({L1} /{V1}) + ({L1} / {V2}) + {t} = {?,'9.9R'}'min' | AA56: 56_1_1+ = | AB56: =$AD52 -> 20 | AC56: 56_1_1 = | AD56: =$AB56 -> 20 | AE56: 56_1_2+ = | AF56: =$AD54 -> 75 | AG56: 56_1_2 = | AH56: =$AF56 -> 75 | AI56: 56_1_3+ = | AJ56: =$AD52 -> 20 | AK56: 56_1_3 = | AL56: =$AJ56 -> 20 | AM56: 56_1_4+ = | AN56: =$AH54 -> 98 | AO56: 56_1_4 = | AP56: =$AN56 -> 98 | AQ56: 56_1_5+ = | AR56: =$AL54 -> 0.25 | AS56: 56_1_5 = | AT56: =$AR56 -> 0.25 | AU56: CM+ = | AV56: =ROUND(($AD56/$AH56)+($AL56/$AP56)+$AT56,2) -> 0.72 | AW56: CM = | AX56: =$AV56 -> 0.72 | AY56: 56_1_6+ = | AZ56: =ROUND(ROUND(($AD56/$AH56)+($AL56/$AP56)+$AT56,2),2) -> 0.72 | BA56: 56_1_6 = | BB56: =$AZ56 -> 0.72
A58: =CONCATENATE(" Q = 60 * ",TEXT($AB58,"#,##0.00")," * ",TEXT($AF58,"#,##0.00")," * ",TEXT($AJ58,"#,##0.00")," / ",TEXT($AN58,"#,##0.00")," = ",TEXT($AV58,"#,##0.00")," m3/hr") -> Q = 60 * 3.07 * 0.81 * 0.60 / 0.72 = 124.34 m3/hr | K58: Q = 60 * {qo} * {f} * {E} / {Cm} = {?,'9.9R'}'m3/hr' | AA58: 58_1_1+ = | AB58: =$AD48 -> 3.07 | AC58: 58_1_1 = | AD58: =$AB58 -> 3.07 | AE58: 58_1_2+ = | AF58: =$AD50 -> 0.81 | AG58: 58_1_2 = | AH58: =$AF58 -> 0.81 | AI58: 58_1_3+ = | AJ58: =$AL50 -> 0.6 | AK58: 58_1_3 = | AL58: =$AJ58 -> 0.6 | AM58: 58_1_4+ = | AN58: =$AX56 -> 0.72 | AO58: 58_1_4 = | AP58: =$AN58 -> 0.72 | AQ58: Q+ = | AR58: =ROUND(60*$AD58*$AH58*$AL58/$AP58,2) -> 124.34 | AS58: Q = | AT58: =$AR58 -> 124.34 | AU58: 58_1_5+ = | AV58: =ROUND(ROUND(60*$AD58*$AH58*$AL58/$AP58,2),2) -> 124.34 | AW58: 58_1_5 = | AX58: =$AV58 -> 124.34
A60: =CONCATENATE(" 1 /",TEXT($AB60,"#,##0.00")," * 0.5 (50%적용) = ","QTY hr/m3") -> 1 /124.34 * 0.5 (50%적용) = QTY hr/m3 | B60: =$AF60 -> 0.004 | K60: 1 /{Q} * 0.5'(50%적용)' = {?,'9.999R'}QTY'hr/m3' | AA60: 60_1_1+ = | AB60: =$AT58 -> 124.34 | AC60: 60_1_1 = | AD60: =$AB60 -> 124.34 | AE60: QTY+ = | AF60: =ROUND(1/$AD60*0.5,4) -> 0.004 | AG60: QTY = | AH60: =$AF60 -> 0.004
A62: 다 짐
A64: 나. 다 짐 (진동로울러 10ton) | K64: 나. 다 짐 (진동로울러 10ton)
A65: (2024년 건설공사표준품셈 8-2-9 롤러) | K65: '(2024년 건설공사표준품셈 8-2-9 롤러)'
A67: Q = 1000 * V * W * D * E * f / N | K67: 'Q = 1000 * V * W * D * E * f / N'
A69: =CONCATENATE(" V=",TEXT($AB69,"#,##0.00")," km/hr , W=",TEXT($AF69,"#,##0.0")," m , D=",TEXT($AJ69,"#,##0.00")," m") -> V=4.00 km/hr , W=1.9 m , D=0.30 m | K69: =SUBSTITUTE(SUBSTITUTE(SUBSTITUTE(SUBSTITUTE(" V = 4_x001D_km/hr_x001D_, W = 1.9_x001D_m_x001D_, D = 0.30_x001D_m_x001D_","4",TEXT($AB69,"#,##0"),1),"1.9",TEXT($AF69,"#,##0.0"),1),"0.30",TEXT($AJ69,"#,##0.00"),1),"_x001D_","'") -> V = 4'km/hr', W = 1.9'm', D = 0.30'm' | AA69: V = | AB69: 4 | AC69: V = | AD69: =$AB69 -> 4 | AE69: W = | AF69: 1.9 | AG69: W = | AH69: =$AF69 -> 1.9 | AI69: D = | AJ69: 0.3 | AK69: D = | AL69: =$AJ69 -> 0.3
A71: =CONCATENATE(" f=",TEXT($AB71,"#,##0.0")," , E=",TEXT($AF71,"#,##0.00")," , N=",TEXT($AJ71,"#,##0.00")," 회") -> f=1.0 , E=0.60 , N=6.00 회 | K71: =SUBSTITUTE(SUBSTITUTE(SUBSTITUTE(SUBSTITUTE(" f = 1.0 , E = 0.60 , N = 6_x001D_회_x001D_","1.0",TEXT($AB71,"#,##0.0"),1),"0.60",TEXT($AF71,"#,##0.00"),1),"6",TEXT($AJ71,"#,##0"),2),"_x001D_","'") -> f = 1.0 , E = 0.60 , N = 6'회' | AA71: F = | AB71: 1 | AC71: F = | AD71: =$AB71 -> 1 | AE71: E = | AF71: 0.6 | AG71: E = | AH71: =$AF71 -> 0.6 | AI71: N = | AJ71: 6 | AK71: N = | AL71: =$AJ71 -> 6
A73: =CONCATENATE(" Q = 1000 * ",TEXT($AB73,"#,##0.00")," * ",TEXT($AF73,"#,##0.00")," * ",TEXT($AJ73,"#,##0.00")," * ",TEXT($AN73,"#,##0.00")," * ",TEXT($AR73,"#,##0.00")," / ",TEXT($AV73,"#,##0.00")," = ",TEXT($BD73,"#,##0.00")," m3/hr") -> Q = 1000 * 4.00 * 1.90 * 0.30 * 0.60 * 1.00 / 6.00 = 228.00 m3/hr | K73: Q = 1000 * {V} * {W} * {D} * {E} * {F} / {N} = {?,'9.9R'}'m3/hr' | AA73: 73_1_1+ = | AB73: =$AD69 -> 4 | AC73: 73_1_1 = | AD73: =$AB73 -> 4 | AE73: 73_1_2+ = | AF73: =$AH69 -> 1.9 | AG73: 73_1_2 = | AH73: =$AF73 -> 1.9 | AI73: 73_1_3+ = | AJ73: =$AL69 -> 0.3 | AK73: 73_1_3 = | AL73: =$AJ73 -> 0.3 | AM73: 73_1_4+ = | AN73: =$AH71 -> 0.6 | AO73: 73_1_4 = | AP73: =$AN73 -> 0.6 | AQ73: 73_1_5+ = | AR73: =$AD71 -> 1 | AS73: 73_1_5 = | AT73: =$AR73 -> 1 | AU73: 73_1_6+ = | AV73: =$AL71 -> 6 | AW73: 73_1_6 = | AX73: =$AV73 -> 6 | AY73: Q+ = | AZ73: =ROUND(1000*$AD73*$AH73*$AL73*$AP73*$AT73/$AX73,2) -> 228 | BA73: Q = | BB73: =$AZ73 -> 228 | BC73: 73_1_7+ = | BD73: =ROUND(ROUND(1000*$AD73*$AH73*$AL73*$AP73*$AT73/$AX73,2),2) -> 228 | BE73: 73_1_7 = | BF73: =$BD73 -> 228
A75: =CONCATENATE(" 1 / Q = ","QTY hr/m3") -> 1 / Q = QTY hr/m3 | B75: =$AB75 -> 0.0044 | K75: 1 / Q = {?,'9.999R'}QTY'hr/m3' | AA75: QTY+ = | AB75: =ROUND(1/$BB73,4) -> 0.0044 | AC75: QTY = | AD75: =$AB75 -> 0.0044
A77: 살 수
A78: 3. 살수(물탱크 5500 L ) 10 % 적용 | K78: 3. 살수(물탱크 5500 L ) 10 % 적용
A79: (2024년 건설공사표준품셈 8-1-4 시공능력 산정 기본식) | K79: '(2024년 건설공사표준품셈 8-1-4 시공능력 산정 기본식)'
A81: O.M.C = 13 % , N.M.C = 8 % | K81: O.M.C = 13'%' , N.M.C = 8'%'
A83: W : Ww / Ws* 100 | K83: W : Ww / Ws* 100
A85: Ww : 1600 - Ws | K85: Ww : 1600 - Ws
A87: =CONCATENATE(" Ws=",TEXT($AB87,"#,##0.00")," kg") -> Ws=1,416.00 kg | K87: =SUBSTITUTE(SUBSTITUTE(" Ws= 1416_x001D_kg_x001D_","1416",TEXT($AB87,"#,##0"),1),"_x001D_","'") -> Ws= 1,416'kg' | AA87: WS = | AB87: 1416 | AC87: WS = | AD87: =$AB87 -> 1416
A89: =CONCATENATE(" 13 : (1600-",TEXT($AB89,"#,##0.00"),")/",TEXT($AF89,"#,##0.00"),"*100") -> 13 : (1600-1,416.00)/1,416.00*100 | K89: 13 : (1600-{Ws})/{Ws}*100 | AA89: 89_1_1+ = | AB89: =$AD87 -> 1416 | AC89: 89_1_1 = | AD89: =$AB89 -> 1416 | AE89: 89_1_2+ = | AF89: =$AD87 -> 1416 | AG89: 89_1_2 = | AH89: =$AF89 -> 1416
A91: 113 Ws: 160000 | K91: 113 Ws: 160000
A93: =CONCATENATE(" WQ = ",TEXT($AB93,"#,##0.00"),"*(0.13-0.08)=",TEXT($AJ93,"#,##0.00")," KG/M2 ") -> WQ = 1,416.00*(0.13-0.08)=70.80 KG/M2 | K93: WQ = {Ws}*(0.13-0.08)=?'KG/M2' | AA93: 93_1_1+ = | AB93: =$AD87 -> 1416 | AC93: 93_1_1 = | AD93: =$AB93 -> 1416 | AE93: WQ+ = | AF93: =ROUND($AD93*(0.13-0.08),2) -> 70.8 | AG93: WQ = | AH93: =$AF93 -> 70.8 | AI93: 93_1_2+ = | AJ93: =ROUND(ROUND($AD93*(0.13-0.08),2),2) -> 70.8 | AK93: 93_1_2 = | AL93: =$AJ93 -> 70.8
A95: =CONCATENATE(" t1=",TEXT($AB95,"#,##0.00")," MIN (호스조작)") -> t1=5.00 MIN (호스조작) | K95: =SUBSTITUTE(SUBSTITUTE(" t1 = 5_x001D_MIN (호스조작)_x001D_","5",TEXT($AB95,"#,##0"),1),"_x001D_","'") -> t1 = 5'MIN (호스조작)' | AA95: T1 = | AB95: 5 | AC95: T1 = | AD95: =$AB95 -> 5
A97: =CONCATENATE(" t2=",TEXT($AB97,"#,##0.00")," MIN (펌핑)") -> t2=10.00 MIN (펌핑) | K97: =SUBSTITUTE(SUBSTITUTE(" t2 = 10_x001D_MIN (펌핑)_x001D_","10",TEXT($AB97,"#,##0"),1),"_x001D_","'") -> t2 = 10'MIN (펌핑)' | AA97: T2 = | AB97: 10 | AC97: T2 = | AD97: =$AB97 -> 10
A99: =CONCATENATE(" t3=",TEXT($AB99,"#,##0.00")," MIN (대기)") -> t3=5.00 MIN (대기) | K99: =SUBSTITUTE(SUBSTITUTE(" t3 = 5_x001D_MIN (대기)_x001D_","5",TEXT($AB99,"#,##0"),1),"_x001D_","'") -> t3 = 5'MIN (대기)' | AA99: T3 = | AB99: 5 | AC99: T3 = | AD99: =$AB99 -> 5
A101: =CONCATENATE(" t4=",TEXT($AB101,"#,##0.00")," MIN (살수)") -> t4=20.00 MIN (살수) | K101: =SUBSTITUTE(SUBSTITUTE(" t4 = 20_x001D_MIN (살수)_x001D_","20",TEXT($AB101,"#,##0"),1),"_x001D_","'") -> t4 = 20'MIN (살수)' | AA101: T4 = | AB101: 20 | AC101: T4 = | AD101: =$AB101 -> 20
A103: =CONCATENATE(" CM = (",TEXT($AB103,"#,##0.00")," + ",TEXT($AF103,"#,##0.00")," + ",TEXT($AJ103,"#,##0.00")," + ",TEXT($AN103,"#,##0.00"),") = ",TEXT($AV103,"#,##0.00")," MIN ") -> CM = (5.00 + 10.00 + 5.00 + 20.00) = 40.00 MIN | K103: CM = ({T1} + {T2} + {T3} + {T4}) = ?'MIN' | AA103: 103_1_1+ = | AB103: =$AD95 -> 5 | AC103: 103_1_1 = | AD103: =$AB103 -> 5 | AE103: 103_1_2+ = | AF103: =$AD97 -> 10 | AG103: 103_1_2 = | AH103: =$AF103 -> 10 | AI103: 103_1_3+ = | AJ103: =$AD99 -> 5 | AK103: 103_1_3 = | AL103: =$AJ103 -> 5 | AM103: 103_1_4+ = | AN103: =$AD101 -> 20 | AO103: 103_1_4 = | AP103: =$AN103 -> 20 | AQ103: CM+ = | AR103: =ROUND(($AD103+$AH103+$AL103+$AP103),2) -> 40 | AS103: CM = | AT103: =$AR103 -> 40 | AU103: 103_1_5+ = | AV103: =ROUND(ROUND(($AD103+$AH103+$AL103+$AP103),2),2) -> 40 | AW103: 103_1_5 = | AX103: =$AV103 -> 40
A105: =CONCATENATE(" Qw = (60*5500*0.9) / (",TEXT($AB105,"#,##0.00"),"*",TEXT($AF105,"#,##0.00"),") = ",TEXT($AN105,"#,##0.00")," M2/HR ") -> Qw = (60*5500*0.9) / (40.00*70.80) = 104.87 M2/HR | K105: Qw = (60*5500*0.9) / ({CM}*{WQ}) = ?'M2/HR' | AA105: 105_1_1+ = | AB105: =$AT103 -> 40 | AC105: 105_1_1 = | AD105: =$AB105 -> 40 | AE105: 105_1_2+ = | AF105: =$AH93 -> 70.8 | AG105: 105_1_2 = | AH105: =$AF105 -> 70.8 | AI105: QW+ = | AJ105: =ROUND((60*5500*0.9)/($AD105*$AH105),2) -> 104.87 | AK105: QW = | AL105: =$AJ105 -> 104.87 | AM105: 105_1_3+ = | AN105: =ROUND(ROUND((60*5500*0.9)/($AD105*$AH105),2),2) -> 104.87 | AO105: 105_1_3 = | AP105: =$AN105 -> 104.87
A107: =CONCATENATE(" 1 / Qw = ","qty hr/m3") -> 1 / Qw = qty hr/m3 | B107: =$AB107 -> 0.0095 | K107: 1 / Qw = {?,'9.999R'}qty'hr/m3' | AA107: QTY+ = | AB107: =ROUND(1/$AL105,4) -> 0.0095 | AC107: QTY = | AD107: =$AB107 -> 0.0095
A111: 별표 3/#3 흙 쌓 기 | 주간(토사)(비다짐)|M3 | B111: 1
A113: 포 설
A115: 가. 포 설 (B/D 19TON) | K115: 가. 포 설 (B/D 19TON)
A116: (2024년 건설공사표준품셈 8-2-1 불도저) | K116: '(2024년 건설공사표준품셈 8-2-1 불도저)'
A118: Q = 60 * qo * f * E / Cm | K118: 'Q = 60 * qo * f * E / Cm'
A120: =CONCATENATE(" q=",TEXT($AB120,"#,##0.0")," , e=",TEXT($AF120,"#,##0.00")) -> q=3.2 , e=0.96 | K120: =SUBSTITUTE(SUBSTITUTE(SUBSTITUTE(" q = 3.2 , e = 0.96","3.2",TEXT($AB120,"#,##0.0"),1),"0.96",TEXT($AF120,"#,##0.00"),1),"_x001D_","'") -> q = 3.2 , e = 0.96 | AA120: Q = | AB120: 3.2 | AC120: Q = | AD120: =$AB120 -> 3.2 | AE120: E = | AF120: 0.96 | AG120: E = | AH120: =$AF120 -> 0.96
A122: =CONCATENATE(" L=",TEXT($AB122,"#,##0.000"),", C=",TEXT($AF122,"#,##0.00"),", T=",TEXT($AJ122,"#,##0.0")," M") -> L=1.175, C=0.95, T=0.3 M | K122: =SUBSTITUTE(SUBSTITUTE(SUBSTITUTE(SUBSTITUTE(" L = 1.175, C = 0.95, T = 0.3_x001D_M_x001D_","1.175",TEXT($AB122,"#,##0.000"),1),"0.95",TEXT($AF122,"#,##0.00"),1),"0.3",TEXT($AJ122,"#,##0.0"),1),"_x001D_","'") -> L = 1.175, C = 0.95, T = 0.3'M' | AA122: L = | AB122: 1.175 | AC122: L = | AD122: =$AB122 -> 1.175 | AE122: C = | AF122: 0.95 | AG122: C = | AH122: =$AF122 -> 0.95 | AI122: T = | AJ122: 0.3 | AK122: T = | AL122: =$AJ122 -> 0.3
A124: =CONCATENATE(" qo = q * e = ",TEXT($AF124,"#,##0.00")," m3") -> qo = q * e = 3.07 m3 | K124: qo = q * e = {?,'9.9R'}'m3' | AA124: QO+ = | AB124: =ROUND($AD120*$AH120,2) -> 3.07 | AC124: QO = | AD124: =$AB124 -> 3.07 | AE124: 124_1_1+ = | AF124: =ROUND(ROUND($AD120*$AH120,2),2) -> 3.07 | AG124: 124_1_1 = | AH124: =$AF124 -> 3.07
A126: =CONCATENATE(" f = C / L = ",TEXT($AF126,"#,##0.00")," , E=",TEXT($AJ126,"#,##0.00")) -> f = C / L = 0.81 , E=0.60 | K126: =SUBSTITUTE(SUBSTITUTE(" f = C / L = {?,_x001D_9.9R_x001D_} , E = 0.60","0.60",TEXT($AJ126,"#,##0.00"),1),"_x001D_","'") -> f = C / L = {?,'9.9R'} , E = 0.60 | AA126: F+ = | AB126: =ROUND($AH122/$AD122,2) -> 0.81 | AC126: F = | AD126: =$AB126 -> 0.81 | AE126: 126_1_1+ = | AF126: =ROUND(ROUND($AH122/$AD122,2),2) -> 0.81 | AG126: 126_1_1 = | AH126: =$AF126 -> 0.81 | AI126: E = | AJ126: 0.6 | AK126: E = | AL126: =$AJ126 -> 0.6
A128: L1 (운반거리) = 20.0 M | K128: =SUBSTITUTE(SUBSTITUTE(" L1_x001D_(운반거리)_x001D_ = 20.0 _x001D_M_x001D_","20.0",TEXT($AB128,"#,##0.0"),1),"_x001D_","'") -> L1'(운반거리)' = 20.0 'M' | AA128: L1 = | AB128: 20 | AC128: L1 = | AD128: =$AB128 -> 20
A130: =CONCATENATE(" V1=",TEXT($AB130,"#,##0.00")," m/min , V2=",TEXT($AF130,"#,##0.00")," m/min , t=",TEXT($AJ130,"#,##0.00")) -> V1=75.00 m/min , V2=98.00 m/min , t=0.25 | K130: =SUBSTITUTE(SUBSTITUTE(SUBSTITUTE(SUBSTITUTE(" V1 = 75_x001D_m/min_x001D_, V2 = 98_x001D_m/min_x001D_ , t = 0.25","75",TEXT($AB130,"#,##0"),1),"98",TEXT($AF130,"#,##0"),1),"0.25",TEXT($AJ130,"#,##0.00"),1),"_x001D_","'") -> V1 = 75'm/min', V2 = 98'm/min' , t = 0.25 | AA130: V1 = | AB130: 75 | AC130: V1 = | AD130: =$AB130 -> 75 | AE130: V2 = | AF130: 98 | AG130: V2 = | AH130: =$AF130 -> 98 | AI130: T = | AJ130: 0.25 | AK130: T = | AL130: =$AJ130 -> 0.25
