Workbook
Name __1_0Crite: [1]총괄내역서!#REF!
Name __2_0Extr: [1]총괄내역서!#REF!
Name __3Crite: [1]총괄내역서!#REF!
Name __4Extr: [1]총괄내역서!#REF!
Name _: #REF!
Name _: #REF!
Name _?ó_ü?Ì?æ: #REF!
Name ___A100000: #REF!
Name ___A183154: #REF!
Name ___A69999: #REF!
Name ___A99999: #REF!
Name ___bar10: #REF!
Name ___bar13: #REF!
Name ___bar16: #REF!
Name ___bar19: #REF!
Name ___bar22: #REF!
Name ___bar25: #REF!
Name ___bar29: #REF!
Name ___bar32: #REF!
Name ___ctc1: #REF!
Name ___ctc2: #REF!
Name ___ctc3: #REF!
Name ___dia35: #REF!
Name ___DOG1: #REF!
Name ___DOG2: #REF!
Name ___DOG3: #REF!
Name ___DOG4: #REF!
Name ___ELL1: #REF!
Name ___ELL2: #REF!
Name ___faf98: #REF!
Name ___FBB1: #REF!
Name ___FBB2: #REF!
Name ___FBB3: #REF!
Name ___FHH1: #REF!
Name ___FHH2: #REF!
Name ___FHH3: #REF!
Name ___GHH1: #REF!
Name ___GHH2: #REF!
Name ___HSH1: #REF!
Name ___HSH2: #REF!
Name ___JEA1: #REF!
Name ___JEA2: #REF!
Name ___JOI13: #REF!
Name ___JY1: BlankMacro1
Name ___JY1: BlankMacro1
Name ___KK1: #REF!
Name ___kM1: #REF!
Name ___kM2: #REF!
Name ___kM3: #REF!
Name ___LP1: #REF!
Name ___LP2: #REF!
Name ___MaL1: #REF!
Name ___MaL2: #REF!
Name ___NLL1: #REF!
Name ___NLL2: #REF!
Name ___NLL3: #REF!
Name ___NLL4: #REF!
Name ___NLL5: #REF!
Name ___NMB96: #REF!
Name ___NP1: #REF!

Sheet 갑지
A8: 공사명 : 고기근린공원(사회공헌)조성공사
B11: ▣ 도 급 금 액 : | C11: 일금 | D11: =NUMBERSTRING(H11,1) -> 일십사억팔천사백칠십사만삼천육백구십구 | F11: 원정 | G11: ( | H11: =조경원가계산서!D32 -> 1.4847437e+09 | I11: )
B12: ▣ 전 회 기 성 : | C12: 일금 | D12: =NUMBERSTRING(H12,1) -> 영 | F12: 원정 | G12: ( | H12: =조경원가계산서!E32 -> 0 | I12: )
B13: ▣ 금 회 기 성 : | C13: 일금 | D13: =NUMBERSTRING(H13,1) -> 이억삼천육백오십만 | F13: 원정 | G13: ( | H13: =조경원가계산서!G32 -> 236500000 | I13: )
B14: ▣ 누 계 기 성 : | C14: 일금 | D14: =NUMBERSTRING(H14,1) -> 이억삼천육백오십만 | F14: 원정 | G14: ( | H14: =H12+H13 -> 236500000 | I14: )
B15: ▣ 미 기 성 : | C15: 일금 | D15: =NUMBERSTRING(H15,1) -> 일십이억사천팔백이십사만삼천육백구십구 | F15: 원정 | G15: ( | H15: =H11-H14 -> 1.2482437e+09 | I15: )

Sheet 조경원가계산서
A1: 공 사 원 가 계 산 서( 조 경)
A2: [공사명]고기근린공원(사회공헌) 조성공사(조경)
A3: 비 목 | D3: 도급금액 | E3: 전회기성 | F3: 비율(%) | G3: 금회기성 | H3: 비율(%) | I3: 누계기성 | J3: 비율(%) | K3: 구 성 비 | L3: 비 고 | M3: 정산보험료증감분 산출 | N3: =D4+D8+D12 -> 532681710
N4: =D5+D9+D13 -> 969794840
B5: 재 | C5: 직 접 재 료 비 | D5: 532681710 | F5: =IFERROR(E5/D5,0) -> 0 | G5: =내역서!S9 -> 14830383 | H5: =IFERROR(G5/D5,0) -> 0.027840984 | I5: =E5+G5 -> 14830383 | J5: =IFERROR(I5/D5,0) -> 0.027840984
A6: 순 | B6: 료 | C6: 간 접 재 료 비 | F6: =IFERROR(E6/D6,0) -> 0 | H6: =IFERROR(G6/D6,0) -> 0 | I6: =E6+G6 -> 0 | J6: =IFERROR(I6/D6,0) -> 0
B7: 비 | C7: 작업설,부산물등(△) | F7: =IFERROR(E7/D7,0) -> 0 | H7: =IFERROR(G7/D7,0) -> 0 | I7: =E7+G7 -> 0 | J7: =IFERROR(I7/D7,0) -> 0
C8: [ 소 계 ] | D8: =SUM(D5:D7) -> 532681710 | F8: =IFERROR(E8/D8,0) -> 0 | G8: =G5+G6+G7 -> 14830383 | H8: =IFERROR(G8/D8,0) -> 0.027840984 | I8: =E8+G8 -> 14830383 | J8: =IFERROR(I8/D8,0) -> 0.027840984
A9: 공 | B9: 노 | C9: 직 접 노 무 비 | D9: 392029555 | F9: =IFERROR(E9/D9,0) -> 0 | G9: =내역서!T9 -> 110073033 | H9: =IFERROR(G9/D9,0) -> 0.28077738 | I9: =E9+G9 -> 110073033 | J9: =IFERROR(I9/D9,0) -> 0.28077738
B10: 무 | C10: 간 접 노 무 비 | D10: 56060226 | F10: =IFERROR(E10/D10,0) -> 0 | G10: =INT(G9*N10) -> 15740443 | H10: =IFERROR(G10/D10,0) -> 0.28077737 | I10: =E10+G10 -> 15740443 | J10: =IFERROR(I10/D10,0) -> 0.28077737 | K10: 직접노무비의 *14.3% | N10: 0.143
B11: 비 | C11: [ 소 계 ] | D11: =SUM(D9:D10) -> 448089781 | F11: =IFERROR(E11/D11,0) -> 0 | G11: =G9+G10 -> 125813476 | H11: =IFERROR(G11/D11,0) -> 0.28077738 | I11: =E11+G11 -> 125813476 | J11: =IFERROR(I11/D11,0) -> 0.28077738
C12: 운 반 비 | F12: =IFERROR(E12/D12,0) -> 0 | H12: =IFERROR(G12/D12,0) -> 0 | I12: =E12+G12 -> 0 | J12: =IFERROR(I12/D12,0) -> 0
A13: 사 | C13: 기 계 경 비 | D13: 45083575 | F13: =IFERROR(E13/D13,0) -> 0 | G13: =내역서!U9 -> 15225924 | H13: =IFERROR(G13/D13,0) -> 0.33772663 | I13: =E13+G13 -> 15225924 | J13: =IFERROR(I13/D13,0) -> 0.33772663
C14: 산 재 보 험 료 | D14: 15951996 | F14: =IFERROR(E14/D14,0) -> 0 | G14: =INT(G11*N14) -> 4478959 | H14: =IFERROR(G14/D14,0) -> 0.28077734 | I14: =E14+G14 -> 4478959 | J14: =IFERROR(I14/D14,0) -> 0.28077734 | K14: 노무비의 *3.56% | N14: 0.0356
B15: 경 | C15: 고 용 보 험 료 | D15: 4525706 | F15: =IFERROR(E15/D15,0) -> 0 | G15: =INT(G11*N15) -> 1270716 | H15: =IFERROR(G15/D15,0) -> 0.28077741 | I15: =E15+G15 -> 1270716 | J15: =IFERROR(I15/D15,0) -> 0.28077741 | K15: 노무비의 *1.01% | N15: 0.0101
C16: 건 강 보 험 료 | D16: 16066073 | F16: =IFERROR(E16/D16,0) -> 0 | G16: 340320 | H16: =IFERROR(G16/D16,0) -> 0.021182525 | I16: =E16+G16 -> 340320 | J16: =IFERROR(I16/D16,0) -> 0.021182525 | K16: 직접노무비의 *3.545% | M16: =ROUND(#REF!*0.03545,0) -> #REF! | N16: 0.03545
A17: 원 | C17: 연 금 보 험 료 | D17: 20394168 | F17: =IFERROR(E17/D17,0) -> 0 | H17: =IFERROR(G17/D17,0) -> 0 | I17: =E17+G17 -> 0 | J17: =IFERROR(I17/D17,0) -> 0 | K17: 직접노무비의 *4.5% | M17: =ROUND(#REF!*0.045,0) -> #REF! | N17: 0.045
C18: 노인장기요양보험료 | D18: 2080556 | F18: =IFERROR(E18/D18,0) -> 0 | G18: 44070 | H18: =IFERROR(G18/D18,0) -> 0.021181838 | I18: =E18+G18 -> 44070 | J18: =IFERROR(I18/D18,0) -> 0.021181838 | K18: 건강보험료 *12.95% | M18: =ROUND(#REF!*0.1295,0) -> #REF! | N18: 0.1295
C19: 퇴직공제부금비 | D19: 10423685 | F19: =IFERROR(E19/D19,0) -> 0 | G19: 1077200 | H19: =IFERROR(G19/D19,0) -> 0.10334157 | I19: =E19+G19 -> 1077200 | J19: =IFERROR(I19/D19,0) -> 0.10334157 | K19: 직접노무비의 * 2.3% | M19: =ROUND(#REF!*0.023,0) -> #REF! | N19: 0.023 | O19: 도급자관급 자재비 | P19: =내역서!H11 -> 184377307
C20: 기계대여대금지급보증수수료 | D20: 1745630 | F20: =IFERROR(E20/D20,0) -> 0 | H20: =IFERROR(G20/D20,0) -> 0 | I20: =E20+G20 -> 0 | J20: =IFERROR(I20/D20,0) -> 0 | K20: (재료비+직노비+산경) *0.18% | N20: 0.0018 | O20: A | P20: =INT((D8+D9+P19/1.1)*N21+3250000) -> 16357923
A21: 가 | B21: 비 | C21: 안 전 관 리 비 | D21: 18149619 | F21: =IFERROR(E21/D21,0) -> 0 | G21: =9462500-3000000 -> 6462500 | H21: =IFERROR(G21/D21,0) -> 0.35606808 | I21: =E21+G21 -> 6462500 | J21: =IFERROR(I21/D21,0) -> 0.35606808 | K21: (재료비+직노+도급자관급)*1.2%+3,250,000 | M21: =ROUND((#REF!+#REF!+#REF!)*0.012,0) -> #REF! | N21: 0.012 | O21: B | P21: =INT((((D8+D9)*N21+3250000)*1.2)) -> 17215842
C22: 환 경 보 전 비 | D22: 2909384 | F22: =IFERROR(E22/D22,0) -> 0 | G22: 1000000 | H22: =IFERROR(G22/D22,0) -> 0.34371537 | I22: =E22+G22 -> 1000000 | J22: =IFERROR(I22/D22,0) -> 0.34371537 | K22: (재료비+직노비+산경) *0.3% | N22: 0.003
C23: 기 타 경 비 | D23: 53942432 | F23: =IFERROR(E23/D23,0) -> 0 | G23: =INT((G8+G11)*N23) -> 7735412 | H23: =IFERROR(G23/D23,0) -> 0.14340125 | I23: =E23+G23 -> 7735412 | J23: =IFERROR(I23/D23,0) -> 0.14340125 | K23: (재료비+노무비) *5.5% | M23: =G16*12.95% -> 44071.44 | N23: 0.055
C24: 하도급지급보증수수료 | D24: 785533 | F24: =IFERROR(E24/D24,0) -> 0 | H24: =IFERROR(G24/D24,0) -> 0 | I24: =E24+G24 -> 0 | J24: =IFERROR(I24/D24,0) -> 0 | K24: (재료비+직노비+산출경비) *0.081% | N24: 0.00081
C25: [ 소 계 ] | D25: =SUM(D12:D24) -> 192058357 | F25: =IFERROR(E25/D25,0) -> 0 | G25: =SUM(G12:G24) -> 37635101 | H25: =IFERROR(G25/D25,0) -> 0.19595659 | I25: =E25+G25 -> 37635101 | J25: =IFERROR(I25/D25,0) -> 0.19595659
A26: 계 | D26: =D8+D11+D25 -> 1172829848 | F26: =IFERROR(E26/D26,0) -> 0 | G26: =INT(G8+G11+G25) -> 178278960 | H26: =IFERROR(G26/D26,0) -> 0.15200752 | I26: =E26+G26 -> 178278960 | J26: =IFERROR(I26/D26,0) -> 0.15200752
A27: 일 반 관 리 비 | D27: 70369790 | F27: =IFERROR(E27/D27,0) -> 0 | G27: =INT(G26*N27) -> 10696737 | H27: =IFERROR(G27/D27,0) -> 0.15200752 | I27: =E27+G27 -> 10696737 | J27: =IFERROR(I27/D27,0) -> 0.15200752 | K27: 계의 *6.0% | N27: 0.06
A28: 합 계 | D28: =D26+D27 -> 1243199638 | F28: =IFERROR(E28/D28,0) -> 0 | G28: =INT(G26+G27) -> 188975697 | H28: =IFERROR(G28/D28,0) -> 0.15200752 | I28: =E28+G28 -> 188975697 | J28: =IFERROR(I28/D28,0) -> 0.15200752
A29: 이 윤 | D29: 1.0656736e+08 | F29: =IFERROR(E29/D29,0) -> 0 | G29: =INT(((G11+G25+G27)*N29))-97494 -> 26024303 | H29: =IFERROR(G29/D29,0) -> 0.24420519 | I29: =E29+G29 -> 26024303 | J29: =IFERROR(I29/D29,0) -> 0.24420519 | K29: (노무비+경비+일반관리비) *15.0% | N29: 0.15
A30: 공 급 가 액 (총 원 가) | D30: =D28+D29 -> 1.349767e+09 | F30: =IFERROR(E30/D30,0) -> 0 | G30: =SUM(G28:G29) -> 215000000 | H30: =IFERROR(G30/D30,0) -> 0.15928675 | I30: =E30+G30 -> 215000000 | J30: =IFERROR(I30/D30,0) -> 0.15928675
A31: 부 가 가 치 세 | D31: 134976700 | F31: =IFERROR(E31/D31,0) -> 0 | G31: =INT(G30*N31) -> 21500000 | H31: =IFERROR(G31/D31,0) -> 0.15928675 | I31: =E31+G31 -> 21500000 | J31: =IFERROR(I31/D31,0) -> 0.15928675 | K31: 공급가액의 *10.00% | N31: 0.1
A32: 도 급 액 | D32: =D30+D31 -> 1.4847437e+09 | F32: =IFERROR(E32/D32,0) -> 0 | G32: =SUM(G30:G31) -> 236500000 | H32: =IFERROR(G32/D32,0) -> 0.15928675 | I32: =E32+G32 -> 236500000 | J32: =IFERROR(I32/D32,0) -> 0.15928675
A33: 관 급 자 재 비 | D33: 283710000 | F33: =IFERROR(E33/D33,0) -> 0 | G33: =G34+G35 -> 0 | H33: =IFERROR(G33/D33,0) -> 0 | I33: =E33+G33 -> 0 | J33: =IFERROR(I33/D33,0) -> 0
A34: 1) 도급자관급 | D34: 185372000 | F34: =IFERROR(E34/D34,0) -> 0 | H34: =IFERROR(G34/D34,0) -> 0 | I34: =E34+G34 -> 0 | J34: =IFERROR(I34/D34,0) -> 0
A35: 2) 관급자관급 | D35: 98338000 | F35: =IFERROR(E35/D35,0) -> 0 | H35: =IFERROR(G35/D35,0) -> 0 | I35: =E35+G35 -> 0 | J35: =IFERROR(I35/D35,0) -> 0
A36: 총 공 사 비 | D36: 1.7684537e+09 | F36: =IFERROR(E36/D36,0) -> 0 | G36: =SUM(G32:G33) -> 236500000 | H36: =IFERROR(G36/D36,0) -> 0.13373265 | I36: =E36+G36 -> 236500000 | J36: =IFERROR(I36/D36,0) -> 0.13373265

Sheet 내역서
A1: 제1회 기성내역서 | BU1: 낙찰율조정 | BV1: =+[318]원가계산서!$M$1 -> 0.859356
A2: 공 종 명 | B2: 규 격 | C2: 단위 | D2: 수량 | E2: 도급금액 | G2: 도급단가 | M2: 전회기성 | P2: 금회기성 | S2: 금액 | V2: 누계기성 | Y2: 비 고 | CB2: 합 계 | CD2: 재 료 비 | CF2: 노 무 비 | CH2: 경 비 | CJ2: 비 고
E3: 단 가 | F3: 금 액 | G3: 재료비 | H3: 재료비금액 | I3: 노무비 | J3: 노무비금액 | K3: 경비 | L3: 경비금액 | M3: 수량 | N3: 금액 | O3: 비율(%) | P3: 수량 | Q3: 금액 | R3: 비율(%) | S3: 재료비 | T3: 노무비 | U3: 경비 | V3: 수량 | W3: 금액 | X3: 비율(%) | AF3: 할 증 | AG3: 화폐변환 | AH3: OP값 | AI3: EQ | AJ3: LA | AK3: MA | AL3: 금액계상 | CB3: 단 가 | CC3: 금 액 | CD3: 단 가 | CE3: 금 액 | CF3: 단 가 | CG3: 금 액 | CH3: 단 가 | CI3: 금 액
A4: ■ 고기근린공원(사회공헌) 조성공사 (조경) | C4: 식 | D4: 1 | F4: =H4+J4+L4 -> 969794840 | H4: =TRUNC(H9,0) -> 532681710 | J4: =TRUNC(J9,0) -> 392029555 | L4: =TRUNC(L9,0) -> 45083575 | O4: =IFERROR(N4/$F4,0) -> 0 | Q4: =SUM(S4:U4) -> 140129340 | R4: =IFERROR(Q4/$F4,0) -> 0.1444938 | S4: =TRUNC(S9,0) -> 14830383 | T4: =TRUNC(T9,0) -> 110073033 | U4: =TRUNC(U9,0) -> 15225924 | V4: =M4+P4 -> 0 | W4: =N4+Q4 -> 140129340 | X4: =IFERROR(W4/$F4,0) -> 0.1444938 | AB4: A00 | CC4: 1143751560 | CE4: 659615040 | CG4: 434748520 | CI4: 49388000
A5: 1. 식재공 | C5: 식 | D5: 1 | E5: =G5+I5+K5 -> 477770857 | F5: =H5+J5+L5 -> 477770857 | G5: =H14 -> 226137202 | H5: =TRUNC(G5*D5,0) -> 226137202 | I5: =J14 -> 221230528 | J5: =TRUNC(I5*D5,0) -> 221230528 | K5: =L14 -> 30403127 | L5: =TRUNC(K5*D5,0) -> 30403127 | O5: =IFERROR(N5/$F5,0) -> 0 | Q5: =SUM(S5:U5) -> 95721258 | R5: =IFERROR(Q5/$F5,0) -> 0.20034972 | S5: =S14 -> 9136631 | T5: =T14 -> 75690614 | U5: =U14 -> 10894013 | V5: =M5+P5 -> 0 | W5: =N5+Q5 -> 95721258 | X5: =IFERROR(W5/$F5,0) -> 0.20034972 | AC5: 10 | AD5: * | AE5: A01 | BV5: =HYPERLINK("#내역서!A14","A01 →") -> A01 → | CB5: 543080398 | CC5: 543080398 | CD5: 266195980 | CE5: 266195980 | CF5: 243076433 | CG5: 243076433 | CH5: 33807985 | CI5: 33807985
A6: 2. 시설물공 | C6: 식 | D6: 1 | E6: =G6+I6+K6 -> 260326801 | F6: =H6+J6+L6 -> 260326801 | G6: =H256 -> 143156701 | H6: =TRUNC(G6*D6,0) -> 143156701 | I6: =J256 -> 109419239 | J6: =TRUNC(I6*D6,0) -> 109419239 | K6: =L256 -> 7750861 | L6: =TRUNC(K6*D6,0) -> 7750861 | O6: =IFERROR(N6/$F6,0) -> 0 | Q6: =SUM(S6:U6) -> 44408082 | R6: =IFERROR(Q6/$F6,0) -> 0.1705859 | S6: =S256 -> 5693752 | T6: =T256 -> 34382419 | U6: =U256 -> 4331911 | V6: =M6+P6 -> 0 | W6: =N6+Q6 -> 44408082 | X6: =IFERROR(W6/$F6,0) -> 0.1705859 | AC6: 20 | AD6: * | AE6: A02 | BV6: =HYPERLINK("#내역서!A184","A02 →") -> A02 → | CB6: 267265681 | CC6: 267265681 | CD6: 167713666 | CE6: 167713666 | CF6: 94165207 | CG6: 94165207 | CH6: 5386808 | CI6: 5386808
A7: 3. 포장공 | C7: 식 | D7: 1 | E7: =G7+I7+K7 -> 230056323 | F7: =H7+J7+L7 -> 230056323 | G7: =H297 -> 163387807 | H7: =TRUNC(G7*D7,0) -> 163387807 | I7: =J297 -> 61379788 | J7: =TRUNC(I7*D7,0) -> 61379788 | K7: =L297 -> 5288728 | L7: =TRUNC(K7*D7,0) -> 5288728 | O7: =IFERROR(N7/$F7,0) -> 0 | Q7: =SUM(S7:U7) -> 0 | R7: =IFERROR(Q7/$F7,0) -> 0 | S7: =S297 -> 0 | T7: =T297 -> 0 | U7: =U297 -> 0 | V7: =M7+P7 -> 0 | W7: =N7+Q7 -> 0 | X7: =IFERROR(W7/$F7,0) -> 0 | AC7: 60 | AD7: * | AE7: A03 | BV7: =HYPERLINK("#내역서!A211","A03 →") -> A03 → | CB7: 331495453 | CC7: 331495453 | CD7: 225705394 | CE7: 225705394 | CF7: 97506880 | CG7: 97506880 | CH7: 8283179 | CI7: 8283179
A8: 4. 부대공 | C8: 식 | D8: 1 | E8: =G8+I8+K8 -> 1640859 | F8: =H8+J8+L8 -> 1640859 | G8: =H312 -> 0 | H8: =TRUNC(G8*D8,0) -> 0 | I8: =J312 -> 0 | J8: =TRUNC(I8*D8,0) -> 0 | K8: =L312 -> 1640859 | L8: =TRUNC(K8*D8,0) -> 1640859 | O8: =IFERROR(N8/$F8,0) -> 0 | Q8: =SUM(S8:U8) -> 0 | R8: =IFERROR(Q8/$F8,0) -> 0 | S8: =S312 -> 0 | T8: =T312 -> 0 | U8: =U312 -> 0 | V8: =M8+P8 -> 0 | W8: =N8+Q8 -> 0 | X8: =IFERROR(W8/$F8,0) -> 0 | AC8: 70 | AD8: * | AE8: A04 | AN8: MA+ = | AO8: =(내역서!H5+내역서!H6+내역서!H7+내역서!H8) -> 532681710 | AP8: MA = | AQ8: =$AO8 -> 532681710 | BV8: =HYPERLINK("#내역서!A224","A04 →") -> A04 → | CB8: 1910028 | CC8: 1910028 | CD8: 0 | CE8: 0 | CF8: 0 | CG8: 0 | CH8: 1910028 | CI8: 1910028
A9: 직접공사비 | C9: 식 | D9: 1 | E9: =G9+I9+K9 -> 0 | F9: =H9+J9+L9 -> 969794840 | H9: =TRUNC((H5+H6+H7+H8),0) -> 532681710 | J9: =TRUNC((J5+J6+J7+J8),0) -> 392029555 | L9: =TRUNC((L5+L6+L7+L8),0) -> 45083575 | N9: =TRUNC((N5+N6+N7+N8),0) -> 0 | O9: =IFERROR(N9/$F9,0) -> 0 | Q9: =TRUNC((Q5+Q6+Q7+Q8),0) -> 140129340 | R9: =IFERROR(Q9/$F9,0) -> 0.1444938 | S9: =TRUNC((S5+S6+S7+S8),0) -> 14830383 | T9: =TRUNC((T5+T6+T7+T8),0) -> 110073033 | U9: =TRUNC((U5+U6+U7+U8),0) -> 15225924 | V9: =M9+P9 -> 0 | W9: =N9+Q9 -> 140129340 | X9: =IFERROR(W9/$F9,0) -> 0.1444938 | AC9: 205 | AE9: F | AK9: ma=ma(10,0,70)_x000D_ la=la(10,0,70)_x000D_ eq=eq(10,0,70) | AN9: LA+ = | AO9: =(내역서!J5+내역서!J6+내역서!J7+내역서!J8) -> 392029555 | AP9: LA = | AQ9: =$AO9 -> 392029555 | CB9: 0 | CC9: 1143751560 | CE9: 659615040 | CG9: 434748520 | CI9: 49388000
E10: =G10+I10+K10 -> 0 | F10: =H10+J10+L10 -> 0 | H10: 0 | J10: 0 | L10: 0 | O10: =IFERROR(N10/$F10,0) -> 0 | Q10: =SUM(S10:U10) -> 0 | R10: =IFERROR(Q10/$F10,0) -> 0 | V10: =M10+P10 -> 0 | W10: =N10+Q10 -> 0 | X10: =IFERROR(W10/$F10,0) -> 0 | AC10: 273 | AN10: EQ+ = | AO10: =(내역서!L5+내역서!L6+내역서!L7+내역서!L8) -> 45083575 | AP10: EQ = | AQ10: =$AO10 -> 45083575 | CB10: 0 | CC10: 0 | CE10: 0 | CG10: 0 | CI10: 0
A11: * 관급자재대(도급자관급) | C11: 식 | D11: 1 | E11: =G11+I11+K11 -> 185372000 | F11: =H11+J11+L11 -> 185372000 | G11: =H316 -> 184377307 | H11: =TRUNC(G11*D11,0) -> 184377307 | I11: =J316 -> 0 | J11: =TRUNC(I11*D11,0) -> 0 | K11: =L316 -> 994693 | L11: =TRUNC(K11*D11,0) -> 994693 | O11: =IFERROR(N11/$F11,0) -> 0 | Q11: =SUM(S11:U11) -> 0 | R11: =IFERROR(Q11/$F11,0) -> 0 | S11: =S316 -> 0 | T11: =T316 -> 0 | U11: =U316 -> 0 | V11: =M11+P11 -> 0 | W11: =N11+Q11 -> 0 | X11: =IFERROR(W11/$F11,0) -> 0 | AC11: 307 | AD11: * | AE11: C01 | BV11: =HYPERLINK("#내역서!A228","C01 →") -> C01 → | CB11: 234054000 | CC11: 234054000 | CD11: 232797050 | CE11: 232797050 | CF11: 0 | CG11: 0 | CH11: 1256950 | CI11: 1256950
A12: * 관급자재대(관급자관급) | C12: 식 | D12: 1 | E12: =G12+I12+K12 -> 98338000 | F12: =H12+J12+L12 -> 98338000 | G12: =H332 -> 97810000 | H12: =TRUNC(G12*D12,0) -> 97810000 | I12: =J332 -> 0 | J12: =TRUNC(I12*D12,0) -> 0 | K12: =L332 -> 528000 | L12: =TRUNC(K12*D12,0) -> 528000 | O12: =IFERROR(N12/$F12,0) -> 0 | Q12: =SUM(S12:U12) -> 0 | R12: =IFERROR(Q12/$F12,0) -> 0 | S12: =S332 -> 0 | T12: =T332 -> 0 | U12: =U332 -> 0 | V12: =M12+P12 -> 0 | W12: =N12+Q12 -> 0 | X12: =IFERROR(W12/$F12,0) -> 0 | AC12: 323 | AD12: * | AE12: C02 | BV12: =HYPERLINK("#내역서!A242","C02 →") -> C02 → | CB12: 150608000 | CC12: 150608000 | CD12: 149800000 | CE12: 149800000 | CF12: 0 | CG12: 0 | CH12: 808000 | CI12: 808000
E13: =G13+I13+K13 -> 0 | F13: =H13+J13+L13 -> 0 | H13: 0 | J13: 0 | L13: 0 | O13: =IFERROR(N13/$F13,0) -> 0 | Q13: =SUM(S13:U13) -> 0 | R13: =IFERROR(Q13/$F13,0) -> 0 | V13: =M13+P13 -> 0 | W13: =N13+Q13 -> 0 | X13: =IFERROR(W13/$F13,0) -> 0 | AC13: 340 | AD13: S | CB13: 0 | CC13: 0 | CE13: 0 | CG13: 0 | CI13: 0
A14: 1. 식재공 | C14: 식 | D14: 1 | F14: =H14+J14+L14 -> 477770857 | H14: =SUM(H15+H101+H206+H220+H235+H250) -> 226137202 | J14: =SUM(J15+J101+J206+J220+J235+J250) -> 221230528 | L14: =SUM(L15+L101+L206+L220+L235+L250) -> 30403127 | O14: =IFERROR(N14/$F14,0) -> 0 | Q14: =SUM(S14:U14) -> 95721258 | R14: =IFERROR(Q14/$F14,0) -> 0.20034972 | S14: =SUM(S15+S101+S206+S220+S235+S250) -> 9136631 | T14: =SUM(T15+T101+T206+T220+T235+T250) -> 75690614 | U14: =SUM(U15+U101+U206+U220+U235+U250) -> 10894013 | V14: =M14+P14 -> 0 | W14: =N14+Q14 -> 95721258 | X14: =IFERROR(W14/$F14,0) -> 0.20034972 | AB14: A01 | AM14: =H16+H18+H20+H21+H22+H23+H24+H25+H26+H27+H29+H30+H31+H32+H34+H35+H36+H37+H38+H39+H40+H46+H49+H50+H51+H52+H53+H54+H55+H56+H57+H58+H59+H60+H62+H64+H65 -> 249497 | AN14: =J16+J18+J20+J21+J22+J23+J24+J25+J26+J27+J29+J30+J31+J32+J34+J35+J36+J37+J38+J39+J40+J46+J49+J50+J51+J52+J53+J54+J55+J56+J57+J58+J59+J60+J62+J64+J65 -> 14376913 | AO14: =L16+L18+L20+L21+L22+L23+L24+L25+L26+L27+L29+L30+L31+L32+L34+L35+L36+L37+L38+L39+L40+L46+L49+L50+L51+L52+L53+L54+L55+L56+L57+L58+L59+L60+L62+L64+L65 -> 82252 | CC14: 543080398 | CE14: 266195980 | CG14: 243076433 | CI14: 33807985
A15: .1)수목제거공사 | E15: =G15+I15+K15 -> 0 | F15: =H15+J15+L15 -> 35153353 | H15: =SUM(H16:H99) -> 702995 | J15: =SUM(J16:J99) -> 33799710 | L15: =SUM(L16:L99) -> 650648 | O15: =IFERROR(N15/$F15,0) -> 0 | Q15: =SUM(S15:U15) -> 34629535 | R15: =IFERROR(Q15/$F15,0) -> 0.98509906 | S15: =SUM(S16:S99) -> 696460 | T15: =SUM(T16:T99) -> 33285357 | U15: =SUM(U16:U99) -> 647718 | V15: =M15+P15 -> 0 | W15: =N15+Q15 -> 34629535 | X15: =IFERROR(W15/$F15,0) -> 0.98509906 | AC15: 5 | AM15: =H66+H70+H77+H78+H79+H81+H82+#REF!+H88+H90+H102+H103+H104+H105+H106+H108+H109+H110+H111+H112+H113+H114+H115+H116+H117+H118+H119+H120+H121+H122+H123+H124+H125+H126+H127+H128+H129 -> #REF! | AN15: =J66+J70+J77+J78+J79+J81+J82+#REF!+J88+J90+J102+J103+J104+J105+J106+J108+J109+J110+J111+J112+J113+J114+J115+J116+J117+J118+J119+J120+J121+J122+J123+J124+J125+J126+J127+J128+J129 -> #REF! | AO15: =L66+L70+L77+L78+L79+L81+L82+#REF!+L88+L90+L102+L103+L104+L105+L106+L108+L109+L110+L111+L112+L113+L114+L115+L116+L117+L118+L119+L120+L121+L122+L123+L124+L125+L126+L127+L128+L129 -> #REF! | AP15: =H16+H18+H20+H21+H22+H23+H24+H25+H26+H27+H29+H30+H31+H32+H34+H35+H36+H37+H38+H39+H40+H46+H49+H50+H51+H52+H53+H54+H55+H56+H57+H58+H59+H60+H62+H64+H65 -> 249497 | AQ15: =J16+J18+J20+J21+J22+J23+J24+J25+J26+J27+J29+J30+J31+J32+J34+J35+J36+J37+J38+J39+J40+J46+J49+J50+J51+J52+J53+J54+J55+J56+J57+J58+J59+J60+J62+J64+J65 -> 14376913 | AR15: =L16+L18+L20+L21+L22+L23+L24+L25+L26+L27+L29+L30+L31+L32+L34+L35+L36+L37+L38+L39+L40+L46+L49+L50+L51+L52+L53+L54+L55+L56+L57+L58+L59+L60+L62+L64+L65 -> 82252 | CB15: 0 | CC15: 12809658 | CE15: 213560 | CG15: 12520920 | CI15: 75178
A16: ..소나무 제거 | B16: H8.0xW3.0xR8 | C16: 주 | D16: 3 | E16: =G16+I16+K16 -> 9854 | F16: =H16+J16+L16 -> 29562 | G16: 102 | H16: =TRUNC(G16*D16,0) -> 306 | I16: 9722 | J16: =TRUNC(I16*D16,0) -> 29166 | K16: 30 | L16: =TRUNC(K16*D16,0) -> 90 | O16: =IFERROR(N16/$F16,0) -> 0 | P16: =D16 -> 3 | Q16: =SUM(S16:U16) -> 29562 | R16: =IFERROR(Q16/$F16,0) -> 1 | S16: =TRUNC(G16*$P16,0) -> 306 | T16: =TRUNC(I16*$P16,0) -> 29166 | U16: =TRUNC(K16*$P16,0) -> 90 | V16: =M16+P16 -> 3 | W16: =N16+Q16 -> 29562 | X16: =IFERROR(W16/$F16,0) -> 1 | AA16: =E16-#REF! -> #REF! | AC16: 10 | AE16: HX0020 | AG16: T | AM16: =H130+H131+H134+H142+H143+H144+H145+H146+H147+H148+H149+H150+H151+H152+H153+H154+H155+H158+H163+H164+H165+H170+H171+H172+H173+H174+H175+H176+H177+H178+H179 -> 3367835 | AN16: =J130+J131+J134+J142+J143+J144+J145+J146+J147+J148+J149+J150+J151+J152+J153+J154+J155+J158+J163+J164+J165+J170+J171+J172+J173+J174+J175+J176+J177+J178+J179 -> 18262212 | AO16: =L130+L131+L134+L142+L143+L144+L145+L146+L147+L148+L149+L150+L151+L152+L153+L154+L155+L158+L163+L164+L165+L170+L171+L172+L173+L174+L175+L176+L177+L178+L179 -> 4273561 | AP16: =H66+H70+H77+H78+H79+H81+H82+#REF!+H88+H90 -> #REF! | AQ16: =J66+J70+J77+J78+J79+J81+J82+#REF!+J88+J90 -> #REF! | AR16: =L66+L70+L77+L78+L79+L81+L82+#REF!+L88+L90 -> #REF! | BV16: =HYPERLINK("#일위대가목록!A9","HX0020 →") -> HX0020 → | CB16: 11468 | CC16: 34404 | CD16: 119 | CE16: 357 | CF16: 11314 | CG16: 33942 | CH16: 35 | CI16: 105 | CJ16: No.1
A17: ..소나무 제거 | B17: H5.0xW3.0xR20 | C17: 주 | D17: 3 | E17: =G17+I17+K17 -> 51119 | F17: =H17+J17+L17 -> 153357 | G17: 799 | H17: =TRUNC(G17*D17,0) -> 2397 | I17: 50063 | J17: =TRUNC(I17*D17,0) -> 150189 | K17: 257 | L17: =TRUNC(K17*D17,0) -> 771 | O17: =IFERROR(N17/$F17,0) -> 0 | P17: =D17 -> 3 | Q17: =SUM(S17:U17) -> 153357 | R17: =IFERROR(Q17/$F17,0) -> 1 | S17: =TRUNC(G17*$P17,0) -> 2397 | T17: =TRUNC(I17*$P17,0) -> 150189 | U17: =TRUNC(K17*$P17,0) -> 771 | V17: =M17+P17 -> 3 | W17: =N17+Q17 -> 153357 | X17: =IFERROR(W17/$F17,0) -> 1 | AA17: =E17-#REF! -> #REF! | AC17: 20 | AE17: HX0021 | AG17: T | AM17: =H179+H180+H181+H182+H183+H185+H186+H191+H192+H199+H200+H201+H206+H207+H208+H209+H210+H211+H212+H213+H214+H215+H216+H217+H218+H220+H221+H222+H223+H224 -> 204768025 | AN17: =J179+J180+J181+J182+J183+J185+J186+J191+J192+J199+J200+J201+J206+J207+J208+J209+J210+J211+J212+J213+J214+J215+J216+J217+J218+J220+J221+J222+J223+J224 -> 79858195 | AO17: =L179+L180+L181+L182+L183+L185+L186+L191+L192+L199+L200+L201+L206+L207+L208+L209+L210+L211+L212+L213+L214+L215+L216+L217+L218+L220+L221+L222+L223+L224 -> 4888309 | BV17: =HYPERLINK("#일위대가목록!A10","HX0021 →") -> HX0021 → | CB17: 91691 | CC17: 91691 | CD17: 1614 | CE17: 1614 | CF17: 89527 | CG17: 89527 | CH17: 550 | CI17: 550 | CJ17: No.2
A18: ..소나무 제거 | B18: H5.0xW3.0xR25 | C18: 주 | D18: 1 | E18: =G18+I18+K18 -> 78794 | F18: =H18+J18+L18 -> 78794 | G18: 1387 | H18: =TRUNC(G18*D18,0) -> 1387 | I18: 76935 | J18: =TRUNC(I18*D18,0) -> 76935 | K18: 472 | L18: =TRUNC(K18*D18,0) -> 472 | O18: =IFERROR(N18/$F18,0) -> 0 | P18: =D18 -> 1 | Q18: =SUM(S18:U18) -> 78794 | R18: =IFERROR(Q18/$F18,0) -> 1 | S18: =TRUNC(G18*$P18,0) -> 1387 | T18: =TRUNC(I18*$P18,0) -> 76935 | U18: =TRUNC(K18*$P18,0) -> 472 | V18: =M18+P18 -> 1 | W18: =N18+Q18 -> 78794 | X18: =IFERROR(W18/$F18,0) -> 1 | AA18: =E18-#REF! -> #REF! | AC18: 20 | AE18: HX0021 | AG18: T | AM18: =H180+H181+H182+H183+H185+H186+H191+H192+H199+H200+H201+H202+H207+H208+H209+H210+H211+H212+H213+H214+H215+H216+H217+H218+H219+H221+H222+H223+H224+H225 -> 94483169 | AN18: =J180+J181+J182+J183+J185+J186+J191+J192+J199+J200+J201+J202+J207+J208+J209+J210+J211+J212+J213+J214+J215+J216+J217+J218+J219+J221+J222+J223+J224+J225 -> 31889025 | AO18: =L180+L181+L182+L183+L185+L186+L191+L192+L199+L200+L201+L202+L207+L208+L209+L210+L211+L212+L213+L214+L215+L216+L217+L218+L219+L221+L222+L223+L224+L225 -> 2792988 | BV18: =HYPERLINK("#일위대가목록!A10","HX0021 →") -> HX0021 → | CB18: 91691 | CC18: 91691 | CD18: 1614 | CE18: 1614 | CF18: 89527 | CG18: 89527 | CH18: 550 | CI18: 550 | CJ18: No.2
A19: ..소나무 제거 | B19: H7.0xW3.5xR32 | C19: 주 | D19: 1 | E19: =G19+I19+K19 -> 163535 | F19: =H19+J19+L19 -> 163535 | G19: 3068 | H19: =TRUNC(G19*D19,0) -> 3068 | I19: 159502 | J19: =TRUNC(I19*D19,0) -> 159502 | K19: 965 | L19: =TRUNC(K19*D19,0) -> 965 | O19: =IFERROR(N19/$F19,0) -> 0 | P19: =D19 -> 1 | Q19: =SUM(S19:U19) -> 163535 | R19: =IFERROR(Q19/$F19,0) -> 1 | S19: =TRUNC(G19*$P19,0) -> 3068 | T19: =TRUNC(I19*$P19,0) -> 159502 | U19: =TRUNC(K19*$P19,0) -> 965 | V19: =M19+P19 -> 1 | W19: =N19+Q19 -> 163535 | X19: =IFERROR(W19/$F19,0) -> 1 | AA19: =E19-#REF! -> #REF! | AC19: 500 | AE19: HX0055 | AG19: T | BV19: =HYPERLINK("#일위대가목록!A44","HX0055 →") -> HX0055 → | CB19: 190302 | CC19: 190302 | CD19: 3571 | CE19: 3571 | CF19: 185607 | CG19: 185607 | CH19: 1124 | CI19: 1124 | CJ19: No.36
A20: ..스트로브잣나무 제거 | B20: H10.0xR30 | C20: 주 | D20: 15 | E20: =G20+I20+K20 -> 146977 | F20: =H20+J20+L20 -> 2204655 | G20: 2667 | H20: =TRUNC(G20*D20,0) -> 40005 | I20: 143492 | J20: =TRUNC(I20*D20,0) -> 2152380 | K20: 818 | L20: =TRUNC(K20*D20,0) -> 12270 | O20: =IFERROR(N20/$F20,0) -> 0 | P20: =D20 -> 15 | Q20: =SUM(S20:U20) -> 2204655 | R20: =IFERROR(Q20/$F20,0) -> 1 | S20: =TRUNC(G20*$P20,0) -> 40005 | T20: =TRUNC(I20*$P20,0) -> 2152380 | U20: =TRUNC(K20*$P20,0) -> 12270 | V20: =M20+P20 -> 15 | W20: =N20+Q20 -> 2204655 | X20: =IFERROR(W20/$F20,0) -> 1 | AA20: =E20-#REF! -> #REF! | AC20: 30 | AE20: HX0022 | AG20: T | AM20: =H226+H227+H228+H229+H230+H231+H232+H233+H234+H236+H237+H238+H239+H240+H241+H242+H243+H244+H245+H246+H247+H248+H249+H251+H252+H253+H254 -> 112549125 | AN20: =J226+J227+J228+J229+J230+J231+J232+J233+J234+J236+J237+J238+J239+J240+J241+J242+J243+J244+J245+J246+J247+J248+J249+J251+J252+J253+J254 -> 47910404 | AO20: =L226+L227+L228+L229+L230+L231+L232+L233+L234+L236+L237+L238+L239+L240+L241+L242+L243+L244+L245+L246+L247+L248+L249+L251+L252+L253+L254 -> 0 | BV20: =HYPERLINK("#일위대가목록!A11","HX0022 →") -> HX0022 → | CB20: 171033 | CC20: 342066 | CD20: 3104 | CE20: 6208 | CF20: 166977 | CG20: 333954 | CH20: 952 | CI20: 1904 | CJ20: No.3
A21: ..스트로브잣나무 제거 | B21: H8.0xR18 | C21: 주 | D21: 17 | E21: =G21+I21+K21 -> 42303 | F21: =H21+J21+L21 -> 719151 | G21: 640 | H21: =TRUNC(G21*D21,0) -> 10880 | I21: 41457 | J21: =TRUNC(I21*D21,0) -> 704769 | K21: 206 | L21: =TRUNC(K21*D21,0) -> 3502 | O21: =IFERROR(N21/$F21,0) -> 0 | P21: =D21 -> 17 | Q21: =SUM(S21:U21) -> 719151 | R21: =IFERROR(Q21/$F21,0) -> 1 | S21: =TRUNC(G21*$P21,0) -> 10880 | T21: =TRUNC(I21*$P21,0) -> 704769 | U21: =TRUNC(K21*$P21,0) -> 3502 | V21: =M21+P21 -> 17 | W21: =N21+Q21 -> 719151 | X21: =IFERROR(W21/$F21,0) -> 1 | AA21: =E21-#REF! -> #REF! | AC21: 40 | AE21: HX0023 | AG21: T | BV21: =HYPERLINK("#일위대가목록!A12","HX0023 →") -> HX0023 → | CB21: 49228 | CC21: 886104 | CD21: 745 | CE21: 13410 | CF21: 48243 | CG21: 868374 | CH21: 240 | CI21: 4320 | CJ21: No.4
A22: ..스트로브잣나무 제거 | B22: H7.0xR24 | C22: 주 | D22: 25 | E22: =G22+I22+K22 -> 78644 | F22: =H22+J22+L22 -> 1966100 | G22: 1360 | H22: =TRUNC(G22*D22,0) -> 34000 | I22: 76846 | J22: =TRUNC(I22*D22,0) -> 1921150 | K22: 438 | L22: =TRUNC(K22*D22,0) -> 10950 | O22: =IFERROR(N22/$F22,0) -> 0 | P22: =D22 -> 25 | Q22: =SUM(S22:U22) -> 1966100 | R22: =IFERROR(Q22/$F22,0) -> 1 | S22: =TRUNC(G22*$P22,0) -> 34000 | T22: =TRUNC(I22*$P22,0) -> 1921150 | U22: =TRUNC(K22*$P22,0) -> 10950 | V22: =M22+P22 -> 25 | W22: =N22+Q22 -> 1966100 | X22: =IFERROR(W22/$F22,0) -> 1 | AA22: =E22-#REF! -> #REF! | AC22: 50 | AE22: HX0024 | AG22: T | BV22: =HYPERLINK("#일위대가목록!A13","HX0024 →") -> HX0024 → | CB22: 91516 | CC22: 640612 | CD22: 1583 | CE22: 11081 | CF22: 89423 | CG22: 625961 | CH22: 510 | CI22: 3570 | CJ22: No.5
A23: ..스트로브잣나무 제거 | B23: H7.0xR22 | C23: 주 | D23: 12 | E23: =G23+I23+K23 -> 51321 | F23: =H23+J23+L23 -> 615852 | G23: 835 | H23: =TRUNC(G23*D23,0) -> 10020 | I23: 50182 | J23: =TRUNC(I23*D23,0) -> 602184 | K23: 304 | L23: =TRUNC(K23*D23,0) -> 3648 | O23: =IFERROR(N23/$F23,0) -> 0 | P23: =D23 -> 12 | Q23: =SUM(S23:U23) -> 615852 | R23: =IFERROR(Q23/$F23,0) -> 1 | S23: =TRUNC(G23*$P23,0) -> 10020 | T23: =TRUNC(I23*$P23,0) -> 602184 | U23: =TRUNC(K23*$P23,0) -> 3648 | V23: =M23+P23 -> 12 | W23: =N23+Q23 -> 615852 | X23: =IFERROR(W23/$F23,0) -> 1 | AA23: =E23-#REF! -> #REF! | AC23: 60 | AE23: HX0025 | AG23: T | BV23: =HYPERLINK("#일위대가목록!A14","HX0025 →") -> HX0025 → | CB23: 59722 | CC23: 716664 | CD23: 972 | CE23: 11664 | CF23: 58396 | CG23: 700752 | CH23: 354 | CI23: 4248 | CJ23: No.6
A24: ..스트로브잣나무 제거 | B24: H7.0xR20 | C24: 주 | D24: 21 | E24: =G24+I24+K24 -> 51119 | F24: =H24+J24+L24 -> 1073499 | G24: 799 | H24: =TRUNC(G24*D24,0) -> 16779 | I24: 50063 | J24: =TRUNC(I24*D24,0) -> 1051323 | K24: 257 | L24: =TRUNC(K24*D24,0) -> 5397 | O24: =IFERROR(N24/$F24,0) -> 0 | P24: =D24 -> 21 | Q24: =SUM(S24:U24) -> 1073499 | R24: =IFERROR(Q24/$F24,0) -> 1 | S24: =TRUNC(G24*$P24,0) -> 16779 | T24: =TRUNC(I24*$P24,0) -> 1051323 | U24: =TRUNC(K24*$P24,0) -> 5397 | V24: =M24+P24 -> 21 | W24: =N24+Q24 -> 1073499 | X24: =IFERROR(W24/$F24,0) -> 1 | AA24: =E24-#REF! -> #REF! | AC24: 80 | AE24: HX0026 | AG24: T | BV24: =HYPERLINK("#일위대가목록!A15","HX0026 →") -> HX0026 → | CB24: 59487 | CC24: 237948 | CD24: 930 | CE24: 3720 | CF24: 58257 | CG24: 233028 | CH24: 300 | CI24: 1200 | CJ24: No.7
A25: ..스트로브잣나무 제거 | B25: H7.0xR15 | C25: 주 | D25: 31 | E25: =G25+I25+K25 -> 30359 | F25: =H25+J25+L25 -> 941129 | G25: 421 | H25: =TRUNC(G25*D25,0) -> 13051 | I25: 29805 | J25: =TRUNC(I25*D25,0) -> 923955 | K25: 133 | L25: =TRUNC(K25*D25,0) -> 4123 | O25: =IFERROR(N25/$F25,0) -> 0 | P25: =D25 -> 31 | Q25: =SUM(S25:U25) -> 941129 | R25: =IFERROR(Q25/$F25,0) -> 1 | S25: =TRUNC(G25*$P25,0) -> 13051 | T25: =TRUNC(I25*$P25,0) -> 923955 | U25: =TRUNC(K25*$P25,0) -> 4123 | V25: =M25+P25 -> 31 | W25: =N25+Q25 -> 941129 | X25: =IFERROR(W25/$F25,0) -> 1 | AA25: =E25-#REF! -> #REF! | AC25: 100 | AE25: HX0027 | AG25: T | BV25: =HYPERLINK("#일위대가목록!A16","HX0027 →") -> HX0027 → | CB25: 35329 | CC25: 529935 | CD25: 490 | CE25: 7350 | CF25: 34684 | CG25: 520260 | CH25: 155 | CI25: 2325 | CJ25: No.8
A26: ..스트로브잣나무 제거 | B26: H6.0xR18 | C26: 주 | D26: 0 | O26: =IFERROR(N26/$F26,0) -> 0 | P26: =D26 -> 0 | Q26: =SUM(S26:U26) -> 0 | R26: =IFERROR(Q26/$F26,0) -> 0 | S26: =TRUNC(G26*$P26,0) -> 0 | T26: =TRUNC(I26*$P26,0) -> 0 | U26: =TRUNC(K26*$P26,0) -> 0 | V26: =M26+P26 -> 0 | W26: =N26+Q26 -> 0 | X26: =IFERROR(W26/$F26,0) -> 0 | AA26: =E26-#REF! -> #REF! | AC26: 110 | AE26: HX0028 | AG26: T | BV26: =HYPERLINK("#일위대가목록!A17","HX0028 →") -> HX0028 → | CB26: 49228 | CC26: 1624524 | CD26: 745 | CE26: 24585 | CF26: 48243 | CG26: 1592019 | CH26: 240 | CI26: 7920 | CJ26: No.9
A27: ..스트로브잣나무 제거 | B27: H4.0xR15 | C27: 주 | O27: =IFERROR(N27/$F27,0) -> 0 | P27: =D27 -> 0 | Q27: =SUM(S27:U27) -> 0 | R27: =IFERROR(Q27/$F27,0) -> 0 | S27: =TRUNC(G27*$P27,0) -> 0 | T27: =TRUNC(I27*$P27,0) -> 0 | U27: =TRUNC(K27*$P27,0) -> 0 | V27: =M27+P27 -> 0 | W27: =N27+Q27 -> 0 | X27: =IFERROR(W27/$F27,0) -> 0 | AA27: =E27-#REF! -> #REF! | AC27: 120 | AE27: HX0029 | AG27: T | BV27: =HYPERLINK("#일위대가목록!A18","HX0029 →") -> HX0029 → | CB27: 35329 | CC27: 388619 | CD27: 490 | CE27: 5390 | CF27: 34684 | CG27: 381524 | CH27: 155 | CI27: 1705 | CJ27: No.10
A28: ..스트로브잣나무 제거 | B28: H4.0xR12 | C28: 주 | D28: 22 | E28: =G28+I28+K28 -> 24608 | F28: =H28+J28+L28 -> 541376 | G28: 302 | H28: =TRUNC(G28*D28,0) -> 6644 | I28: 24216 | J28: =TRUNC(I28*D28,0) -> 532752 | K28: 90 | L28: =TRUNC(K28*D28,0) -> 1980 | O28: =IFERROR(N28/$F28,0) -> 0 | P28: =D28 -> 22 | Q28: =SUM(S28:U28) -> 541376 | R28: =IFERROR(Q28/$F28,0) -> 1 | S28: =TRUNC(G28*$P28,0) -> 6644 | T28: =TRUNC(I28*$P28,0) -> 532752 | U28: =TRUNC(K28*$P28,0) -> 1980 | V28: =M28+P28 -> 22 | W28: =N28+Q28 -> 541376 | X28: =IFERROR(W28/$F28,0) -> 1 | AA28: =E28-#REF! -> #REF! | AC28: 120 | AE28: HX0029 | AG28: T | BV28: =HYPERLINK("#일위대가목록!A18","HX0029 →") -> HX0029 → | CB28: 35329 | CC28: 388619 | CD28: 490 | CE28: 5390 | CF28: 34684 | CG28: 381524 | CH28: 155 | CI28: 1705 | CJ28: No.10
A29: ..전나무 제거 | B29: H7.0xW2.0 | C29: 주 | D29: 0 | E29: =G29+I29+K29 -> 0 | F29: =H29+J29+L29 -> 0 | O29: =IFERROR(N29/$F29,0) -> 0 | P29: =D29 -> 0 | Q29: =SUM(S29:U29) -> 0 | R29: =IFERROR(Q29/$F29,0) -> 0 | S29: =TRUNC(G29*$P29,0) -> 0 | T29: =TRUNC(I29*$P29,0) -> 0 | U29: =TRUNC(K29*$P29,0) -> 0 | V29: =M29+P29 -> 0 | W29: =N29+Q29 -> 0 | X29: =IFERROR(W29/$F29,0) -> 0 | AA29: =E29-#REF! -> #REF! | AC29: 130 | AE29: HX0030 | AG29: T | BV29: =HYPERLINK("#일위대가목록!A19","HX0030 →") -> HX0030 → | CB29: 16038 | CC29: 64152 | CD29: 941 | CE29: 3764 | CF29: 14018 | CG29: 56072 | CH29: 1079 | CI29: 4316 | CJ29: No.11
A30: ..전나무 제거 | B30: H7.0xR18 | C30: 주 | D30: 16 | E30: =G30+I30+K30 -> 42303 | F30: =H30+J30+L30 -> 676848 | G30: 640 | H30: =TRUNC(G30*D30,0) -> 10240 | I30: 41457 | J30: =TRUNC(I30*D30,0) -> 663312 | K30: 206 | L30: =TRUNC(K30*D30,0) -> 3296 | O30: =IFERROR(N30/$F30,0) -> 0 | P30: =D30 -> 16 | Q30: =SUM(S30:U30) -> 676848 | R30: =IFERROR(Q30/$F30,0) -> 1 | S30: =TRUNC(G30*$P30,0) -> 10240 | T30: =TRUNC(I30*$P30,0) -> 663312 | U30: =TRUNC(K30*$P30,0) -> 3296 | V30: =M30+P30 -> 16 | W30: =N30+Q30 -> 676848 | X30: =IFERROR(W30/$F30,0) -> 1 | AA30: =E30-#REF! -> #REF! | AC30: 140 | AE30: HX0031 | AG30: T | BV30: =HYPERLINK("#일위대가목록!A20","HX0031 →") -> HX0031 → | CB30: 49228 | CC30: 492280 | CD30: 745 | CE30: 7450 | CF30: 48243 | CG30: 482430 | CH30: 240 | CI30: 2400 | CJ30: No.12
A31: ..전나무 제거 | B31: H5.5xW3.0 | C31: 주 | E31: =G31+I31+K31 -> 0 | F31: =H31+J31+L31 -> 0 | L31: =TRUNC(K31*D31,0) -> 0 | O31: =IFERROR(N31/$F31,0) -> 0 | P31: =D31 -> 0 | Q31: =SUM(S31:U31) -> 0 | R31: =IFERROR(Q31/$F31,0) -> 0 | S31: =TRUNC(G31*$P31,0) -> 0 | T31: =TRUNC(I31*$P31,0) -> 0 | U31: =TRUNC(K31*$P31,0) -> 0 | V31: =M31+P31 -> 0 | W31: =N31+Q31 -> 0 | X31: =IFERROR(W31/$F31,0) -> 0 | AA31: =E31-#REF! -> #REF! | AC31: 150 | AE31: HX0032 | AG31: T | BV31: =HYPERLINK("#일위대가목록!A21","HX0032 →") -> HX0032 → | CB31: 37556 | CC31: 112668 | CD31: 891 | CE31: 2673 | CF31: 36001 | CG31: 108003 | CH31: 664 | CI31: 1992 | CJ31: No.13
A32: ..전나무 제거 | B32: H5.0xR20 | C32: 주 | D32: 7 | E32: =G32+I32+K32 -> 51119 | F32: =H32+J32+L32 -> 357833 | G32: 799 | H32: =TRUNC(G32*D32,0) -> 5593 | I32: 50063 | J32: =TRUNC(I32*D32,0) -> 350441 | K32: 257 | L32: =TRUNC(K32*D32,0) -> 1799 | O32: =IFERROR(N32/$F32,0) -> 0 | P32: =D32 -> 7 | Q32: =SUM(S32:U32) -> 357833 | R32: =IFERROR(Q32/$F32,0) -> 1 | S32: =TRUNC(G32*$P32,0) -> 5593 | T32: =TRUNC(I32*$P32,0) -> 350441 | U32: =TRUNC(K32*$P32,0) -> 1799 | V32: =M32+P32 -> 7 | W32: =N32+Q32 -> 357833 | X32: =IFERROR(W32/$F32,0) -> 1 | AA32: =E32-#REF! -> #REF! | AC32: 170 | AE32: HX0033 | AG32: T | BV32: =HYPERLINK("#일위대가목록!A22","HX0033 →") -> HX0033 → | CB32: 59487 | CC32: 178461 | CD32: 930 | CE32: 2790 | CF32: 58257 | CG32: 174771 | CH32: 300 | CI32: 900 | CJ32: No.14
A33: ..전나무 제거 | B33: H7.0xR26 | C33: 주 | D33: 6 | E33: =G33+I33+K33 -> 103445 | F33: =H33+J33+L33 -> 620670 | G33: 1814 | H33: =TRUNC(G33*D33,0) -> 10884 | I33: 101053 | J33: =TRUNC(I33*D33,0) -> 606318 | K33: 578 | L33: =TRUNC(K33*D33,0) -> 3468 | O33: =IFERROR(N33/$F33,0) -> 0 | P33: =D33 -> 6 | Q33: =SUM(S33:U33) -> 620670 | R33: =IFERROR(Q33/$F33,0) -> 1 | S33: =TRUNC(G33*$P33,0) -> 10884 | T33: =TRUNC(I33*$P33,0) -> 606318 | U33: =TRUNC(K33*$P33,0) -> 3468 | V33: =M33+P33 -> 6 | W33: =N33+Q33 -> 620670 | X33: =IFERROR(W33/$F33,0) -> 1 | AA33: =E33-#REF! -> #REF! | AC33: 170 | AE33: HX0033 | AG33: T | BV33: =HYPERLINK("#일위대가목록!A22","HX0033 →") -> HX0033 → | CB33: 59487 | CC33: 178461 | CD33: 930 | CE33: 2790 | CF33: 58257 | CG33: 174771 | CH33: 300 | CI33: 900 | CJ33: No.14
A34: ..전나무 제거 | B34: H3.5xW1.8 | C34: 주 | D34: 7 | E34: =G34+I34+K34 -> 24759 | F34: =H34+J34+L34 -> 173313 | G34: 329 | H34: =TRUNC(G34*D34,0) -> 2303 | I34: 24306 | J34: =TRUNC(I34*D34,0) -> 170142 | K34: 124 | L34: =TRUNC(K34*D34,0) -> 868 | O34: =IFERROR(N34/$F34,0) -> 0 | P34: =D34 -> 7 | Q34: =SUM(S34:U34) -> 173313 | R34: =IFERROR(Q34/$F34,0) -> 1 | S34: =TRUNC(G34*$P34,0) -> 2303 | T34: =TRUNC(I34*$P34,0) -> 170142 | U34: =TRUNC(K34*$P34,0) -> 868 | V34: =M34+P34 -> 7 | W34: =N34+Q34 -> 173313 | X34: =IFERROR(W34/$F34,0) -> 1 | AA34: =E34-#REF! -> #REF! | AC34: 190 | AE34: HX0034 | AG34: T | BV34: =HYPERLINK("#일위대가목록!A23","HX0034 →") -> HX0034 → | CB34: 28813 | CC34: 172878 | CD34: 384 | CE34: 2304 | CF34: 28284 | CG34: 169704 | CH34: 145 | CI34: 870 | CJ34: No.15
A35: ..전나무 제거 | B35: H3.0xW1.5 | C35: 주 | D35: 13 | E35: =G35+I35+K35 -> 19115 | F35: =H35+J35+L35 -> 248495 | G35: 213 | H35: =TRUNC(G35*D35,0) -> 2769 | I35: 18830 | J35: =TRUNC(I35*D35,0) -> 244790 | K35: 72 | L35: =TRUNC(K35*D35,0) -> 936 | O35: =IFERROR(N35/$F35,0) -> 0 | P35: =D35 -> 13 | Q35: =SUM(S35:U35) -> 248495 | R35: =IFERROR(Q35/$F35,0) -> 1 | S35: =TRUNC(G35*$P35,0) -> 2769 | T35: =TRUNC(I35*$P35,0) -> 244790 | U35: =TRUNC(K35*$P35,0) -> 936 | V35: =M35+P35 -> 13 | W35: =N35+Q35 -> 248495 | X35: =IFERROR(W35/$F35,0) -> 1 | AA35: =E35-#REF! -> #REF! | AC35: 210 | AE35: HX0035 | AG35: T | BV35: =HYPERLINK("#일위대가목록!A24","HX0035 →") -> HX0035 → | CB35: 22244 | CC35: 244684 | CD35: 248 | CE35: 2728 | CF35: 21912 | CG35: 241032 | CH35: 84 | CI35: 924 | CJ35: No.16
A36: ..주목 제거 | B36: H2.5xW2.0 | C36: 주 | D36: 3 | E36: =G36+I36+K36 -> 19013 | F36: =H36+J36+L36 -> 57039 | G36: 195 | H36: =TRUNC(G36*D36,0) -> 585 | I36: 18770 | J36: =TRUNC(I36*D36,0) -> 56310 | K36: 48 | L36: =TRUNC(K36*D36,0) -> 144 | O36: =IFERROR(N36/$F36,0) -> 0 | P36: =D36 -> 3 | Q36: =SUM(S36:U36) -> 57039 | R36: =IFERROR(Q36/$F36,0) -> 1 | S36: =TRUNC(G36*$P36,0) -> 585 | T36: =TRUNC(I36*$P36,0) -> 56310 | U36: =TRUNC(K36*$P36,0) -> 144 | V36: =M36+P36 -> 3 | W36: =N36+Q36 -> 57039 | X36: =IFERROR(W36/$F36,0) -> 1 | AA36: =E36-#REF! -> #REF! | AC36: 230 | AE36: HX0036 | AG36: T | BV36: =HYPERLINK("#일위대가목록!A25","HX0036 →") -> HX0036 → | CB36: 22126 | CC36: 66378 | CD36: 227 | CE36: 681 | CF36: 21842 | CG36: 65526 | CH36: 57 | CI36: 171 | CJ36: No.17
A37: ..주목 제거 | B37: H2.5xW1.2 | C37: 주 | D37: 2 | E37: =G37+I37+K37 -> 9854 | F37: =H37+J37+L37 -> 19708 | G37: 102 | H37: =TRUNC(G37*D37,0) -> 204 | I37: 9722 | J37: =TRUNC(I37*D37,0) -> 19444 | K37: 30 | L37: =TRUNC(K37*D37,0) -> 60 | O37: =IFERROR(N37/$F37,0) -> 0 | P37: =D37 -> 2 | Q37: =SUM(S37:U37) -> 19708 | R37: =IFERROR(Q37/$F37,0) -> 1 | S37: =TRUNC(G37*$P37,0) -> 204 | T37: =TRUNC(I37*$P37,0) -> 19444 | U37: =TRUNC(K37*$P37,0) -> 60 | V37: =M37+P37 -> 2 | W37: =N37+Q37 -> 19708 | X37: =IFERROR(W37/$F37,0) -> 1 | AA37: =E37-#REF! -> #REF! | AC37: 250 | AE37: HX0037 | AG37: T | BV37: =HYPERLINK("#일위대가목록!A26","HX0037 →") -> HX0037 → | CB37: 11468 | CC37: 22936 | CD37: 119 | CE37: 238 | CF37: 11314 | CG37: 22628 | CH37: 35 | CI37: 70 | CJ37: No.18
A38: ..소나무묘목 제거 | B38: H0.8xR3 | C38: 주 | D38: 100 | E38: =G38+I38+K38 -> 622 | F38: =H38+J38+L38 -> 62200 | G38: 8 | H38: =TRUNC(G38*D38,0) -> 800 | I38: 603 | J38: =TRUNC(I38*D38,0) -> 60300 | K38: 11 | L38: =TRUNC(K38*D38,0) -> 1100 | O38: =IFERROR(N38/$F38,0) -> 0 | Q38: =SUM(S38:U38) -> 0 | R38: =IFERROR(Q38/$F38,0) -> 0 | S38: =TRUNC(G38*$P38,0) -> 0 | T38: =TRUNC(I38*$P38,0) -> 0 | U38: =TRUNC(K38*$P38,0) -> 0 | V38: =M38+P38 -> 0 | W38: =N38+Q38 -> 0 | X38: =IFERROR(W38/$F38,0) -> 0 | AA38: =E38-#REF! -> #REF! | AC38: 270 | AE38: HX0038 | AG38: T | BV38: =HYPERLINK("#일위대가목록!A27","HX0038 →") -> HX0038 → | CB38: 725 | CC38: 72500 | CD38: 10 | CE38: 1000 | CF38: 702 | CG38: 70200 | CH38: 13 | CI38: 1300 | CJ38: No.19
A39: ..가중나무 제거 | B39: H3.5xB6 | C39: 주 | D39: 9 | E39: =G39+I39+K39 -> 9854 | F39: =H39+J39+L39 -> 88686 | G39: 102 | H39: =TRUNC(G39*D39,0) -> 918 | I39: 9722 | J39: =TRUNC(I39*D39,0) -> 87498 | K39: 30 | L39: =TRUNC(K39*D39,0) -> 270 | O39: =IFERROR(N39/$F39,0) -> 0 | Q39: =SUM(S39:U39) -> 0 | R39: =IFERROR(Q39/$F39,0) -> 0 | S39: =TRUNC(G39*$P39,0) -> 0 | T39: =TRUNC(I39*$P39,0) -> 0 | U39: =TRUNC(K39*$P39,0) -> 0 | V39: =M39+P39 -> 0 | W39: =N39+Q39 -> 0 | X39: =IFERROR(W39/$F39,0) -> 0 | AA39: =E39-#REF! -> #REF! | AC39: 330 | AE39: HX0039 | AG39: T | BV39: =HYPERLINK("#일위대가목록!A28","HX0039 →") -> HX0039 → | CB39: 11468 | CC39: 103212 | CD39: 119 | CE39: 1071 | CF39: 11314 | CG39: 101826 | CH39: 35 | CI39: 315 | CJ39: No.20
A40: ..감나무 제거 | B40: H2.0xR4 | C40: 주 | D40: 2 | E40: =G40+I40+K40 -> 6926 | F40: =H40+J40+L40 -> 13852 | G40: 57 | H40: =TRUNC(G40*D40,0) -> 114 | I40: 6849 | J40: =TRUNC(I40*D40,0) -> 13698 | K40: 20 | L40: =TRUNC(K40*D40,0) -> 40 | O40: =IFERROR(N40/$F40,0) -> 0 | Q40: =SUM(S40:U40) -> 0 | R40: =IFERROR(Q40/$F40,0) -> 0 | S40: =TRUNC(G40*$P40,0) -> 0 | T40: =TRUNC(I40*$P40,0) -> 0 | U40: =TRUNC(K40*$P40,0) -> 0 | V40: =M40+P40 -> 0 | W40: =N40+Q40 -> 0 | X40: =IFERROR(W40/$F40,0) -> 0 | AA40: =E40-#REF! -> #REF! | AC40: 350 | AE40: HX0040 | AG40: T | BV40: =HYPERLINK("#일위대가목록!A29","HX0040 →") -> HX0040 → | CB40: 8062 | CC40: 16124 | CD40: 67 | CE40: 134 | CF40: 7971 | CG40: 15942 | CH40: 24 | CI40: 48 | CJ40: No.21
A41: ..계수나무 제거 | B41: H6.0xR18 | C41: 주 | D41: 2 | E41: =G41+I41+K41 -> 42303 | F41: =H41+J41+L41 -> 84606 | G41: 640 | H41: =TRUNC(G41*D41,0) -> 1280 | I41: 41457 | J41: =TRUNC(I41*D41,0) -> 82914 | K41: 206 | L41: =TRUNC(K41*D41,0) -> 412 | O41: =IFERROR(N41/$F41,0) -> 0 | P41: =D41 -> 2 | Q41: =SUM(S41:U41) -> 84606 | R41: =IFERROR(Q41/$F41,0) -> 1 | S41: =TRUNC(G41*$P41,0) -> 1280 | T41: =TRUNC(I41*$P41,0) -> 82914 | U41: =TRUNC(K41*$P41,0) -> 412 | V41: =M41+P41 -> 2 | W41: =N41+Q41 -> 84606 | X41: =IFERROR(W41/$F41,0) -> 1 | AA41: =E41-#REF! -> #REF! | AC41: 140 | AE41: HX0031 | AG41: T | BV41: =HYPERLINK("#일위대가목록!A20","HX0031 →") -> HX0031 → | CB41: 49228 | CC41: 492280 | CD41: 745 | CE41: 7450 | CF41: 48243 | CG41: 482430 | CH41: 240 | CI41: 2400 | CJ41: No.12
A42: ..느티나무 제거 | B42: H8.0xR36 | C42: 주 | D42: 1 | E42: =G42+I42+K42 -> 164241 | F42: =H42+J42+L42 -> 164241 | G42: 3195 | H42: =TRUNC(G42*D42,0) -> 3195 | I42: 159919 | J42: =TRUNC(I42*D42,0) -> 159919 | K42: 1127 | L42: =TRUNC(K42*D42,0) -> 1127 | O42: =IFERROR(N42/$F42,0) -> 0 | P42: =D42 -> 1 | Q42: =SUM(S42:U42) -> 164241 | R42: =IFERROR(Q42/$F42,0) -> 1 | S42: =TRUNC(G42*$P42,0) -> 3195 | T42: =TRUNC(I42*$P42,0) -> 159919 | U42: =TRUNC(K42*$P42,0) -> 1127 | V42: =M42+P42 -> 1 | W42: =N42+Q42 -> 164241 | X42: =IFERROR(W42/$F42,0) -> 1 | AA42: =E42-#REF! -> #REF! | AC42: 410 | AE42: HX0046 | AG42: T | BV42: =HYPERLINK("#일위대가목록!A35","HX0046 →") -> HX0046 → | CB42: 191123 | CC42: 191123 | CD42: 3719 | CE42: 3719 | CF42: 186092 | CG42: 186092 | CH42: 1312 | CI42: 1312 | CJ42: No.27
A43: ..느티나무 제거 | B43: H7.0xR30 | C43: 주 | D43: 2 | E43: =G43+I43+K43 -> 146977 | F43: =H43+J43+L43 -> 293954 | G43: 2667 | H43: =TRUNC(G43*D43,0) -> 5334 | I43: 143492 | J43: =TRUNC(I43*D43,0) -> 286984 | K43: 818 | L43: =TRUNC(K43*D43,0) -> 1636 | O43: =IFERROR(N43/$F43,0) -> 0 | P43: =D43 -> 2 | Q43: =SUM(S43:U43) -> 293954 | R43: =IFERROR(Q43/$F43,0) -> 1 | S43: =TRUNC(G43*$P43,0) -> 5334 | T43: =TRUNC(I43*$P43,0) -> 286984 | U43: =TRUNC(K43*$P43,0) -> 1636 | V43: =M43+P43 -> 2 | W43: =N43+Q43 -> 293954 | X43: =IFERROR(W43/$F43,0) -> 1 | AA43: =E43-#REF! -> #REF! | AC43: 410 | AE43: HX0046 | AG43: T | BV43: =HYPERLINK("#일위대가목록!A35","HX0046 →") -> HX0046 → | CB43: 191123 | CC43: 191123 | CD43: 3719 | CE43: 3719 | CF43: 186092 | CG43: 186092 | CH43: 1312 | CI43: 1312 | CJ43: No.27
A44: ..느티나무 제거 | B44: H5.5xR24 | C44: 주 | D44: 2 | E44: =G44+I44+K44 -> 78644 | F44: =H44+J44+L44 -> 157288 | G44: 1360 | H44: =TRUNC(G44*D44,0) -> 2720 | I44: 76846 | J44: =TRUNC(I44*D44,0) -> 153692 | K44: 438 | L44: =TRUNC(K44*D44,0) -> 876 | O44: =IFERROR(N44/$F44,0) -> 0 | P44: =D44 -> 2 | Q44: =SUM(S44:U44) -> 157288 | R44: =IFERROR(Q44/$F44,0) -> 1 | S44: =TRUNC(G44*$P44,0) -> 2720 | T44: =TRUNC(I44*$P44,0) -> 153692 | U44: =TRUNC(K44*$P44,0) -> 876 | V44: =M44+P44 -> 2 | W44: =N44+Q44 -> 157288 | X44: =IFERROR(W44/$F44,0) -> 1 | AA44: =E44-#REF! -> #REF! | AC44: 410 | AE44: HX0046 | AG44: T | BV44: =HYPERLINK("#일위대가목록!A35","HX0046 →") -> HX0046 → | CB44: 191123 | CC44: 191123 | CD44: 3719 | CE44: 3719 | CF44: 186092 | CG44: 186092 | CH44: 1312 | CI44: 1312 | CJ44: No.27
A45: ..단풍나무 제거 | B45: H8.0xR16 | C45: 주 | D45: 6 | E45: =G45+I45+K45 -> 42203 | F45: =H45+J45+L45 -> 253218 | G45: 622 | H45: =TRUNC(G45*D45,0) -> 3732 | I45: 41398 | J45: =TRUNC(I45*D45,0) -> 248388 | K45: 183 | L45: =TRUNC(K45*D45,0) -> 1098 | O45: =IFERROR(N45/$F45,0) -> 0 | P45: =D45 -> 6 | Q45: =SUM(S45:U45) -> 253218 | R45: =IFERROR(Q45/$F45,0) -> 1 | S45: =TRUNC(G45*$P45,0) -> 3732 | T45: =TRUNC(I45*$P45,0) -> 248388 | U45: =TRUNC(K45*$P45,0) -> 1098 | V45: =M45+P45 -> 6 | W45: =N45+Q45 -> 253218 | X45: =IFERROR(W45/$F45,0) -> 1 | AA45: =E45-#REF! -> #REF! | AC45: 440 | AE45: HX0049 | AG45: T | BV45: =HYPERLINK("#일위대가목록!A38","HX0049 →") -> HX0049 → | CB45: 49111 | CC45: 245555 | CD45: 724 | CE45: 3620 | CF45: 48174 | CG45: 240870 | CH45: 213 | CI45: 1065 | CJ45: No.30
A46: ..단풍나무 제거 | B46: H5.0xR20 | C46: 주 | D46: 10 | E46: =G46+I46+K46 -> 51119 | F46: =H46+J46+L46 -> 511190 | G46: 799 | H46: =TRUNC(G46*D46,0) -> 7990 | I46: 50063 | J46: =TRUNC(I46*D46,0) -> 500630 | K46: 257 | L46: =TRUNC(K46*D46,0) -> 2570 | O46: =IFERROR(N46/$F46,0) -> 0 | P46: 7 | Q46: =SUM(S46:U46) -> 357833 | R46: =IFERROR(Q46/$F46,0) -> 0.7 | S46: =TRUNC(G46*$P46,0) -> 5593 | T46: =TRUNC(I46*$P46,0) -> 350441 | U46: =TRUNC(K46*$P46,0) -> 1799 | V46: =M46+P46 -> 7 | W46: =N46+Q46 -> 357833 | X46: =IFERROR(W46/$F46,0) -> 0.7 | AA46: =E46-#REF! -> #REF! | AC46: 360 | AE46: HX0041 | AG46: T | BV46: =HYPERLINK("#일위대가목록!A30","HX0041 →") -> HX0041 → | CB46: 59487 | CC46: 178461 | CD46: 930 | CE46: 2790 | CF46: 58257 | CG46: 174771 | CH46: 300 | CI46: 900 | CJ46: No.22
A47: ..단풍나무 제거 | B47: H5.0xR25 | C47: 주 | D47: 1 | E47: =G47+I47+K47 -> 78794 | F47: =H47+J47+L47 -> 78794 | G47: 1387 | H47: =TRUNC(G47*D47,0) -> 1387 | I47: 76935 | J47: =TRUNC(I47*D47,0) -> 76935 | K47: 472 | L47: =TRUNC(K47*D47,0) -> 472 | O47: =IFERROR(N47/$F47,0) -> 0 | P47: =D47 -> 1 | Q47: =SUM(S47:U47) -> 78794 | R47: =IFERROR(Q47/$F47,0) -> 1 | S47: =TRUNC(G47*$P47,0) -> 1387 | T47: =TRUNC(I47*$P47,0) -> 76935 | U47: =TRUNC(K47*$P47,0) -> 472 | V47: =M47+P47 -> 1 | W47: =N47+Q47 -> 78794 | X47: =IFERROR(W47/$F47,0) -> 1 | AA47: =E47-#REF! -> #REF! | AC47: 360 | AE47: HX0041 | AG47: T | BV47: =HYPERLINK("#일위대가목록!A30","HX0041 →") -> HX0041 → | CB47: 59487 | CC47: 178461 | CD47: 930 | CE47: 2790 | CF47: 58257 | CG47: 174771 | CH47: 300 | CI47: 900 | CJ47: No.22
A48: ..단풍나무 제거 | B48: H5.0xR30 | C48: 주 | D48: 1 | E48: =G48+I48+K48 -> 146977 | F48: =H48+J48+L48 -> 146977 | G48: 2667 | H48: =TRUNC(G48*D48,0) -> 2667 | I48: 143492 | J48: =TRUNC(I48*D48,0) -> 143492 | K48: 818 | L48: =TRUNC(K48*D48,0) -> 818 | O48: =IFERROR(N48/$F48,0) -> 0 | P48: =D48 -> 1 | Q48: =SUM(S48:U48) -> 146977 | R48: =IFERROR(Q48/$F48,0) -> 1 | S48: =TRUNC(G48*$P48,0) -> 2667 | T48: =TRUNC(I48*$P48,0) -> 143492 | U48: =TRUNC(K48*$P48,0) -> 818 | V48: =M48+P48 -> 1 | W48: =N48+Q48 -> 146977 | X48: =IFERROR(W48/$F48,0) -> 1 | AA48: =E48-#REF! -> #REF! | AC48: 360 | AE48: HX0041 | AG48: T | BV48: =HYPERLINK("#일위대가목록!A30","HX0041 →") -> HX0041 → | CB48: 59487 | CC48: 178461 | CD48: 930 | CE48: 2790 | CF48: 58257 | CG48: 174771 | CH48: 300 | CI48: 900 | CJ48: No.22
A49: ..당단풍나무 제거 | B49: H3.0xR13 | C49: 주 | D49: 1 | E49: =G49+I49+K49 -> 24608 | F49: =H49+J49+L49 -> 24608 | G49: 302 | H49: =TRUNC(G49*D49,0) -> 302 | I49: 24216 | J49: =TRUNC(I49*D49,0) -> 24216 | K49: 90 | L49: =TRUNC(K49*D49,0) -> 90 | O49: =IFERROR(N49/$F49,0) -> 0 | Q49: =SUM(S49:U49) -> 0 | R49: =IFERROR(Q49/$F49,0) -> 0 | S49: =TRUNC(G49*$P49,0) -> 0 | T49: =TRUNC(I49*$P49,0) -> 0 | U49: =TRUNC(K49*$P49,0) -> 0 | V49: =M49+P49 -> 0 | W49: =N49+Q49 -> 0 | X49: =IFERROR(W49/$F49,0) -> 0 | AA49: =E49-#REF! -> #REF! | AC49: 370 | AE49: HX0042 | AG49: T | BV49: =HYPERLINK("#일위대가목록!A31","HX0042 →") -> HX0042 → | CB49: 28637 | CC49: 28637 | CD49: 352 | CE49: 352 | CF49: 28180 | CG49: 28180 | CH49: 105 | CI49: 105 | CJ49: No.23
A50: ..대추나무 제거 | B50: H2.0xR4 | C50: 주 | D50: 13 | E50: =G50+I50+K50 -> 6926 | F50: =H50+J50+L50 -> 90038 | G50: 57 | H50: =TRUNC(G50*D50,0) -> 741 | I50: 6849 | J50: =TRUNC(I50*D50,0) -> 89037 | K50: 20 | L50: =TRUNC(K50*D50,0) -> 260 | O50: =IFERROR(N50/$F50,0) -> 0 | Q50: =SUM(S50:U50) -> 0 | R50: =IFERROR(Q50/$F50,0) -> 0 | S50: =TRUNC(G50*$P50,0) -> 0 | T50: =TRUNC(I50*$P50,0) -> 0 | U50: =TRUNC(K50*$P50,0) -> 0 | V50: =M50+P50 -> 0 | W50: =N50+Q50 -> 0 | X50: =IFERROR(W50/$F50,0) -> 0 | AA50: =E50-#REF! -> #REF! | AC50: 380 | AE50: HX0043 | AG50: T | BV50: =HYPERLINK("#일위대가목록!A32","HX0043 →") -> HX0043 → | CB50: 8062 | CC50: 104806 | CD50: 67 | CE50: 871 | CF50: 7971 | CG50: 103623 | CH50: 24 | CI50: 312 | CJ50: No.24
A51: ..백목련 제거 | B51: H3.5xR15 | C51: 주 | D51: 4 | E51: =G51+I51+K51 -> 30359 | F51: =H51+J51+L51 -> 121436 | G51: 421 | H51: =TRUNC(G51*D51,0) -> 1684 | I51: 29805 | J51: =TRUNC(I51*D51,0) -> 119220 | K51: 133 | L51: =TRUNC(K51*D51,0) -> 532 | O51: =IFERROR(N51/$F51,0) -> 0 | P51: 1 | Q51: =SUM(S51:U51) -> 30359 | R51: =IFERROR(Q51/$F51,0) -> 0.25 | S51: =TRUNC(G51*$P51,0) -> 421 | T51: =TRUNC(I51*$P51,0) -> 29805 | U51: =TRUNC(K51*$P51,0) -> 133 | V51: =M51+P51 -> 1 | W51: =N51+Q51 -> 30359 | X51: =IFERROR(W51/$F51,0) -> 0.25 | AA51: =E51-#REF! -> #REF! | AC51: 390 | AE51: HX0044 | AG51: T | BV51: =HYPERLINK("#일위대가목록!A33","HX0044 →") -> HX0044 → | CB51: 35329 | CC51: 105987 | CD51: 490 | CE51: 1470 | CF51: 34684 | CG51: 104052 | CH51: 155 | CI51: 465 | CJ51: No.25
A52: ..버드나무 제거 | B52: H14.0xR69 | C52: 주 | D52: 1 | E52: =G52+I52+K52 -> 1399118 | F52: =H52+J52+L52 -> 1399118 | G52: 30197 | H52: =TRUNC(G52*D52,0) -> 30197 | I52: 1359297 | J52: =TRUNC(I52*D52,0) -> 1359297 | K52: 9624 | L52: =TRUNC(K52*D52,0) -> 9624 | O52: =IFERROR(N52/$F52,0) -> 0 | P52: =D52 -> 1 | Q52: =SUM(S52:U52) -> 1399118 | R52: =IFERROR(Q52/$F52,0) -> 1 | S52: =TRUNC(G52*$P52,0) -> 30197 | T52: =TRUNC(I52*$P52,0) -> 1359297 | U52: =TRUNC(K52*$P52,0) -> 9624 | V52: =M52+P52 -> 1 | W52: =N52+Q52 -> 1399118 | X52: =IFERROR(W52/$F52,0) -> 1 | AA52: =E52-#REF! -> #REF! | AC52: 400 | AE52: HX0045 | AG52: T | BV52: =HYPERLINK("#일위대가목록!A34","HX0045 →") -> HX0045 → | CB52: 1628103 | CC52: 1628103 | CD52: 35140 | CE52: 35140 | CF52: 1581763 | CG52: 1581763 | CH52: 11200 | CI52: 11200 | CJ52: No.26
A53: ..버드나무 제거 | B53: H13.0xR36 | C53: 주 | D53: 2 | E53: =G53+I53+K53 -> 164241 | F53: =H53+J53+L53 -> 328482 | G53: 3195 | H53: =TRUNC(G53*D53,0) -> 6390 | I53: 159919 | J53: =TRUNC(I53*D53,0) -> 319838 | K53: 1127 | L53: =TRUNC(K53*D53,0) -> 2254 | O53: =IFERROR(N53/$F53,0) -> 0 | P53: =D53 -> 2 | Q53: =SUM(S53:U53) -> 328482 | R53: =IFERROR(Q53/$F53,0) -> 1 | S53: =TRUNC(G53*$P53,0) -> 6390 | T53: =TRUNC(I53*$P53,0) -> 319838 | U53: =TRUNC(K53*$P53,0) -> 2254 | V53: =M53+P53 -> 2 | W53: =N53+Q53 -> 328482 | X53: =IFERROR(W53/$F53,0) -> 1 | AA53: =E53-#REF! -> #REF! | AC53: 410 | AE53: HX0046 | AG53: T | BV53: =HYPERLINK("#일위대가목록!A35","HX0046 →") -> HX0046 → | CB53: 191123 | CC53: 191123 | CD53: 3719 | CE53: 3719 | CF53: 186092 | CG53: 186092 | CH53: 1312 | CI53: 1312 | CJ53: No.27
A54: ..버드나무 제거 | B54: H12.0xR22 | C54: 주 | D54: 15 | E54: =G54+I54+K54 -> 51321 | F54: =H54+J54+L54 -> 769815 | G54: 835 | H54: =TRUNC(G54*D54,0) -> 12525 | I54: 50182 | J54: =TRUNC(I54*D54,0) -> 752730 | K54: 304 | L54: =TRUNC(K54*D54,0) -> 4560 | O54: =IFERROR(N54/$F54,0) -> 0 | P54: =D54 -> 15 | Q54: =SUM(S54:U54) -> 769815 | R54: =IFERROR(Q54/$F54,0) -> 1 | S54: =TRUNC(G54*$P54,0) -> 12525 | T54: =TRUNC(I54*$P54,0) -> 752730 | U54: =TRUNC(K54*$P54,0) -> 4560 | V54: =M54+P54 -> 15 | W54: =N54+Q54 -> 769815 | X54: =IFERROR(W54/$F54,0) -> 1 | AA54: =E54-#REF! -> #REF! | AC54: 420 | AE54: HX0047 | AG54: T | BV54: =HYPERLINK("#일위대가목록!A36","HX0047 →") -> HX0047 → | CB54: 59722 | CC54: 358332 | CD54: 972 | CE54: 5832 | CF54: 58396 | CG54: 350376 | CH54: 354 | CI54: 2124 | CJ54: No.28
A55: ..버드나무 제거 | B55: H10.0xR36 | C55: 주 | D55: 0 | E55: =G55+I55+K55 -> 0 | F55: =H55+J55+L55 -> 0 | L55: =TRUNC(K55*D55,0) -> 0 | O55: =IFERROR(N55/$F55,0) -> 0 | P55: =D55 -> 0 | Q55: =SUM(S55:U55) -> 0 | R55: =IFERROR(Q55/$F55,0) -> 0 | S55: =TRUNC(G55*$P55,0) -> 0 | T55: =TRUNC(I55*$P55,0) -> 0 | U55: =TRUNC(K55*$P55,0) -> 0 | V55: =M55+P55 -> 0 | W55: =N55+Q55 -> 0 | X55: =IFERROR(W55/$F55,0) -> 0 | AA55: =E55-#REF! -> #REF! | AC55: 430 | AE55: HX0048 | AG55: T | BV55: =HYPERLINK("#일위대가목록!A37","HX0048 →") -> HX0048 → | CB55: 191123 | CC55: 191123 | CD55: 3719 | CE55: 3719 | CF55: 186092 | CG55: 186092 | CH55: 1312 | CI55: 1312 | CJ55: No.29
A56: ..버드나무 제거 | B56: H8.0xR16 | C56: 주 | D56: 7 | E56: =G56+I56+K56 -> 42203 | F56: =H56+J56+L56 -> 295421 | G56: 622 | H56: =TRUNC(G56*D56,0) -> 4354 | I56: 41398 | J56: =TRUNC(I56*D56,0) -> 289786 | K56: 183 | L56: =TRUNC(K56*D56,0) -> 1281 | O56: =IFERROR(N56/$F56,0) -> 0 | P56: =D56 -> 7 | Q56: =SUM(S56:U56) -> 295421 | R56: =IFERROR(Q56/$F56,0) -> 1 | S56: =TRUNC(G56*$P56,0) -> 4354 | T56: =TRUNC(I56*$P56,0) -> 289786 | U56: =TRUNC(K56*$P56,0) -> 1281 | V56: =M56+P56 -> 7 | W56: =N56+Q56 -> 295421 | X56: =IFERROR(W56/$F56,0) -> 1 | AA56: =E56-#REF! -> #REF! | AC56: 440 | AE56: HX0049 | AG56: T | BV56: =HYPERLINK("#일위대가목록!A38","HX0049 →") -> HX0049 → | CB56: 49111 | CC56: 245555 | CD56: 724 | CE56: 3620 | CF56: 48174 | CG56: 240870 | CH56: 213 | CI56: 1065 | CJ56: No.30
A57: ..버드나무 제거 | B57: H7.0xR22 | C57: 주 | D57: 0 | E57: =G57+I57+K57 -> 0 | F57: =H57+J57+L57 -> 0 | L57: =TRUNC(K57*D57,0) -> 0 | O57: =IFERROR(N57/$F57,0) -> 0 | P57: =D57 -> 0 | Q57: =SUM(S57:U57) -> 0 | R57: =IFERROR(Q57/$F57,0) -> 0 | S57: =TRUNC(G57*$P57,0) -> 0 | T57: =TRUNC(I57*$P57,0) -> 0 | U57: =TRUNC(K57*$P57,0) -> 0 | V57: =M57+P57 -> 0 | W57: =N57+Q57 -> 0 | X57: =IFERROR(W57/$F57,0) -> 0 | AA57: =E57-#REF! -> #REF! | AC57: 450 | AE57: HX0050 | AG57: T | BV57: =HYPERLINK("#일위대가목록!A39","HX0050 →") -> HX0050 → | CB57: 59722 | CC57: 119444 | CD57: 972 | CE57: 1944 | CF57: 58396 | CG57: 116792 | CH57: 354 | CI57: 708 | CJ57: No.31
A58: ..버드나무 제거 | B58: H5.0xR10 | C58: 주 | D58: 5 | E58: =G58+I58+K58 -> 19115 | F58: =H58+J58+L58 -> 95575 | G58: 213 | H58: =TRUNC(G58*D58,0) -> 1065 | I58: 18830 | J58: =TRUNC(I58*D58,0) -> 94150 | K58: 72 | L58: =TRUNC(K58*D58,0) -> 360 | O58: =IFERROR(N58/$F58,0) -> 0 | P58: =D58 -> 5 | Q58: =SUM(S58:U58) -> 95575 | R58: =IFERROR(Q58/$F58,0) -> 1 | S58: =TRUNC(G58*$P58,0) -> 1065 | T58: =TRUNC(I58*$P58,0) -> 94150 | U58: =TRUNC(K58*$P58,0) -> 360 | V58: =M58+P58 -> 5 | W58: =N58+Q58 -> 95575 | X58: =IFERROR(W58/$F58,0) -> 1 | AA58: =E58-#REF! -> #REF! | AC58: 460 | AE58: HX0051 | AG58: T | BV58: =HYPERLINK("#일위대가목록!A40","HX0051 →") -> HX0051 → | CB58: 22244 | CC58: 200196 | CD58: 248 | CE58: 2232 | CF58: 21912 | CG58: 197208 | CH58: 84 | CI58: 756 | CJ58: No.32
A59: ..버드나무 제거 | B59: H14.0xW6.0xR44 | C59: 주 | D59: 5 | E59: =G59+I59+K59 -> 292133 | F59: =H59+J59+L59 -> 1460665 | G59: 5906 | H59: =TRUNC(G59*D59,0) -> 29530 | I59: 284195 | J59: =TRUNC(I59*D59,0) -> 1420975 | K59: 2032 | L59: =TRUNC(K59*D59,0) -> 10160 | O59: =IFERROR(N59/$F59,0) -> 0 | P59: =D59 -> 5 | Q59: =SUM(S59:U59) -> 1460665 | R59: =IFERROR(Q59/$F59,0) -> 1 | S59: =TRUNC(G59*$P59,0) -> 29530 | T59: =TRUNC(I59*$P59,0) -> 1420975 | U59: =TRUNC(K59*$P59,0) -> 10160 | V59: =M59+P59 -> 5 | W59: =N59+Q59 -> 1460665 | X59: =IFERROR(W59/$F59,0) -> 1 | AA59: =E59-#REF! -> #REF! | AC59: 470 | AE59: HX0052 | AG59: T | BV59: =HYPERLINK("#일위대가목록!A41","HX0052 →") -> HX0052 → | CB59: 339946 | CC59: 339946 | CD59: 6873 | CE59: 6873 | CF59: 330708 | CG59: 330708 | CH59: 2365 | CI59: 2365 | CJ59: No.33
A60: ..버드나무 제거 | B60: H5.0xW2.0xR10 | C60: 주 | D60: 0 | E60: =G60+I60+K60 -> 0 | F60: =H60+J60+L60 -> 0 | L60: =TRUNC(K60*D60,0) -> 0 | O60: =IFERROR(N60/$F60,0) -> 0 | P60: =D60 -> 0 | Q60: =SUM(S60:U60) -> 0 | R60: =IFERROR(Q60/$F60,0) -> 0 | S60: =TRUNC(G60*$P60,0) -> 0 | T60: =TRUNC(I60*$P60,0) -> 0 | U60: =TRUNC(K60*$P60,0) -> 0 | V60: =M60+P60 -> 0 | W60: =N60+Q60 -> 0 | X60: =IFERROR(W60/$F60,0) -> 0 | AA60: =E60-#REF! -> #REF! | AC60: 480 | AE60: HX0053 | AG60: T | BV60: =HYPERLINK("#일위대가목록!A42","HX0053 →") -> HX0053 → | CB60: 22244 | CC60: 111220 | CD60: 248 | CE60: 1240 | CF60: 21912 | CG60: 109560 | CH60: 84 | CI60: 420 | CJ60: No.34
A61: ..버드나무 제거 | B61: H12.0xR26 | C61: 주 | D61: 14 | E61: =G61+I61+K61 -> 103445 | F61: =H61+J61+L61 -> 1448230 | G61: 1814 | H61: =TRUNC(G61*D61,0) -> 25396 | I61: 101053 | J61: =TRUNC(I61*D61,0) -> 1414742 | K61: 578 | L61: =TRUNC(K61*D61,0) -> 8092 | O61: =IFERROR(N61/$F61,0) -> 0 | P61: =D61 -> 14 | Q61: =SUM(S61:U61) -> 1448230 | R61: =IFERROR(Q61/$F61,0) -> 1 | S61: =TRUNC(G61*$P61,0) -> 25396 | T61: =TRUNC(I61*$P61,0) -> 1414742 | U61: =TRUNC(K61*$P61,0) -> 8092 | V61: =M61+P61 -> 14 | W61: =N61+Q61 -> 1448230 | X61: =IFERROR(W61/$F61,0) -> 1 | AC61: 30 | AE61: HX0022 | AG61: T | AM61: =H260+H261+H262+H263+H264+H269+H270+H278+H279+H283+H284+H285+H286+H287+H288+H289+H290+H291+H292+H293+H294+H296+H297+H299+H300+H301+H302 -> 266541229 | AN61: =J260+J261+J262+J263+J264+J269+J270+J278+J279+J283+J284+J285+J286+J287+J288+J289+J290+J291+J292+J293+J294+J296+J297+J299+J300+J301+J302 -> 118728719 | AO61: =L260+L261+L262+L263+L264+L269+L270+L278+L279+L283+L284+L285+L286+L287+L288+L289+L290+L291+L292+L293+L294+L296+L297+L299+L300+L301+L302 -> 9329975 | BV61: =HYPERLINK("#일위대가목록!A11","HX0022 →") -> HX0022 → | CB61: 171033 | CC61: 342066 | CD61: 3104 | CE61: 6208 | CF61: 166977 | CG61: 333954 | CH61: 952 | CI61: 1904 | CJ61: No.3
A62: ..산수유 제거 | B62: H3.0xR12 | C62: 주 | D62: 2 | E62: =G62+I62+K62 -> 24608 | F62: =H62+J62+L62 -> 49216 | G62: 302 | H62: =TRUNC(G62*D62,0) -> 604 | I62: 24216 | J62: =TRUNC(I62*D62,0) -> 48432 | K62: 90 | L62: =TRUNC(K62*D62,0) -> 180 | O62: =IFERROR(N62/$F62,0) -> 0 | P62: =D62 -> 2 | Q62: =SUM(S62:U62) -> 49216 | R62: =IFERROR(Q62/$F62,0) -> 1 | S62: =TRUNC(G62*$P62,0) -> 604 | T62: =TRUNC(I62*$P62,0) -> 48432 | U62: =TRUNC(K62*$P62,0) -> 180 | V62: =M62+P62 -> 2 | W62: =N62+Q62 -> 49216 | X62: =IFERROR(W62/$F62,0) -> 1 | AA62: =E62-#REF! -> #REF! | AC62: 490 | AE62: HX0054 | AG62: T | BV62: =HYPERLINK("#일위대가목록!A43","HX0054 →") -> HX0054 → | CB62: 28637 | CC62: 28637 | CD62: 352 | CE62: 352 | CF62: 28180 | CG62: 28180 | CH62: 105 | CI62: 105 | CJ62: No.35
A63: ..산수유 제거 | B63: H5.0xR20 | C63: 주 | D63: 4 | E63: =G63+I63+K63 -> 51119 | F63: =H63+J63+L63 -> 204476 | G63: 799 | H63: =TRUNC(G63*D63,0) -> 3196 | I63: 50063 | J63: =TRUNC(I63*D63,0) -> 200252 | K63: 257 | L63: =TRUNC(K63*D63,0) -> 1028 | O63: =IFERROR(N63/$F63,0) -> 0 | P63: =D63 -> 4 | Q63: =SUM(S63:U63) -> 204476 | R63: =IFERROR(Q63/$F63,0) -> 1 | S63: =TRUNC(G63*$P63,0) -> 3196 | T63: =TRUNC(I63*$P63,0) -> 200252 | U63: =TRUNC(K63*$P63,0) -> 1028 | V63: =M63+P63 -> 4 | W63: =N63+Q63 -> 204476 | X63: =IFERROR(W63/$F63,0) -> 1 | AA63: =E63-#REF! -> #REF! | AC63: 360 | AE63: HX0041 | AG63: T | BV63: =HYPERLINK("#일위대가목록!A30","HX0041 →") -> HX0041 → | CB63: 59487 | CC63: 178461 | CD63: 930 | CE63: 2790 | CF63: 58257 | CG63: 174771 | CH63: 300 | CI63: 900 | CJ63: No.22
A64: ..신갈나무 제거 | B64: H13.0xW6.0xR32 | C64: 주 | D64: 0 | E64: =G64+I64+K64 -> 0 | F64: =H64+J64+L64 -> 0 | L64: =TRUNC(K64*D64,0) -> 0 | O64: =IFERROR(N64/$F64,0) -> 0 | P64: =D64 -> 0 | Q64: =SUM(S64:U64) -> 0 | R64: =IFERROR(Q64/$F64,0) -> 0 | S64: =TRUNC(G64*$P64,0) -> 0 | T64: =TRUNC(I64*$P64,0) -> 0 | U64: =TRUNC(K64*$P64,0) -> 0 | V64: =M64+P64 -> 0 | W64: =N64+Q64 -> 0 | X64: =IFERROR(W64/$F64,0) -> 0 | AA64: =E64-#REF! -> #REF! | AC64: 500 | AE64: HX0055 | AG64: T | BV64: =HYPERLINK("#일위대가목록!A44","HX0055 →") -> HX0055 → | CB64: 190302 | CC64: 190302 | CD64: 3571 | CE64: 3571 | CF64: 185607 | CG64: 185607 | CH64: 1124 | CI64: 1124 | CJ64: No.36
A65: ..아까시나무 제거 | B65: H7.0xR25 | C65: 주 | D65: 3 | E65: =G65+I65+K65 -> 78794 | F65: =H65+J65+L65 -> 236382 | G65: 1387 | H65: =TRUNC(G65*D65,0) -> 4161 | I65: 76935 | J65: =TRUNC(I65*D65,0) -> 230805 | K65: 472 | L65: =TRUNC(K65*D65,0) -> 1416 | O65: =IFERROR(N65/$F65,0) -> 0 | P65: =D65 -> 3 | Q65: =SUM(S65:U65) -> 236382 | R65: =IFERROR(Q65/$F65,0) -> 1 | S65: =TRUNC(G65*$P65,0) -> 4161 | T65: =TRUNC(I65*$P65,0) -> 230805 | U65: =TRUNC(K65*$P65,0) -> 1416 | V65: =M65+P65 -> 3 | W65: =N65+Q65 -> 236382 | X65: =IFERROR(W65/$F65,0) -> 1 | AA65: =E65-#REF! -> #REF! | AC65: 510 | AE65: HX0056 | AG65: T | BV65: =HYPERLINK("#일위대가목록!A45","HX0056 →") -> HX0056 → | CB65: 91691 | CC65: 183382 | CD65: 1614 | CE65: 3228 | CF65: 89527 | CG65: 179054 | CH65: 550 | CI65: 1100 | CJ65: No.37
A66: ..아까시나무 제거 | B66: H7.0xR10 | C66: 주 | D66: 16 | E66: =G66+I66+K66 -> 19115 | F66: =H66+J66+L66 -> 305840 | G66: 213 | H66: =TRUNC(G66*D66,0) -> 3408 | I66: 18830 | J66: =TRUNC(I66*D66,0) -> 301280 | K66: 72 | L66: =TRUNC(K66*D66,0) -> 1152 | O66: =IFERROR(N66/$F66,0) -> 0 | P66: =D66 -> 16 | Q66: =SUM(S66:U66) -> 305840 | R66: =IFERROR(Q66/$F66,0) -> 1 | S66: =TRUNC(G66*$P66,0) -> 3408 | T66: =TRUNC(I66*$P66,0) -> 301280 | U66: =TRUNC(K66*$P66,0) -> 1152 | V66: =M66+P66 -> 16 | W66: =N66+Q66 -> 305840 | X66: =IFERROR(W66/$F66,0) -> 1 | AA66: =E66-#REF! -> #REF! | AC66: 520 | AE66: HX0057 | AG66: T | BV66: =HYPERLINK("#일위대가목록!A46","HX0057 →") -> HX0057 → | CB66: 22244 | CC66: 88976 | CD66: 248 | CE66: 992 | CF66: 21912 | CG66: 87648 | CH66: 84 | CI66: 336 | CJ66: No.38
A67: ..아까시아 제거 | B67: H8.0xR15 | C67: 주 | D67: 16 | E67: =G67+I67+K67 -> 30359 | F67: =H67+J67+L67 -> 485744 | G67: 421 | H67: =TRUNC(G67*D67,0) -> 6736 | I67: 29805 | J67: =TRUNC(I67*D67,0) -> 476880 | K67: 133 | L67: =TRUNC(K67*D67,0) -> 2128 | O67: =IFERROR(N67/$F67,0) -> 0 | P67: =D67 -> 16 | Q67: =SUM(S67:U67) -> 485744 | R67: =IFERROR(Q67/$F67,0) -> 1 | S67: =TRUNC(G67*$P67,0) -> 6736 | T67: =TRUNC(I67*$P67,0) -> 476880 | U67: =TRUNC(K67*$P67,0) -> 2128 | V67: =M67+P67 -> 16 | W67: =N67+Q67 -> 485744 | X67: =IFERROR(W67/$F67,0) -> 1 | AA67: =E67-#REF! -> #REF! | AC67: 140 | AE67: HX0031 | AG67: T | BV67: =HYPERLINK("#일위대가목록!A20","HX0031 →") -> HX0031 → | CB67: 49228 | CC67: 492280 | CD67: 745 | CE67: 7450 | CF67: 48243 | CG67: 482430 | CH67: 240 | CI67: 2400 | CJ67: No.12
A68: ..아까시아 제거 | B68: H8.0xR20 | C68: 주 | D68: 11 | E68: =G68+I68+K68 -> 51119 | F68: =H68+J68+L68 -> 562309 | G68: 799 | H68: =TRUNC(G68*D68,0) -> 8789 | I68: 50063 | J68: =TRUNC(I68*D68,0) -> 550693 | K68: 257 | L68: =TRUNC(K68*D68,0) -> 2827 | O68: =IFERROR(N68/$F68,0) -> 0 | P68: =D68 -> 11 | Q68: =SUM(S68:U68) -> 562309 | R68: =IFERROR(Q68/$F68,0) -> 1 | S68: =TRUNC(G68*$P68,0) -> 8789 | T68: =TRUNC(I68*$P68,0) -> 550693 | U68: =TRUNC(K68*$P68,0) -> 2827 | V68: =M68+P68 -> 11 | W68: =N68+Q68 -> 562309 | X68: =IFERROR(W68/$F68,0) -> 1 | AA68: =E68-#REF! -> #REF! | AC68: 140 | AE68: HX0031 | AG68: T | BV68: =HYPERLINK("#일위대가목록!A20","HX0031 →") -> HX0031 → | CB68: 49228 | CC68: 492280 | CD68: 745 | CE68: 7450 | CF68: 48243 | CG68: 482430 | CH68: 240 | CI68: 2400 | CJ68: No.12
A69: ..아까시아 제거 | B69: H10.0xR30 | C69: 주 | D69: 5 | E69: =G69+I69+K69 -> 146977 | F69: =H69+J69+L69 -> 734885 | G69: 2667 | H69: =TRUNC(G69*D69,0) -> 13335 | I69: 143492 | J69: =TRUNC(I69*D69,0) -> 717460 | K69: 818 | L69: =TRUNC(K69*D69,0) -> 4090 | O69: =IFERROR(N69/$F69,0) -> 0 | P69: =D69 -> 5 | Q69: =SUM(S69:U69) -> 734885 | R69: =IFERROR(Q69/$F69,0) -> 1 | S69: =TRUNC(G69*$P69,0) -> 13335 | T69: =TRUNC(I69*$P69,0) -> 717460 | U69: =TRUNC(K69*$P69,0) -> 4090 | V69: =M69+P69 -> 5 | W69: =N69+Q69 -> 734885 | X69: =IFERROR(W69/$F69,0) -> 1 | AA69: =E69-#REF! -> #REF! | AC69: 30 | AE69: HX0022 | AG69: T | AM69: =H278+H279+H281+H283+H284+H285+H286+H287+H288+H290+H291+H292+H293+H294+H296+H297+H298+H299+H300+H301+H302+H303+H304+H306+H309+H310+H311 -> 393369066 | AN69: =J278+J279+J281+J283+J284+J285+J286+J287+J288+J290+J291+J292+J293+J294+J296+J297+J298+J299+J300+J301+J302+J303+J304+J306+J309+J310+J311 -> 150968099 | AO69: =L278+L279+L281+L283+L284+L285+L286+L287+L288+L290+L291+L292+L293+L294+L296+L297+L298+L299+L300+L301+L302+L303+L304+L306+L309+L310+L311 -> 11508280 | BV69: =HYPERLINK("#일위대가목록!A11","HX0022 →") -> HX0022 → | CB69: 171033 | CC69: 342066 | CD69: 3104 | CE69: 6208 | CF69: 166977 | CG69: 333954 | CH69: 952 | CI69: 1904 | CJ69: No.3
A70: ..왕벚나무 제거 | B70: H5.0xR15 | C70: 주 | D70: 11 | E70: =G70+I70+K70 -> 30359 | F70: =H70+J70+L70 -> 333949 | G70: 421 | H70: =TRUNC(G70*D70,0) -> 4631 | I70: 29805 | J70: =TRUNC(I70*D70,0) -> 327855 | K70: 133 | L70: =TRUNC(K70*D70,0) -> 1463 | O70: =IFERROR(N70/$F70,0) -> 0 | P70: =D70 -> 11 | Q70: =SUM(S70:U70) -> 333949 | R70: =IFERROR(Q70/$F70,0) -> 1 | S70: =TRUNC(G70*$P70,0) -> 4631 | T70: =TRUNC(I70*$P70,0) -> 327855 | U70: =TRUNC(K70*$P70,0) -> 1463 | V70: =M70+P70 -> 11 | W70: =N70+Q70 -> 333949 | X70: =IFERROR(W70/$F70,0) -> 1 | AA70: =E70-#REF! -> #REF! | AC70: 530 | AE70: HX0058 | AG70: T | BV70: =HYPERLINK("#일위대가목록!A47","HX0058 →") -> HX0058 → | CB70: 35329 | CC70: 35329 | CD70: 490 | CE70: 490 | CF70: 34684 | CG70: 34684 | CH70: 155 | CI70: 155 | CJ70: No.39
A71: ..왕벚나무 제거 | B71: H3.5xR10 | C71: 주 | D71: 3 | E71: =G71+I71+K71 -> 19115 | F71: =H71+J71+L71 -> 57345 | G71: 213 | H71: =TRUNC(G71*D71,0) -> 639 | I71: 18830 | J71: =TRUNC(I71*D71,0) -> 56490 | K71: 72 | L71: =TRUNC(K71*D71,0) -> 216 | O71: =IFERROR(N71/$F71,0) -> 0 | P71: =D71 -> 3 | Q71: =SUM(S71:U71) -> 57345 | R71: =IFERROR(Q71/$F71,0) -> 1 | S71: =TRUNC(G71*$P71,0) -> 639 | T71: =TRUNC(I71*$P71,0) -> 56490 | U71: =TRUNC(K71*$P71,0) -> 216 | V71: =M71+P71 -> 3 | W71: =N71+Q71 -> 57345 | X71: =IFERROR(W71/$F71,0) -> 1 | AA71: =E71-#REF! -> #REF! | AC71: 530 | AE71: HX0058 | AG71: T | BV71: =HYPERLINK("#일위대가목록!A47","HX0058 →") -> HX0058 → | CB71: 35329 | CC71: 35329 | CD71: 490 | CE71: 490 | CF71: 34684 | CG71: 34684 | CH71: 155 | CI71: 155 | CJ71: No.39
A72: ..왕벚나무 제거 | B72: H7.0xR20 | C72: 주 | D72: 21 | E72: =G72+I72+K72 -> 51119 | F72: =H72+J72+L72 -> 1073499 | G72: 799 | H72: =TRUNC(G72*D72,0) -> 16779 | I72: 50063 | J72: =TRUNC(I72*D72,0) -> 1051323 | K72: 257 | L72: =TRUNC(K72*D72,0) -> 5397 | O72: =IFERROR(N72/$F72,0) -> 0 | P72: =D72 -> 21 | Q72: =SUM(S72:U72) -> 1073499 | R72: =IFERROR(Q72/$F72,0) -> 1 | S72: =TRUNC(G72*$P72,0) -> 16779 | T72: =TRUNC(I72*$P72,0) -> 1051323 | U72: =TRUNC(K72*$P72,0) -> 5397 | V72: =M72+P72 -> 21 | W72: =N72+Q72 -> 1073499 | X72: =IFERROR(W72/$F72,0) -> 1 | AA72: =E72-#REF! -> #REF! | AC72: 170 | AE72: HX0033 | AG72: T | BV72: =HYPERLINK("#일위대가목록!A22","HX0033 →") -> HX0033 → | CB72: 59487 | CC72: 178461 | CD72: 930 | CE72: 2790 | CF72: 58257 | CG72: 174771 | CH72: 300 | CI72: 900 | CJ72: No.14
A73: ..왕벚나무 제거 | B73: H7.0xR25 | C73: 주 | D73: 10 | E73: =G73+I73+K73 -> 78794 | F73: =H73+J73+L73 -> 787940 | G73: 1387 | H73: =TRUNC(G73*D73,0) -> 13870 | I73: 76935 | J73: =TRUNC(I73*D73,0) -> 769350 | K73: 472 | L73: =TRUNC(K73*D73,0) -> 4720 | O73: =IFERROR(N73/$F73,0) -> 0 | P73: =D73 -> 10 | Q73: =SUM(S73:U73) -> 787940 | R73: =IFERROR(Q73/$F73,0) -> 1 | S73: =TRUNC(G73*$P73,0) -> 13870 | T73: =TRUNC(I73*$P73,0) -> 769350 | U73: =TRUNC(K73*$P73,0) -> 4720 | V73: =M73+P73 -> 10 | W73: =N73+Q73 -> 787940 | X73: =IFERROR(W73/$F73,0) -> 1 | AA73: =E73-#REF! -> #REF! | AC73: 600 | AE73: HX0065 | AG73: T | BV73: =HYPERLINK("#일위대가목록!A54","HX0065 →") -> HX0065 → | CB73: 120377 | CC73: 481508 | CD73: 2112 | CE73: 8448 | CF73: 117592 | CG73: 470368 | CH73: 673 | CI73: 2692 | CJ73: No.46
A74: ..왕벚나무 제거 | B74: H9.0xR30 | C74: 주 | D74: 5 | E74: =G74+I74+K74 -> 146977 | F74: =H74+J74+L74 -> 734885 | G74: 2667 | H74: =TRUNC(G74*D74,0) -> 13335 | I74: 143492 | J74: =TRUNC(I74*D74,0) -> 717460 | K74: 818 | L74: =TRUNC(K74*D74,0) -> 4090 | O74: =IFERROR(N74/$F74,0) -> 0 | P74: =D74 -> 5 | Q74: =SUM(S74:U74) -> 734885 | R74: =IFERROR(Q74/$F74,0) -> 1 | S74: =TRUNC(G74*$P74,0) -> 13335 | T74: =TRUNC(I74*$P74,0) -> 717460 | U74: =TRUNC(K74*$P74,0) -> 4090 | V74: =M74+P74 -> 5 | W74: =N74+Q74 -> 734885 | X74: =IFERROR(W74/$F74,0) -> 1 | AA74: =E74-#REF! -> #REF! | AC74: 500 | AE74: HX0055 | AG74: T | BV74: =HYPERLINK("#일위대가목록!A44","HX0055 →") -> HX0055 → | CB74: 190302 | CC74: 190302 | CD74: 3571 | CE74: 3571 | CF74: 185607 | CG74: 185607 | CH74: 1124 | CI74: 1124 | CJ74: No.36
A75: ..왕벚나무 제거 | B75: H9.0xR36 | C75: 주 | D75: 3 | E75: =G75+I75+K75 -> 164241 | F75: =H75+J75+L75 -> 492723 | G75: 3195 | H75: =TRUNC(G75*D75,0) -> 9585 | I75: 159919 | J75: =TRUNC(I75*D75,0) -> 479757 | K75: 1127 | L75: =TRUNC(K75*D75,0) -> 3381 | O75: =IFERROR(N75/$F75,0) -> 0 | P75: =D75 -> 3 | Q75: =SUM(S75:U75) -> 492723 | R75: =IFERROR(Q75/$F75,0) -> 1 | S75: =TRUNC(G75*$P75,0) -> 9585 | T75: =TRUNC(I75*$P75,0) -> 479757 | U75: =TRUNC(K75*$P75,0) -> 3381 | V75: =M75+P75 -> 3 | W75: =N75+Q75 -> 492723 | X75: =IFERROR(W75/$F75,0) -> 1 | AA75: =E75-#REF! -> #REF! | AC75: 410 | AE75: HX0046 | AG75: T | BV75: =HYPERLINK("#일위대가목록!A35","HX0046 →") -> HX0046 → | CB75: 191123 | CC75: 191123 | CD75: 3719 | CE75: 3719 | CF75: 186092 | CG75: 186092 | CH75: 1312 | CI75: 1312 | CJ75: No.27
A76: ..왕벚나무 제거 | B76: H11xR44 | C76: 주 | D76: 2 | E76: =G76+I76+K76 -> 292133 | F76: =H76+J76+L76 -> 584266 | G76: 5906 | H76: =TRUNC(G76*D76,0) -> 11812 | I76: 284195 | J76: =TRUNC(I76*D76,0) -> 568390 | K76: 2032 | L76: =TRUNC(K76*D76,0) -> 4064 | O76: =IFERROR(N76/$F76,0) -> 0 | P76: =D76 -> 2 | Q76: =SUM(S76:U76) -> 584266 | R76: =IFERROR(Q76/$F76,0) -> 1 | S76: =TRUNC(G76*$P76,0) -> 11812 | T76: =TRUNC(I76*$P76,0) -> 568390 | U76: =TRUNC(K76*$P76,0) -> 4064 | V76: =M76+P76 -> 2 | W76: =N76+Q76 -> 584266 | X76: =IFERROR(W76/$F76,0) -> 1 | AA76: =E76-#REF! -> #REF! | AC76: 590 | AE76: HX0064 | AG76: T | BV76: =HYPERLINK("#일위대가목록!A53","HX0064 →") -> HX0064 → | CB76: 339946 | CC76: 339946 | CD76: 6873 | CE76: 6873 | CF76: 330708 | CG76: 330708 | CH76: 2365 | CI76: 2365 | CJ76: No.45
A77: ..은행나무 제거 | B77: H8.0xW4.0xR24 | C77: 주 | D77: 1 | E77: =G77+I77+K77 -> 78644 | F77: =H77+J77+L77 -> 78644 | G77: 1360 | H77: =TRUNC(G77*D77,0) -> 1360 | I77: 76846 | J77: =TRUNC(I77*D77,0) -> 76846 | K77: 438 | L77: =TRUNC(K77*D77,0) -> 438 | O77: =IFERROR(N77/$F77,0) -> 0 | P77: =D77 -> 1 | Q77: =SUM(S77:U77) -> 78644 | R77: =IFERROR(Q77/$F77,0) -> 1 | S77: =TRUNC(G77*$P77,0) -> 1360 | T77: =TRUNC(I77*$P77,0) -> 76846 | U77: =TRUNC(K77*$P77,0) -> 438 | V77: =M77+P77 -> 1 | W77: =N77+Q77 -> 78644 | X77: =IFERROR(W77/$F77,0) -> 1 | AA77: =E77-#REF! -> #REF! | AC77: 540 | AE77: HX0059 | AG77: T | BV77: =HYPERLINK("#일위대가목록!A48","HX0059 →") -> HX0059 → | CB77: 91516 | CC77: 183032 | CD77: 1583 | CE77: 3166 | CF77: 89423 | CG77: 178846 | CH77: 510 | CI77: 1020 | CJ77: No.40
A78: ..은행나무 제거 | B78: H7.0xR22 | C78: 주 | D78: 5 | E78: =G78+I78+K78 -> 51321 | F78: =H78+J78+L78 -> 256605 | G78: 835 | H78: =TRUNC(G78*D78,0) -> 4175 | I78: 50182 | J78: =TRUNC(I78*D78,0) -> 250910 | K78: 304 | L78: =TRUNC(K78*D78,0) -> 1520 | O78: =IFERROR(N78/$F78,0) -> 0 | P78: =D78 -> 5 | Q78: =SUM(S78:U78) -> 256605 | R78: =IFERROR(Q78/$F78,0) -> 1 | S78: =TRUNC(G78*$P78,0) -> 4175 | T78: =TRUNC(I78*$P78,0) -> 250910 | U78: =TRUNC(K78*$P78,0) -> 1520 | V78: =M78+P78 -> 5 | W78: =N78+Q78 -> 256605 | X78: =IFERROR(W78/$F78,0) -> 1 | AA78: =E78-#REF! -> #REF! | AC78: 550 | AE78: HX0060 | AG78: T | BV78: =HYPERLINK("#일위대가목록!A49","HX0060 →") -> HX0060 → | CB78: 59722 | CC78: 59722 | CD78: 972 | CE78: 972 | CF78: 58396 | CG78: 58396 | CH78: 354 | CI78: 354 | CJ78: No.41
A79: ..은행나무 제거 | B79: H6.0xR12 | C79: 주 | D79: 15 | E79: =G79+I79+K79 -> 24608 | F79: =H79+J79+L79 -> 369120 | G79: 302 | H79: =TRUNC(G79*D79,0) -> 4530 | I79: 24216 | J79: =TRUNC(I79*D79,0) -> 363240 | K79: 90 | L79: =TRUNC(K79*D79,0) -> 1350 | O79: =IFERROR(N79/$F79,0) -> 0 | P79: =D79 -> 15 | Q79: =SUM(S79:U79) -> 369120 | R79: =IFERROR(Q79/$F79,0) -> 1 | S79: =TRUNC(G79*$P79,0) -> 4530 | T79: =TRUNC(I79*$P79,0) -> 363240 | U79: =TRUNC(K79*$P79,0) -> 1350 | V79: =M79+P79 -> 15 | W79: =N79+Q79 -> 369120 | X79: =IFERROR(W79/$F79,0) -> 1 | AA79: =E79-#REF! -> #REF! | AC79: 560 | AE79: HX0061 | AG79: T | BV79: =HYPERLINK("#일위대가목록!A50","HX0061 →") -> HX0061 → | CB79: 28637 | CC79: 28637 | CD79: 352 | CE79: 352 | CF79: 28180 | CG79: 28180 | CH79: 105 | CI79: 105 | CJ79: No.42
A80: ..은행나무 제거 | B80: H11xR44 | C80: 주 | D80: 2 | E80: =G80+I80+K80 -> 292133 | F80: =H80+J80+L80 -> 584266 | G80: 5906 | H80: =TRUNC(G80*D80,0) -> 11812 | I80: 284195 | J80: =TRUNC(I80*D80,0) -> 568390 | K80: 2032 | L80: =TRUNC(K80*D80,0) -> 4064 | O80: =IFERROR(N80/$F80,0) -> 0 | P80: =D80 -> 2 | Q80: =SUM(S80:U80) -> 584266 | R80: =IFERROR(Q80/$F80,0) -> 1 | S80: =TRUNC(G80*$P80,0) -> 11812 | T80: =TRUNC(I80*$P80,0) -> 568390 | U80: =TRUNC(K80*$P80,0) -> 4064 | V80: =M80+P80 -> 2 | W80: =N80+Q80 -> 584266 | X80: =IFERROR(W80/$F80,0) -> 1 | AA80: =E80-#REF! -> #REF! | AC80: 590 | AE80: HX0064 | AG80: T | BV80: =HYPERLINK("#일위대가목록!A53","HX0064 →") -> HX0064 → | CB80: 339946 | CC80: 339946 | CD80: 6873 | CE80: 6873 | CF80: 330708 | CG80: 330708 | CH80: 2365 | CI80: 2365 | CJ80: No.45
A81: ..이팝나무 제거 | B81: H5.0xR15 | C81: 주 | E81: =G81+I81+K81 -> 0 | F81: =H81+J81+L81 -> 0 | L81: =TRUNC(K81*D81,0) -> 0 | O81: =IFERROR(N81/$F81,0) -> 0 | P81: =D81 -> 0 | Q81: =SUM(S81:U81) -> 0 | R81: =IFERROR(Q81/$F81,0) -> 0 | S81: =TRUNC(G81*$P81,0) -> 0 | T81: =TRUNC(I81*$P81,0) -> 0 | U81: =TRUNC(K81*$P81,0) -> 0 | V81: =M81+P81 -> 0 | W81: =N81+Q81 -> 0 | X81: =IFERROR(W81/$F81,0) -> 0 | AA81: =E81-#REF! -> #REF! | AC81: 570 | AE81: HX0062 | AG81: T | BV81: =HYPERLINK("#일위대가목록!A51","HX0062 →") -> HX0062 → | CB81: 35329 | CC81: 141316 | CD81: 490 | CE81: 1960 | CF81: 34684 | CG81: 138736 | CH81: 155 | CI81: 620 | CJ81: No.43
A82: ..이팝나무 제거 | B82: H5.0xR12 | C82: 주 | D82: 1 | E82: =G82+I82+K82 -> 24608 | F82: =H82+J82+L82 -> 24608 | G82: 302 | H82: =TRUNC(G82*D82,0) -> 302 | I82: 24216 | J82: =TRUNC(I82*D82,0) -> 24216 | K82: 90 | L82: =TRUNC(K82*D82,0) -> 90 | O82: =IFERROR(N82/$F82,0) -> 0 | P82: =D82 -> 1 | Q82: =SUM(S82:U82) -> 24608 | R82: =IFERROR(Q82/$F82,0) -> 1 | S82: =TRUNC(G82*$P82,0) -> 302 | T82: =TRUNC(I82*$P82,0) -> 24216 | U82: =TRUNC(K82*$P82,0) -> 90 | V82: =M82+P82 -> 1 | W82: =N82+Q82 -> 24608 | X82: =IFERROR(W82/$F82,0) -> 1 | AA82: =E82-#REF! -> #REF! | AC82: 580 | AE82: HX0063 | AG82: T | BV82: =HYPERLINK("#일위대가목록!A52","HX0063 →") -> HX0063 → | CB82: 28637 | CC82: 28637 | CD82: 352 | CE82: 352 | CF82: 28180 | CG82: 28180 | CH82: 105 | CI82: 105 | CJ82: No.44
A83: ..칠엽수 제거 | B83: H5.0xR12 | C83: 주 | D83: 1 | E83: =G83+I83+K83 -> 24608 | F83: =H83+J83+L83 -> 24608 | G83: 302 | H83: =TRUNC(G83*D83,0) -> 302 | I83: 24216 | J83: =TRUNC(I83*D83,0) -> 24216 | K83: 90 | L83: =TRUNC(K83*D83,0) -> 90 | O83: =IFERROR(N83/$F83,0) -> 0 | P83: =D83 -> 1 | Q83: =SUM(S83:U83) -> 24608 | R83: =IFERROR(Q83/$F83,0) -> 1 | S83: =TRUNC(G83*$P83,0) -> 302 | T83: =TRUNC(I83*$P83,0) -> 24216 | U83: =TRUNC(K83*$P83,0) -> 90 | V83: =M83+P83 -> 1 | W83: =N83+Q83 -> 24608 | X83: =IFERROR(W83/$F83,0) -> 1 | AA83: =E83-#REF! -> #REF! | AC83: 580 | AE83: HX0063 | AG83: T | BV83: =HYPERLINK("#일위대가목록!A52","HX0063 →") -> HX0063 → | CB83: 28637 | CC83: 28637 | CD83: 352 | CE83: 352 | CF83: 28180 | CG83: 28180 | CH83: 105 | CI83: 105 | CJ83: No.44
A84: ..칠엽수 제거 | B84: H8.0xR16 | C84: 주 | D84: 2 | E84: =G84+I84+K84 -> 42203 | F84: =H84+J84+L84 -> 84406 | G84: 622 | H84: =TRUNC(G84*D84,0) -> 1244 | I84: 41398 | J84: =TRUNC(I84*D84,0) -> 82796 | K84: 183 | L84: =TRUNC(K84*D84,0) -> 366 | O84: =IFERROR(N84/$F84,0) -> 0 | P84: =D84 -> 2 | Q84: =SUM(S84:U84) -> 84406 | R84: =IFERROR(Q84/$F84,0) -> 1 | S84: =TRUNC(G84*$P84,0) -> 1244 | T84: =TRUNC(I84*$P84,0) -> 82796 | U84: =TRUNC(K84*$P84,0) -> 366 | V84: =M84+P84 -> 2 | W84: =N84+Q84 -> 84406 | X84: =IFERROR(W84/$F84,0) -> 1 | AA84: =E84-#REF! -> #REF! | AC84: 440 | AE84: HX0049 | AG84: T | BV84: =HYPERLINK("#일위대가목록!A38","HX0049 →") -> HX0049 → | CB84: 49111 | CC84: 245555 | CD84: 724 | CE84: 3620 | CF84: 48174 | CG84: 240870 | CH84: 213 | CI84: 1065 | CJ84: No.30
A85: ..향나무 제거 | B85: H5.0xR15 | C85: 주 | D85: 2 | E85: =G85+I85+K85 -> 30359 | F85: =H85+J85+L85 -> 60718 | G85: 421 | H85: =TRUNC(G85*D85,0) -> 842 | I85: 29805 | J85: =TRUNC(I85*D85,0) -> 59610 | K85: 133 | L85: =TRUNC(K85*D85,0) -> 266 | O85: =IFERROR(N85/$F85,0) -> 0 | P85: =D85 -> 2 | Q85: =SUM(S85:U85) -> 60718 | R85: =IFERROR(Q85/$F85,0) -> 1 | S85: =TRUNC(G85*$P85,0) -> 842 | T85: =TRUNC(I85*$P85,0) -> 59610 | U85: =TRUNC(K85*$P85,0) -> 266 | V85: =M85+P85 -> 2 | W85: =N85+Q85 -> 60718 | X85: =IFERROR(W85/$F85,0) -> 1 | AA85: =E85-#REF! -> #REF! | AC85: 440 | AE85: HX0049 | AG85: T | BV85: =HYPERLINK("#일위대가목록!A38","HX0049 →") -> HX0049 → | CB85: 49111 | CC85: 245555 | CD85: 724 | CE85: 3620 | CF85: 48174 | CG85: 240870 | CH85: 213 | CI85: 1065 | CJ85: No.30
A86: ..향나무 제거 | B86: H7.0xR22 | C86: 주 | D86: 1 | E86: =G86+I86+K86 -> 51321 | F86: =H86+J86+L86 -> 51321 | G86: 835 | H86: =TRUNC(G86*D86,0) -> 835 | I86: 50182 | J86: =TRUNC(I86*D86,0) -> 50182 | K86: 304 | L86: =TRUNC(K86*D86,0) -> 304 | O86: =IFERROR(N86/$F86,0) -> 0 | P86: =D86 -> 1 | Q86: =SUM(S86:U86) -> 51321 | R86: =IFERROR(Q86/$F86,0) -> 1 | S86: =TRUNC(G86*$P86,0) -> 835 | T86: =TRUNC(I86*$P86,0) -> 50182 | U86: =TRUNC(K86*$P86,0) -> 304 | V86: =M86+P86 -> 1 | W86: =N86+Q86 -> 51321 | X86: =IFERROR(W86/$F86,0) -> 1 | AA86: =E86-#REF! -> #REF! | AC86: 550 | AE86: HX0060 | AG86: T | BV86: =HYPERLINK("#일위대가목록!A49","HX0060 →") -> HX0060 → | CB86: 59722 | CC86: 59722 | CD86: 972 | CE86: 972 | CF86: 58396 | CG86: 58396 | CH86: 354 | CI86: 354 | CJ86: No.41
A87: ..참나무 제거 | B87: H13.0xW6.0xR44 | C87: 주 | D87: 1 | E87: =G87+I87+K87 -> 292133 | F87: =H87+J87+L87 -> 292133 | G87: 5906 | H87: =TRUNC(G87*D87,0) -> 5906 | I87: 284195 | J87: =TRUNC(I87*D87,0) -> 284195 | K87: 2032 | L87: =TRUNC(K87*D87,0) -> 2032 | O87: =IFERROR(N87/$F87,0) -> 0 | P87: =D87 -> 1 | Q87: =SUM(S87:U87) -> 292133 | R87: =IFERROR(Q87/$F87,0) -> 1 | S87: =TRUNC(G87*$P87,0) -> 5906 | T87: =TRUNC(I87*$P87,0) -> 284195 | U87: =TRUNC(K87*$P87,0) -> 2032 | V87: =M87+P87 -> 1 | W87: =N87+Q87 -> 292133 | X87: =IFERROR(W87/$F87,0) -> 1 | AA87: =E87-#REF! -> #REF! | AC87: 590 | AE87: HX0064 | AG87: T | BV87: =HYPERLINK("#일위대가목록!A53","HX0064 →") -> HX0064 → | CB87: 339946 | CC87: 339946 | CD87: 6873 | CE87: 6873 | CF87: 330708 | CG87: 330708 | CH87: 2365 | CI87: 2365 | CJ87: No.45
A88: ..참나무 제거 | B88: H10.0xR26 | C88: 주 | E88: =G88+I88+K88 -> 0 | F88: =H88+J88+L88 -> 0 | L88: =TRUNC(K88*D88,0) -> 0 | O88: =IFERROR(N88/$F88,0) -> 0 | P88: =D88 -> 0 | Q88: =SUM(S88:U88) -> 0 | R88: =IFERROR(Q88/$F88,0) -> 0 | S88: =TRUNC(G88*$P88,0) -> 0 | T88: =TRUNC(I88*$P88,0) -> 0 | U88: =TRUNC(K88*$P88,0) -> 0 | V88: =M88+P88 -> 0 | W88: =N88+Q88 -> 0 | X88: =IFERROR(W88/$F88,0) -> 0 | AA88: =E88-#REF! -> #REF! | AC88: 600 | AE88: HX0065 | AG88: T | BV88: =HYPERLINK("#일위대가목록!A54","HX0065 →") -> HX0065 → | CB88: 120377 | CC88: 481508 | CD88: 2112 | CE88: 8448 | CF88: 117592 | CG88: 470368 | CH88: 673 | CI88: 2692 | CJ88: No.46
A89: ..참나무 제거 | B89: H6.0xR20 | C89: 주 | E89: =G89+I89+K89 -> 0 | F89: =H89+J89+L89 -> 0 | L89: =TRUNC(K89*D89,0) -> 0 | O89: =IFERROR(N89/$F89,0) -> 0 | P89: =D89 -> 0 | Q89: =SUM(S89:U89) -> 0 | R89: =IFERROR(Q89/$F89,0) -> 0 | S89: =TRUNC(G89*$P89,0) -> 0 | T89: =TRUNC(I89*$P89,0) -> 0 | U89: =TRUNC(K89*$P89,0) -> 0 | V89: =M89+P89 -> 0 | W89: =N89+Q89 -> 0 | X89: =IFERROR(W89/$F89,0) -> 0 | AA89: =E89-#REF! -> #REF! | AC89: 600 | AE89: HX0065 | AG89: T | BV89: =HYPERLINK("#일위대가목록!A54","HX0065 →") -> HX0065 → | CB89: 120377 | CC89: 481508 | CD89: 2112 | CE89: 8448 | CF89: 117592 | CG89: 470368 | CH89: 673 | CI89: 2692 | CJ89: No.46
A90: ..대왕참나무 제거 | B90: ='[322]수목철거공(수량집계표)'!B79 -> H14.0xR69 | C90: 주 | D90: 1 | E90: =G90+I90+K90 -> 1399118 | F90: =H90+J90+L90 -> 1399118 | G90: 30197 | H90: =TRUNC(G90*D90,0) -> 30197 | I90: 1359297 | J90: =TRUNC(I90*D90,0) -> 1359297 | K90: 9624 | L90: =TRUNC(K90*D90,0) -> 9624 | O90: =IFERROR(N90/$F90,0) -> 0 | P90: =D90 -> 1 | Q90: =SUM(S90:U90) -> 1399118 | R90: =IFERROR(Q90/$F90,0) -> 1 | S90: =TRUNC(G90*$P90,0) -> 30197 | T90: =TRUNC(I90*$P90,0) -> 1359297 | U90: =TRUNC(K90*$P90,0) -> 9624 | V90: =M90+P90 -> 1 | W90: =N90+Q90 -> 1399118 | X90: =IFERROR(W90/$F90,0) -> 1 | AA90: =E90-#REF! -> #REF! | AC90: 610 | AE90: HX0066 | AG90: T | BV90: =HYPERLINK("#일위대가목록!A55","HX0066 →") -> HX0066 → | CB90: 59487 | CC90: 178461 | CD90: 930 | CE90: 2790 | CF90: 58257 | CG90: 174771 | CH90: 300 | CI90: 900 | CJ90: No.47
A91: ..낙엽수 조형전정(1회) | B91: B11(R13)미만 | C91: 주 | D91: 12 | E91: =G91+I91+K91 -> 24008 | F91: =H91+J91+L91 -> 288096 | G91: 0 | H91: =TRUNC(G91*D91,0) -> 0 | I91: 23538 | J91: =TRUNC(I91*D91,0) -> 282456 | K91: 470 | L91: =TRUNC(K91*D91,0) -> 5640 | O91: =IFERROR(N91/$F91,0) -> 0 | P91: =D91 -> 12 | Q91: =SUM(S91:U91) -> 288096 | R91: =IFERROR(Q91/$F91,0) -> 1 | S91: =TRUNC(G91*$P91,0) -> 0 | T91: =TRUNC(I91*$P91,0) -> 282456 | U91: =TRUNC(K91*$P91,0) -> 5640 | V91: =M91+P91 -> 12 | W91: =N91+Q91 -> 288096 | X91: =IFERROR(W91/$F91,0) -> 1 | AA91: =E91-#REF! -> #REF! | AC91: 610 | AE91: HX0066 | AG91: T | BV91: =HYPERLINK("#일위대가목록!A55","HX0066 →") -> HX0066 → | CB91: 59487 | CC91: 178461 | CD91: 930 | CE91: 2790 | CF91: 58257 | CG91: 174771 | CH91: 300 | CI91: 900 | CJ91: No.47
A92: ..낙엽수 조형전정(1회) | B92: B11~21미만(R13~25미만) | C92: 주 | D92: 38 | E92: =G92+I92+K92 -> 31009 | F92: =H92+J92+L92 -> 1178342 | G92: 1118 | H92: =TRUNC(G92*D92,0) -> 42484 | I92: 27414 | J92: =TRUNC(I92*D92,0) -> 1041732 | K92: 2477 | L92: =TRUNC(K92*D92,0) -> 94126 | O92: =IFERROR(N92/$F92,0) -> 0 | P92: =D92 -> 38 | Q92: =SUM(S92:U92) -> 1178342 | R92: =IFERROR(Q92/$F92,0) -> 1 | S92: =TRUNC(G92*$P92,0) -> 42484 | T92: =TRUNC(I92*$P92,0) -> 1041732 | U92: =TRUNC(K92*$P92,0) -> 94126 | V92: =M92+P92 -> 38 | W92: =N92+Q92 -> 1178342 | X92: =IFERROR(W92/$F92,0) -> 1 | AA92: =E92-#REF! -> #REF! | AC92: 610 | AE92: HX0066 | AG92: T | BV92: =HYPERLINK("#일위대가목록!A55","HX0066 →") -> HX0066 → | CB92: 59487 | CC92: 178461 | CD92: 930 | CE92: 2790 | CF92: 58257 | CG92: 174771 | CH92: 300 | CI92: 900 | CJ92: No.47
A93: ..낙엽수 조형전정(1회) | B93: B21~31미만(R25~37미만) | C93: 주 | D93: 50 | E93: =G93+I93+K93 -> 49825 | F93: =H93+J93+L93 -> 2491250 | G93: 1721 | H93: =TRUNC(G93*D93,0) -> 86050 | I93: 44251 | J93: =TRUNC(I93*D93,0) -> 2212550 | K93: 3853 | L93: =TRUNC(K93*D93,0) -> 192650 | O93: =IFERROR(N93/$F93,0) -> 0 | P93: =D93 -> 50 | Q93: =SUM(S93:U93) -> 2491250 | R93: =IFERROR(Q93/$F93,0) -> 1 | S93: =TRUNC(G93*$P93,0) -> 86050 | T93: =TRUNC(I93*$P93,0) -> 2212550 | U93: =TRUNC(K93*$P93,0) -> 192650 | V93: =M93+P93 -> 50 | W93: =N93+Q93 -> 2491250 | X93: =IFERROR(W93/$F93,0) -> 1 | AA93: =E93-#REF! -> #REF! | AC93: 610 | AE93: HX0066 | AG93: T | BV93: =HYPERLINK("#일위대가목록!A55","HX0066 →") -> HX0066 → | CB93: 59487 | CC93: 178461 | CD93: 930 | CE93: 2790 | CF93: 58257 | CG93: 174771 | CH93: 300 | CI93: 900 | CJ93: No.47
A94: ..낙엽수 조형전정(1회) | B94: B31~41미만(R37~49미만) | C94: 주 | D94: 10 | E94: =G94+I94+K94 -> 83388 | F94: =H94+J94+L94 -> 833880 | G94: 2882 | H94: =TRUNC(G94*D94,0) -> 28820 | I94: 74054 | J94: =TRUNC(I94*D94,0) -> 740540 | K94: 6452 | L94: =TRUNC(K94*D94,0) -> 64520 | O94: =IFERROR(N94/$F94,0) -> 0 | P94: =D94 -> 10 | Q94: =SUM(S94:U94) -> 833880 | R94: =IFERROR(Q94/$F94,0) -> 1 | S94: =TRUNC(G94*$P94,0) -> 28820 | T94: =TRUNC(I94*$P94,0) -> 740540 | U94: =TRUNC(K94*$P94,0) -> 64520 | V94: =M94+P94 -> 10 | W94: =N94+Q94 -> 833880 | X94: =IFERROR(W94/$F94,0) -> 1 | AA94: =E94-#REF! -> #REF! | AC94: 610 | AE94: HX0066 | AG94: T | BV94: =HYPERLINK("#일위대가목록!A55","HX0066 →") -> HX0066 → | CB94: 59487 | CC94: 178461 | CD94: 930 | CE94: 2790 | CF94: 58257 | CG94: 174771 | CH94: 300 | CI94: 900 | CJ94: No.47
A95: ..낙엽수 조형전정(1회) | B95: B41~51미만(R49~61미만) | C95: 주 | D95: 2 | E95: =G95+I95+K95 -> 125318 | F95: =H95+J95+L95 -> 250636 | G95: 4302 | H95: =TRUNC(G95*D95,0) -> 8604 | I95: 111369 | J95: =TRUNC(I95*D95,0) -> 222738 | K95: 9647 | L95: =TRUNC(K95*D95,0) -> 19294 | O95: =IFERROR(N95/$F95,0) -> 0 | P95: =D95 -> 2 | Q95: =SUM(S95:U95) -> 250636 | R95: =IFERROR(Q95/$F95,0) -> 1 | S95: =TRUNC(G95*$P95,0) -> 8604 | T95: =TRUNC(I95*$P95,0) -> 222738 | U95: =TRUNC(K95*$P95,0) -> 19294 | V95: =M95+P95 -> 2 | W95: =N95+Q95 -> 250636 | X95: =IFERROR(W95/$F95,0) -> 1 | AA95: =E95-#REF! -> #REF! | AC95: 610 | AE95: HX0066 | AG95: T | BV95: =HYPERLINK("#일위대가목록!A55","HX0066 →") -> HX0066 → | CB95: 59487 | CC95: 178461 | CD95: 930 | CE95: 2790 | CF95: 58257 | CG95: 174771 | CH95: 300 | CI95: 900 | CJ95: No.47
A96: ..상록수 조형전정(1회) | B96: B11(R13)미만 | C96: 주 | D96: 9 | E96: =G96+I96+K96 -> 19625 | F96: =H96+J96+L96 -> 176625 | G96: 0 | H96: =TRUNC(G96*D96,0) -> 0 | I96: 19625 | J96: =TRUNC(I96*D96,0) -> 176625 | K96: 0 | L96: =TRUNC(K96*D96,0) -> 0 | O96: =IFERROR(N96/$F96,0) -> 0 | P96: =D96 -> 9 | Q96: =SUM(S96:U96) -> 176625 | R96: =IFERROR(Q96/$F96,0) -> 1 | S96: =TRUNC(G96*$P96,0) -> 0 | T96: =TRUNC(I96*$P96,0) -> 176625 | U96: =TRUNC(K96*$P96,0) -> 0 | V96: =M96+P96 -> 9 | W96: =N96+Q96 -> 176625 | X96: =IFERROR(W96/$F96,0) -> 1 | AA96: =E96-#REF! -> #REF! | AC96: 610 | AE96: HX0066 | AG96: T | BV96: =HYPERLINK("#일위대가목록!A55","HX0066 →") -> HX0066 → | CB96: 59487 | CC96: 178461 | CD96: 930 | CE96: 2790 | CF96: 58257 | CG96: 174771 | CH96: 300 | CI96: 900 | CJ96: No.47
A97: ..상록수 조형전정(1회) | B97: B11~21미만(R13~25미만) | C97: 주 | D97: 40 | E97: =G97+I97+K97 -> 28779 | F97: =H97+J97+L97 -> 1151160 | G97: 946 | H97: =TRUNC(G97*D97,0) -> 37840 | I97: 25687 | J97: =TRUNC(I97*D97,0) -> 1027480 | K97: 2146 | L97: =TRUNC(K97*D97,0) -> 85840 | O97: =IFERROR(N97/$F97,0) -> 0 | P97: =D97 -> 40 | Q97: =SUM(S97:U97) -> 1151160 | R97: =IFERROR(Q97/$F97,0) -> 1 | S97: =TRUNC(G97*$P97,0) -> 37840 | T97: =TRUNC(I97*$P97,0) -> 1027480 | U97: =TRUNC(K97*$P97,0) -> 85840 | V97: =M97+P97 -> 40 | W97: =N97+Q97 -> 1151160 | X97: =IFERROR(W97/$F97,0) -> 1 | AA97: =E97-#REF! -> #REF! | AC97: 610 | AE97: HX0066 | AG97: T | BV97: =HYPERLINK("#일위대가목록!A55","HX0066 →") -> HX0066 → | CB97: 59487 | CC97: 178461 | CD97: 930 | CE97: 2790 | CF97: 58257 | CG97: 174771 | CH97: 300 | CI97: 900 | CJ97: No.47
A98: ..상록수 조형전정(1회) | B98: B21~31미만(R25~37미만) | C98: 주 | D98: 4 | E98: =G98+I98+K98 -> 43528 | F98: =H98+J98+L98 -> 174112 | G98: 1505 | H98: =TRUNC(G98*D98,0) -> 6020 | I98: 38653 | J98: =TRUNC(I98*D98,0) -> 154612 | K98: 3370 | L98: =TRUNC(K98*D98,0) -> 13480 | O98: =IFERROR(N98/$F98,0) -> 0 | P98: =D98 -> 4 | Q98: =SUM(S98:U98) -> 174112 | R98: =IFERROR(Q98/$F98,0) -> 1 | S98: =TRUNC(G98*$P98,0) -> 6020 | T98: =TRUNC(I98*$P98,0) -> 154612 | U98: =TRUNC(K98*$P98,0) -> 13480 | V98: =M98+P98 -> 4 | W98: =N98+Q98 -> 174112 | X98: =IFERROR(W98/$F98,0) -> 1 | AA98: =E98-#REF! -> #REF!
A99: ..상록수 조형전정(1회) | B99: B31~41미만(R37~49미만) | C99: 주 | D99: 3 | E99: =G99+I99+K99 -> 70312 | F99: =H99+J99+L99 -> 210936 | G99: 2452 | H99: =TRUNC(G99*D99,0) -> 7356 | I99: 62383 | J99: =TRUNC(I99*D99,0) -> 187149 | K99: 5477 | L99: =TRUNC(K99*D99,0) -> 16431 | O99: =IFERROR(N99/$F99,0) -> 0 | P99: =D99 -> 3 | Q99: =SUM(S99:U99) -> 210936 | R99: =IFERROR(Q99/$F99,0) -> 1 | S99: =TRUNC(G99*$P99,0) -> 7356 | T99: =TRUNC(I99*$P99,0) -> 187149 | U99: =TRUNC(K99*$P99,0) -> 16431 | V99: =M99+P99 -> 3 | W99: =N99+Q99 -> 210936 | X99: =IFERROR(W99/$F99,0) -> 1 | AA99: =E99-#REF! -> #REF!
B100: ='[322]수목철거공(수량집계표)'!B80 -> 0 | E100: =G100+I100+K100 -> 0 | F100: =H100+J100+L100 -> 0 | H100: =TRUNC(G100*D100,0) -> 0 | J100: =TRUNC(I100*D100,0) -> 0 | L100: =TRUNC(K100*D100,0) -> 0 | O100: =IFERROR(N100/$F100,0) -> 0 | Q100: =SUM(S100:U100) -> 0 | R100: =IFERROR(Q100/$F100,0) -> 0 | S100: =TRUNC(G100*$P100,0) -> 0 | T100: =TRUNC(I100*$P100,0) -> 0 | U100: =TRUNC(K100*$P100,0) -> 0 | V100: =M100+P100 -> 0 | W100: =N100+Q100 -> 0 | X100: =IFERROR(W100/$F100,0) -> 0 | AA100: =E100-#REF! -> #REF! | AC100: 610 | AE100: HX0066 | AG100: T | BV100: =HYPERLINK("#일위대가목록!A55","HX0066 →") -> HX0066 → | CB100: 59487 | CC100: 178461 | CD100: 930 | CE100: 2790 | CF100: 58257 | CG100: 174771 | CH100: 300 | CI100: 900 | CJ100: No.47
...

Sheet 일위대가목록 (신규)
A1: 일위대가목록(신규)
A2: 공 종 명 | B2: 규 격 | C2: 수 량 | D2: 단 위 | E2: 합 계 | F2: 재 료 비 | H2: 노 무 비 | J2: 경 비 | K2: 비 고 | V2: 재료비 | W2: 노무비 | X2: 경 비 | Y2: 합 계 | AA2: 비교검토
A3: ='일위대가_호표(신규)'!A752 -> No.1 수목이식(굴취,가식,정식) | B3: ='일위대가_호표(신규)'!B752 -> R38 | C3: ='일위대가_호표(신규)'!C752 -> 1 | D3: ='일위대가_호표(신규)'!D752 -> 주 | E3: =F3+H3+J3 -> 1471634 | F3: ='일위대가_호표(신규)'!H759 -> 156588 | H3: ='일위대가_호표(신규)'!J759 -> 1044292 | J3: ='일위대가_호표(신규)'!L759 -> 270754 | M3: NX1510 | N3: F | V3: 1054 | W3: 3467 | X3: 1338 | Y3: 5859 | AA3: =EXACT($E3,$Y3) -> FALSE | AC3: =HYPERLINK("#일위대가_산근!A4","NX1510 →") -> NX1510 →
A4: ='일위대가_호표(신규)'!A761 -> No.2 수목이식(굴취,가식,정식) | B4: ='일위대가_호표(신규)'!B761 -> R30 | C4: ='일위대가_호표(신규)'!C761 -> 1 | D4: ='일위대가_호표(신규)'!D761 -> 주 | E4: =F4+H4+J4 -> 1464617 | F4: ='일위대가_호표(신규)'!H768 -> 149571 | H4: ='일위대가_호표(신규)'!J768 -> 1044292 | J4: ='일위대가_호표(신규)'!L768 -> 270754 | M4: NX1510 | N4: F | V4: 1054 | W4: 3467 | X4: 1338 | Y4: 5859 | AA4: =EXACT($E4,$Y4) -> FALSE | AC4: =HYPERLINK("#일위대가_산근!A4","NX1510 →") -> NX1510 →
A5: ='일위대가_호표(신규)'!A770 -> No.3 수목이식(굴취,가식,정식) | B5: ='일위대가_호표(신규)'!B770 -> R22 | C5: ='일위대가_호표(신규)'!C770 -> 1 | D5: ='일위대가_호표(신규)'!D770 -> 주 | E5: =F5+H5+J5 -> 1065463 | F5: ='일위대가_호표(신규)'!H777 -> 107248 | H5: ='일위대가_호표(신규)'!J777 -> 773548 | J5: ='일위대가_호표(신규)'!L777 -> 184667 | M5: N1070 | N5: F | V5: 300 | W5: 4328 | X5: 381 | Y5: 5009 | AA5: =EXACT($E5,$Y5) -> FALSE | AC5: =HYPERLINK("#일위대가_산근!A27","N1070 →") -> N1070 →
A6: ='일위대가_호표(신규)'!A779 -> No.4 수목이식(굴취,가식,정식) | B6: ='일위대가_호표(신규)'!B779 -> R20 | C6: ='일위대가_호표(신규)'!C779 -> 1 | D6: ='일위대가_호표(신규)'!D779 -> 주 | E6: =F6+H6+J6 -> 1064751 | F6: ='일위대가_호표(신규)'!H786 -> 106536 | H6: ='일위대가_호표(신규)'!J786 -> 773548 | J6: ='일위대가_호표(신규)'!L786 -> 184667 | M6: N0860 | N6: F | V6: 285 | W6: 940 | X6: 363 | Y6: 1588 | AA6: =EXACT($E6,$Y6) -> FALSE | AC6: =HYPERLINK("#일위대가_산근!A58","N0860 →") -> N0860 →
A7: ='일위대가_호표(신규)'!A788 -> No.5 수목이식(굴취,가식,정식) | B7: ='일위대가_호표(신규)'!B788 -> R15 | C7: ='일위대가_호표(신규)'!C788 -> 1 | D7: ='일위대가_호표(신규)'!D788 -> 주 | E7: =F7+H7+J7 -> 515421 | F7: ='일위대가_호표(신규)'!H795 -> 60715 | H7: ='일위대가_호표(신규)'!J795 -> 412770 | J7: ='일위대가_호표(신규)'!L795 -> 41936 | M7: N1010 | N7: F | V7: 445 | W7: 6329 | X7: 370 | Y7: 7144 | AA7: =EXACT($E7,$Y7) -> FALSE | AC7: =HYPERLINK("#일위대가_산근!A83","N1010 →") -> N1010 →
A8: ='일위대가_호표(신규)'!A1141 -> No.6 휴게데크A-1 | B8: ='일위대가_호표(신규)'!B1141 -> A=38.0m2 | C8: ='일위대가_호표(신규)'!C1141 -> 1 | D8: ='일위대가_호표(신규)'!D1141 -> 개소 | E8: =F8+H8+J8 -> 6021596 | F8: ='일위대가_호표(신규)'!H1158 -> 1407546 | H8: ='일위대가_호표(신규)'!J1158 -> 4546159 | J8: ='일위대가_호표(신규)'!L1158 -> 67891 | M8: N0800 | N8: F | V8: 20 | W8: 386 | X8: 6 | Y8: 412 | AA8: =EXACT($E8,$Y8) -> FALSE | AC8: =HYPERLINK("#일위대가_산근!A116","N0800 →") -> N0800 →
A9: ='일위대가_호표(신규)'!A1582 -> No.7 조경 유용석 쌓기 및 놓기 | B9: ='일위대가_호표(신규)'!B1582 | C9: ='일위대가_호표(신규)'!C1582 -> 1 | D9: ='일위대가_호표(신규)'!D1582 -> ton | E9: =F9+H9+J9 -> 118742 | F9: ='일위대가_호표(신규)'!H1587 -> 9291 | H9: ='일위대가_호표(신규)'!J1587 -> 97656 | J9: ='일위대가_호표(신규)'!L1587 -> 11795 | M9: N0300 | N9: F | V9: 1106 | W9: 8824 | X9: 1041 | Y9: 10971 | AA9: =EXACT($E9,$Y9) -> FALSE | AC9: =HYPERLINK("#일위대가_산근!A132","N0300 →") -> N0300 →
A10: ='일위대가_호표(신규)'!A1831 -> No.8 계단A | B10: ='일위대가_호표(신규)'!B1831 -> W3000x12단, H150 | C10: ='일위대가_호표(신규)'!C1831 -> 1 | D10: ='일위대가_호표(신규)'!D1831 -> 개소 | E10: =F10+H10+J10 -> 4845039 | F10: ='일위대가_호표(신규)'!H1850 -> 2704290 | H10: ='일위대가_호표(신규)'!J1850 -> 1283848 | J10: ='일위대가_호표(신규)'!L1850 -> 856901 | M10: HX0020 | N10: T | V10: 114 | W10: 11314 | X10: 35 | Y10: 11463 | AA10: =EXACT($E10,$Y10) -> FALSE | AC10: =HYPERLINK("#일위대가_호표!A4","HX0020 →") -> HX0020 →
A11: ='일위대가_호표(신규)'!A1852 -> No.9 계단B | B11: ='일위대가_호표(신규)'!B1852 -> W1500x18단, H150 | C11: ='일위대가_호표(신규)'!C1852 -> 1 | D11: ='일위대가_호표(신규)'!D1852 -> 개소 | E11: =F11+H11+J11 -> 3382505 | F11: ='일위대가_호표(신규)'!H1871 -> 1960439 | H11: ='일위대가_호표(신규)'!J1871 -> 820038 | J11: ='일위대가_호표(신규)'!L1871 -> 602028 | M11: HX0021 | N11: T | V11: 1547 | W11: 89527 | X11: 550 | Y11: 91624 | AA11: =EXACT($E11,$Y11) -> FALSE | AC11: =HYPERLINK("#일위대가_호표!A8","HX0021 →") -> HX0021 →
A12: ='일위대가_호표(신규)'!A1873 -> No.10 계단C | B12: ='일위대가_호표(신규)'!B1873 -> W2000x4단, H150 | C12: ='일위대가_호표(신규)'!C1873 -> 1 | D12: ='일위대가_호표(신규)'!D1873 -> 개소 | E12: =F12+H12+J12 -> 817520 | F12: ='일위대가_호표(신규)'!H1890 -> 533331 | H12: ='일위대가_호표(신규)'!J1890 -> 129311 | J12: ='일위대가_호표(신규)'!L1890 -> 154878 | M12: HX0022 | N12: T | V12: 2970 | W12: 166977 | X12: 952 | Y12: 170899 | AA12: =EXACT($E12,$Y12) -> FALSE | AC12: =HYPERLINK("#일위대가_호표!A12","HX0022 →") -> HX0022 →
A13: ='일위대가_호표(신규)'!A1892 -> No.11 계단D | B13: ='일위대가_호표(신규)'!B1892 -> W2000x11단, H150 | C13: ='일위대가_호표(신규)'!C1892 -> 1 | D13: ='일위대가_호표(신규)'!D1892 -> 개소 | E13: =F13+H13+J13 -> 2645092 | F13: ='일위대가_호표(신규)'!H1911 -> 1568377 | H13: ='일위대가_호표(신규)'!J1911 -> 597024 | J13: ='일위대가_호표(신규)'!L1911 -> 479691 | M13: HX0023 | N13: T | V13: 713 | W13: 48243 | X13: 240 | Y13: 49196 | AA13: =EXACT($E13,$Y13) -> FALSE | AC13: =HYPERLINK("#일위대가_호표!A16","HX0023 →") -> HX0023 →
A14: ='일위대가_호표(신규)'!A1913 -> No.12 데크계단A | B14: ='일위대가_호표(신규)'!B1913 -> W2000xH150 | C14: ='일위대가_호표(신규)'!C1913 -> 1 | D14: ='일위대가_호표(신규)'!D1913 -> 개소 | E14: =F14+H14+J14 -> 4795258 | F14: ='일위대가_호표(신규)'!H1932 -> 1034318 | H14: ='일위대가_호표(신규)'!J1932 -> 3699996 | J14: ='일위대가_호표(신규)'!L1932 -> 60944 | M14: HX0024 | N14: T | V14: 1516 | W14: 89423 | X14: 510 | Y14: 91449 | AA14: =EXACT($E14,$Y14) -> FALSE | AC14: =HYPERLINK("#일위대가_호표!A20","HX0024 →") -> HX0024 →
A15: ='일위대가_호표(신규)'!A1934 -> No.13 데크계단B | B15: ='일위대가_호표(신규)'!B1934 -> W1500xH150 | C15: ='일위대가_호표(신규)'!C1934 -> 1 | D15: ='일위대가_호표(신규)'!D1934 -> 개소 | E15: =F15+H15+J15 -> 4079250 | F15: ='일위대가_호표(신규)'!H1953 -> 900792 | H15: ='일위대가_호표(신규)'!J1953 -> 3124391 | J15: ='일위대가_호표(신규)'!L1953 -> 54067 | M15: HX0025 | N15: T | V15: 933 | W15: 58396 | X15: 354 | Y15: 59683 | AA15: =EXACT($E15,$Y15) -> FALSE | AC15: =HYPERLINK("#일위대가_호표!A24","HX0025 →") -> HX0025 →
A16: ='일위대가_호표(신규)'!A1955 -> No.14 데크계단C | B16: ='일위대가_호표(신규)'!B1955 -> W2000xH150 | C16: ='일위대가_호표(신규)'!C1955 -> 1 | D16: ='일위대가_호표(신규)'!D1955 -> 개소 | E16: =F16+H16+J16 -> 5469058 | F16: ='일위대가_호표(신규)'!H1974 -> 1183819 | H16: ='일위대가_호표(신규)'!J1974 -> 4215342 | J16: ='일위대가_호표(신규)'!L1974 -> 69897 | M16: HX0026 | N16: T | V16: 891 | W16: 58257 | X16: 300 | Y16: 59448 | AA16: =EXACT($E16,$Y16) -> FALSE | AC16: =HYPERLINK("#일위대가_호표!A28","HX0026 →") -> HX0026 →
A17: ='일위대가_호표(신규)'!A1976 -> No.15 데크계단D | B17: ='일위대가_호표(신규)'!B1976 -> W1500xH150 | C17: ='일위대가_호표(신규)'!C1976 -> 1 | D17: ='일위대가_호표(신규)'!D1976 -> 개소 | E17: =F17+H17+J17 -> 1928415 | F17: ='일위대가_호표(신규)'!H1995 -> 409658 | H17: ='일위대가_호표(신규)'!J1995 -> 1493730 | J17: ='일위대가_호표(신규)'!L1995 -> 25027 | M17: HX0027 | N17: T | V17: 469 | W17: 34684 | X17: 155 | Y17: 35308 | AA17: =EXACT($E17,$Y17) -> FALSE | AC17: =HYPERLINK("#일위대가_호표!A32","HX0027 →") -> HX0027 →
A18: ='일위대가_호표(신규)'!A1997 -> No.16 데크계단E | B18: ='일위대가_호표(신규)'!B1997 -> W2000xH150 | C18: ='일위대가_호표(신규)'!C1997 -> 1 | D18: ='일위대가_호표(신규)'!D1997 -> 개소 | E18: =F18+H18+J18 -> 1312622 | F18: ='일위대가_호표(신규)'!H2016 -> 280532 | H18: ='일위대가_호표(신규)'!J2016 -> 1014857 | J18: ='일위대가_호표(신규)'!L2016 -> 17233 | M18: HX0028 | N18: T | V18: 713 | W18: 48243 | X18: 240 | Y18: 49196 | AA18: =EXACT($E18,$Y18) -> FALSE | AC18: =HYPERLINK("#일위대가_호표!A36","HX0028 →") -> HX0028 →
A19: ='일위대가_호표(신규)'!A2018 -> No.17 데크계단F | B19: ='일위대가_호표(신규)'!B2018 -> W1500xH150 | C19: ='일위대가_호표(신규)'!C2018 -> 1 | D19: ='일위대가_호표(신규)'!D2018 -> 개소 | E19: =F19+H19+J19 -> 3851067 | F19: ='일위대가_호표(신규)'!H2037 -> 840643 | H19: ='일위대가_호표(신규)'!J2037 -> 2958818 | J19: ='일위대가_호표(신규)'!L2037 -> 51606 | M19: HX0029 | N19: T | V19: 469 | W19: 34684 | X19: 155 | Y19: 35308 | AA19: =EXACT($E19,$Y19) -> FALSE | AC19: =HYPERLINK("#일위대가_호표!A40","HX0029 →") -> HX0029 →
A20: ='일위대가_호표(신규)'!A2039 -> No.18 데크계단G | B20: ='일위대가_호표(신규)'!B2039 -> W1500xH150 | C20: ='일위대가_호표(신규)'!C2039 -> 1 | D20: ='일위대가_호표(신규)'!D2039 -> 개소 | E20: =F20+H20+J20 -> 712852 | F20: ='일위대가_호표(신규)'!H2058 -> 157522 | H20: ='일위대가_호표(신규)'!J2058 -> 545409 | J20: ='일위대가_호표(신규)'!L2058 -> 9921 | M20: HX0030 | N20: T | V20: 936 | W20: 14018 | X20: 1079 | Y20: 16033 | AA20: =EXACT($E20,$Y20) -> FALSE | AC20: =HYPERLINK("#일위대가_호표!A44","HX0030 →") -> HX0030 →
A21: ='일위대가_호표(신규)'!A2067 -> No.19 계류 | B21: ='일위대가_호표(신규)'!B2067 -> A=180.0m2 | C21: ='일위대가_호표(신규)'!C2067 -> 1 | D21: ='일위대가_호표(신규)'!D2067 -> 개소 | E21: =F21+H21+J21 -> 40891860 | F21: ='일위대가_호표(신규)'!H2083 -> 16257101 | H21: ='일위대가_호표(신규)'!J2083 -> 21248077 | J21: ='일위대가_호표(신규)'!L2083 -> 3386682 | M21: HX0031 | N21: T | V21: 713 | W21: 48243 | X21: 240 | Y21: 49196 | AA21: =EXACT($E21,$Y21) -> FALSE | AC21: =HYPERLINK("#일위대가_호표!A48","HX0031 →") -> HX0031 →
A22: ='일위대가_호표(신규)'!A2102 -> No.20 휴게데크C | B22: ='일위대가_호표(신규)'!B2102 -> A=84.0m2 | C22: ='일위대가_호표(신규)'!C2102 -> 1 | D22: ='일위대가_호표(신규)'!D2102 -> 개소 | E22: =F22+H22+J22 -> 13940815 | F22: ='일위대가_호표(신규)'!H2123 -> 3116792 | H22: ='일위대가_호표(신규)'!J2123 -> 10667291 | J22: ='일위대가_호표(신규)'!L2123 -> 156732 | M22: HX0032 | N22: T | V22: 870 | W22: 36001 | X22: 664 | Y22: 37535 | AA22: =EXACT($E22,$Y22) -> FALSE | AC22: =HYPERLINK("#일위대가_호표!A52","HX0032 →") -> HX0032 →
A23: ='일위대가_호표(신규)'!A2137 -> No.21 점자블럭(점형) | B23: ='일위대가_호표(신규)'!B2137 -> T60 | C23: ='일위대가_호표(신규)'!C2137 -> 1 | D23: ='일위대가_호표(신규)'!D2137 -> EA | E23: =F23+H23+J23 -> 6234 | F23: ='일위대가_호표(신규)'!H2146 -> 4768 | H23: ='일위대가_호표(신규)'!J2146 -> 766 | J23: ='일위대가_호표(신규)'!L2146 -> 700 | M23: HX0033 | N23: T | V23: 891 | W23: 58257 | X23: 300 | Y23: 59448 | AA23: =EXACT($E23,$Y23) -> FALSE | AC23: =HYPERLINK("#일위대가_호표!A56","HX0033 →") -> HX0033 →
A24: ='일위대가_호표(신규)'!A2148 -> No.22 점자블럭(선형) | B24: ='일위대가_호표(신규)'!B2148 -> T60 | C24: ='일위대가_호표(신규)'!C2148 -> 1 | D24: ='일위대가_호표(신규)'!D2148 -> EA | E24: =F24+H24+J24 -> 6234 | F24: ='일위대가_호표(신규)'!H2157 -> 4768 | H24: ='일위대가_호표(신규)'!J2157 -> 766 | J24: ='일위대가_호표(신규)'!L2157 -> 700 | M24: HX0034 | N24: T | V24: 369 | W24: 28284 | X24: 145 | Y24: 28798 | AA24: =EXACT($E24,$Y24) -> FALSE | AC24: =HYPERLINK("#일위대가_호표!A60","HX0034 →") -> HX0034 →
A25: ='일위대가_호표(신규)'!A2159 -> No.23 낙엽수 조형전정(1회) | B25: ='일위대가_호표(신규)'!B2159 -> B11(R13)미만 | C25: 1 | D25: 주 | E25: =F25+H25+J25 -> 24008 | F25: ='일위대가_호표(신규)'!H2163 -> 0 | H25: ='일위대가_호표(신규)'!J2163 -> 23538 | J25: ='일위대가_호표(신규)'!L2163 -> 470 | M25: HX0035 | N25: T | V25: 238 | W25: 21912 | X25: 84 | Y25: 22234 | AA25: =EXACT($E25,$Y25) -> FALSE | AC25: =HYPERLINK("#일위대가_호표!A64","HX0035 →") -> HX0035 →
A26: ='일위대가_호표(신규)'!A2165 -> No.24 낙엽수 조형전정(1회) | B26: ='일위대가_호표(신규)'!B2165 -> B11~21미만(R13~25미만) | C26: 1 | D26: 주 | E26: =F26+H26+J26 -> 31009 | F26: ='일위대가_호표(신규)'!H2170 -> 1118 | H26: ='일위대가_호표(신규)'!J2170 -> 27414 | J26: ='일위대가_호표(신규)'!L2170 -> 2477
A27: ='일위대가_호표(신규)'!A2172 -> No.25 낙엽수 조형전정(1회) | B27: ='일위대가_호표(신규)'!B2172 -> B21~31미만(R25~37미만) | C27: 1 | D27: 주 | E27: =F27+H27+J27 -> 49825 | F27: ='일위대가_호표(신규)'!H2177 -> 1721 | H27: ='일위대가_호표(신규)'!J2177 -> 44251 | J27: ='일위대가_호표(신규)'!L2177 -> 3853
A28: ='일위대가_호표(신규)'!A2179 -> No.26 낙엽수 조형전정(1회) | B28: ='일위대가_호표(신규)'!B2179 -> B31~41미만(R37~49미만) | C28: 1 | D28: 주 | E28: =F28+H28+J28 -> 83388 | F28: ='일위대가_호표(신규)'!H2184 -> 2882 | H28: ='일위대가_호표(신규)'!J2184 -> 74054 | J28: ='일위대가_호표(신규)'!L2184 -> 6452
A29: ='일위대가_호표(신규)'!A2186 -> No.27 낙엽수 조형전정(1회) | B29: ='일위대가_호표(신규)'!B2186 -> B41~51미만(R49~61미만) | C29: 1 | D29: 주 | E29: =F29+H29+J29 -> 125318 | F29: ='일위대가_호표(신규)'!H2191 -> 4302 | H29: ='일위대가_호표(신규)'!J2191 -> 111369 | J29: ='일위대가_호표(신규)'!L2191 -> 9647
A30: ='일위대가_호표(신규)'!A2193 -> No.28 상록수 조형전정(1회) | B30: ='일위대가_호표(신규)'!B2193 -> B11(R13)미만 | C30: 1 | D30: 주 | E30: =F30+H30+J30 -> 19625 | F30: ='일위대가_호표(신규)'!H2197 -> 0 | H30: ='일위대가_호표(신규)'!J2197 -> 19625 | J30: ='일위대가_호표(신규)'!L2197 -> 0
A31: ='일위대가_호표(신규)'!A2199 -> No.29 상록수 조형전정(1회) | B31: ='일위대가_호표(신규)'!B2199 -> B11~21미만(R13~25미만) | C31: 1 | D31: 주 | E31: =F31+H31+J31 -> 28779 | F31: ='일위대가_호표(신규)'!H2204 -> 946 | H31: ='일위대가_호표(신규)'!J2204 -> 25687 | J31: ='일위대가_호표(신규)'!L2204 -> 2146
A32: ='일위대가_호표(신규)'!A2206 -> No.30 상록수 조형전정(1회) | B32: ='일위대가_호표(신규)'!B2206 -> B21~31미만(R25~37미만) | C32: 1 | D32: 주 | E32: =F32+H32+J32 -> 43528 | F32: ='일위대가_호표(신규)'!H2211 -> 1505 | H32: ='일위대가_호표(신규)'!J2211 -> 38653 | J32: ='일위대가_호표(신규)'!L2211 -> 3370 | M32: HX0036 | N32: T | V32: 217 | W32: 21842 | X32: 57 | Y32: 22116 | AA32: =EXACT($E32,$Y32) -> FALSE | AC32: =HYPERLINK("#일위대가_호표!A68","HX0036 →") -> HX0036 →
A33: ='일위대가_호표(신규)'!A2213 -> No.31 상록수 조형전정(1회) | B33: ='일위대가_호표(신규)'!B2213 -> B31~41미만(R37~49미만) | C33: 1 | D33: 주 | E33: =F33+H33+J33 -> 70312 | F33: ='일위대가_호표(신규)'!H2218 -> 2452 | H33: ='일위대가_호표(신규)'!J2218 -> 62383 | J33: ='일위대가_호표(신규)'!L2218 -> 5477 | M33: HX0037 | N33: T | V33: 114 | W33: 11314 | X33: 35 | Y33: 11463 | AA33: =EXACT($E33,$Y33) -> FALSE | AC33: =HYPERLINK("#일위대가_호표!A72","HX0037 →") -> HX0037 →

Sheet 일위대가_호표(신규)
A1: 신규 일위대가_호표
A2: 공 종 명 | B2: 규 격 | C2: 수량 | D2: 단위 | E2: 합 계 | G2: 재 료 비 | I2: 노 무 비 | K2: 경 비 | M2: 비 고
E3: 단 가 | F3: 금 액 | G3: 단 가 | H3: 금 액 | I3: 단 가 | J3: 금 액 | K3: 단 가 | L3: 금 액 | S3: 할 증 | T3: 화폐변환 | U3: OP값 | V3: EQ | W3: LA | X3: MA | Y3: 금액계상
A4: No.1 소나무 제거 | B4: H8.0xW3.0xR8 | C4: 1 | D4: 주 | F4: =H4+J4+L4 -> 11468 | H4: =TRUNC(H5+H6,0) -> 119 | J4: =TRUNC(J5+J6,0) -> 11314 | L4: =TRUNC(L5+L6,0) -> 35 | O4: HX0020
A5: 벌목 및 제근 | B5: B7(R8) | C5: 1 | D5: 주 | E5: =G5+I5+K5 -> 11411 | F5: =H5+J5+L5 -> 11411 | G5: =일위대가목록!F203 -> 109 | H5: =TRUNC(G5*C5,1) -> 109 | I5: =일위대가목록!H203 -> 11280 | J5: =TRUNC(I5*C5,1) -> 11280 | K5: =일위대가목록!J203 -> 22 | L5: =TRUNC(K5*C5,1) -> 22 | P5: 10 | R5: NT1015 | T5: T | BI5: =HYPERLINK("#일위대가목록!A198","NT1015 →") -> NT1015 →
A6: 폐기물집적 및 상차 | B6: BH0.6m3 | C6: 0.01 | D6: m3 | E6: =G6+I6+K6 -> 5859 | F6: =H6+J6+L6 -> 58.4 | G6: =일위대가목록!F3 -> 1054 | H6: =TRUNC(G6*C6,1) -> 10.5 | I6: =일위대가목록!H3 -> 3467 | J6: =TRUNC(I6*C6,1) -> 34.6 | K6: =일위대가목록!J3 -> 1338 | L6: =TRUNC(K6*C6,1) -> 13.3 | P6: 20 | R6: NX1510 | T6: F | BI6: =HYPERLINK("#일위대가목록!A3","NX1510 →") -> NX1510 →
A8: No.2 소나무 제거 | B8: H5.0xW3.0xR25 | C8: 1 | D8: 주 | F8: =H8+J8+L8 -> 91691 | H8: =TRUNC(H9+H10,0) -> 1614 | J8: =TRUNC(J9+J10,0) -> 89527 | L8: =TRUNC(L9+L10,0) -> 550 | O8: HX0021
A9: 벌목 및 제근 | B9: B20(R24~25) | C9: 1 | D9: 주 | E9: =G9+I9+K9 -> 90521 | F9: =H9+J9+L9 -> 90521 | G9: =일위대가목록!F204 -> 1404 | H9: =TRUNC(G9*C9,1) -> 1404 | I9: =일위대가목록!H204 -> 88834 | J9: =TRUNC(I9*C9,1) -> 88834 | K9: =일위대가목록!J204 -> 283 | L9: =TRUNC(K9*C9,1) -> 283 | P9: 10 | R9: NT1060 | T9: T | BI9: =HYPERLINK("#일위대가목록!A199","NT1060 →") -> NT1060 →
A10: 폐기물집적 및 상차 | B10: BH0.6m3 | C10: 0.2 | D10: m3 | E10: =G10+I10+K10 -> 5859 | F10: =H10+J10+L10 -> 1171.8 | G10: =일위대가목록!F3 -> 1054 | H10: =TRUNC(G10*C10,1) -> 210.8 | I10: =일위대가목록!H3 -> 3467 | J10: =TRUNC(I10*C10,1) -> 693.4 | K10: =일위대가목록!J3 -> 1338 | L10: =TRUNC(K10*C10,1) -> 267.6 | P10: 20 | R10: NX1510 | T10: F | BI10: =HYPERLINK("#일위대가목록!A3","NX1510 →") -> NX1510 →
A12: No.3 스트로브잣나무 제거 | B12: H10.0xR30 | C12: 1 | D12: 주 | F12: =H12+J12+L12 -> 171033 | H12: =TRUNC(H13+H14,0) -> 3104 | J12: =TRUNC(J13+J14,0) -> 166977 | L12: =TRUNC(L13+L14,0) -> 952 | O12: HX0022
A13: 벌목 및 제근 | B13: B26(R30) | C13: 1 | D13: 주 | E13: =G13+I13+K13 -> 169335 | F13: =H13+J13+L13 -> 169335 | G13: =일위대가목록!F205 -> 2799 | H13: =TRUNC(G13*C13,1) -> 2799 | I13: =일위대가목록!H205 -> 165972 | J13: =TRUNC(I13*C13,1) -> 165972 | K13: =일위대가목록!J205 -> 564 | L13: =TRUNC(K13*C13,1) -> 564 | P13: 10 | R13: NT1080 | T13: T | BI13: =HYPERLINK("#일위대가목록!A200","NT1080 →") -> NT1080 →
A14: 폐기물집적 및 상차 | B14: BH0.6m3 | C14: 0.29 | D14: m3 | E14: =G14+I14+K14 -> 5859 | F14: =H14+J14+L14 -> 1699 | G14: =일위대가목록!F3 -> 1054 | H14: =TRUNC(G14*C14,1) -> 305.6 | I14: =일위대가목록!H3 -> 3467 | J14: =TRUNC(I14*C14,1) -> 1005.4 | K14: =일위대가목록!J3 -> 1338 | L14: =TRUNC(K14*C14,1) -> 388 | P14: 20 | R14: NX1510 | T14: F | BI14: =HYPERLINK("#일위대가목록!A3","NX1510 →") -> NX1510 →
A16: No.4 스트로브잣나무 제거 | B16: H8.0xR18 | C16: 1 | D16: 주 | F16: =H16+J16+L16 -> 49228 | H16: =TRUNC(H17+H18,0) -> 745 | J16: =TRUNC(J17+J18,0) -> 48243 | L16: =TRUNC(L17+L18,0) -> 240 | O16: HX0023
A17: 벌목 및 제근 | B17: B14(R17~18) | C17: 1 | D17: 주 | E17: =G17+I17+K17 -> 48760 | F17: =H17+J17+L17 -> 48760 | G17: =일위대가목록!F206 -> 661 | H17: =TRUNC(G17*C17,1) -> 661 | I17: =일위대가목록!H206 -> 47966 | J17: =TRUNC(I17*C17,1) -> 47966 | K17: =일위대가목록!J206 -> 133 | L17: =TRUNC(K17*C17,1) -> 133 | P17: 10 | R17: NT1045 | T17: T | BI17: =HYPERLINK("#일위대가목록!A201","NT1045 →") -> NT1045 →
A18: 폐기물집적 및 상차 | B18: BH0.6m3 | C18: 0.08 | D18: m3 | E18: =G18+I18+K18 -> 5859 | F18: =H18+J18+L18 -> 468.6 | G18: =일위대가목록!F3 -> 1054 | H18: =TRUNC(G18*C18,1) -> 84.3 | I18: =일위대가목록!H3 -> 3467 | J18: =TRUNC(I18*C18,1) -> 277.3 | K18: =일위대가목록!J3 -> 1338 | L18: =TRUNC(K18*C18,1) -> 107 | P18: 20 | R18: NX1510 | T18: F | BI18: =HYPERLINK("#일위대가목록!A3","NX1510 →") -> NX1510 →
A20: No.5 스트로브잣나무 제거 | B20: H7.0xR24 | C20: 1 | D20: 주 | F20: =H20+J20+L20 -> 91516 | H20: =TRUNC(H21+H22,0) -> 1583 | J20: =TRUNC(J21+J22,0) -> 89423 | L20: =TRUNC(L21+L22,0) -> 510 | O20: HX0024
A21: 벌목 및 제근 | B21: B20(R24) | C21: 1 | D21: 주 | E21: =G21+I21+K21 -> 90521 | F21: =H21+J21+L21 -> 90521 | G21: =일위대가목록!F204 -> 1404 | H21: =TRUNC(G21*C21,1) -> 1404 | I21: =일위대가목록!H204 -> 88834 | J21: =TRUNC(I21*C21,1) -> 88834 | K21: =일위대가목록!J204 -> 283 | L21: =TRUNC(K21*C21,1) -> 283 | P21: 10 | R21: NT1060 | T21: T | BI21: =HYPERLINK("#일위대가목록!A199","NT1060 →") -> NT1060 →
A22: 폐기물집적 및 상차 | B22: BH0.6m3 | C22: 0.17 | D22: m3 | E22: =G22+I22+K22 -> 5859 | F22: =H22+J22+L22 -> 995.8 | G22: =일위대가목록!F3 -> 1054 | H22: =TRUNC(G22*C22,1) -> 179.1 | I22: =일위대가목록!H3 -> 3467 | J22: =TRUNC(I22*C22,1) -> 589.3 | K22: =일위대가목록!J3 -> 1338 | L22: =TRUNC(K22*C22,1) -> 227.4 | P22: 20 | R22: NX1510 | T22: F | BI22: =HYPERLINK("#일위대가목록!A3","NX1510 →") -> NX1510 →
A24: No.6 스트로브잣나무 제거 | B24: H7.0xR22 | C24: 1 | D24: 주 | F24: =H24+J24+L24 -> 59722 | H24: =TRUNC(H25+H26,0) -> 972 | J24: =TRUNC(J25+J26,0) -> 58396 | L24: =TRUNC(L25+L26,0) -> 354 | O24: HX0025
A25: 벌목 및 제근 | B25: B16(R20~22) | C25: 1 | D25: 주 | E25: =G25+I25+K25 -> 58903 | F25: =H25+J25+L25 -> 58903 | G25: =일위대가목록!F207 -> 825 | H25: =TRUNC(G25*C25,1) -> 825 | I25: =일위대가목록!H207 -> 57911 | J25: =TRUNC(I25*C25,1) -> 57911 | K25: =일위대가목록!J207 -> 167 | L25: =TRUNC(K25*C25,1) -> 167 | P25: 10 | R25: NT1050 | T25: T | BI25: =HYPERLINK("#일위대가목록!A202","NT1050 →") -> NT1050 →
A26: 폐기물집적 및 상차 | B26: BH0.6m3 | C26: 0.14 | D26: m3 | E26: =G26+I26+K26 -> 5859 | F26: =H26+J26+L26 -> 820.1 | G26: =일위대가목록!F3 -> 1054 | H26: =TRUNC(G26*C26,1) -> 147.5 | I26: =일위대가목록!H3 -> 3467 | J26: =TRUNC(I26*C26,1) -> 485.3 | K26: =일위대가목록!J3 -> 1338 | L26: =TRUNC(K26*C26,1) -> 187.3 | P26: 20 | R26: NX1510 | T26: F | BI26: =HYPERLINK("#일위대가목록!A3","NX1510 →") -> NX1510 →
A28: No.7 스트로브잣나무 제거 | B28: H7.0xR20 | C28: 1 | D28: 주 | F28: =H28+J28+L28 -> 59487 | H28: =TRUNC(H29+H30,0) -> 930 | J28: =TRUNC(J29+J30,0) -> 58257 | L28: =TRUNC(L29+L30,0) -> 300 | O28: HX0026
A29: 벌목 및 제근 | B29: B16(R20~22) | C29: 1 | D29: 주 | E29: =G29+I29+K29 -> 58903 | F29: =H29+J29+L29 -> 58903 | G29: =일위대가목록!F207 -> 825 | H29: =TRUNC(G29*C29,1) -> 825 | I29: =일위대가목록!H207 -> 57911 | J29: =TRUNC(I29*C29,1) -> 57911 | K29: =일위대가목록!J207 -> 167 | L29: =TRUNC(K29*C29,1) -> 167 | P29: 10 | R29: NT1050 | T29: T | BI29: =HYPERLINK("#일위대가목록!A202","NT1050 →") -> NT1050 →
A30: 폐기물집적 및 상차 | B30: BH0.6m3 | C30: 0.1 | D30: m3 | E30: =G30+I30+K30 -> 5859 | F30: =H30+J30+L30 -> 585.9 | G30: =일위대가목록!F3 -> 1054 | H30: =TRUNC(G30*C30,1) -> 105.4 | I30: =일위대가목록!H3 -> 3467 | J30: =TRUNC(I30*C30,1) -> 346.7 | K30: =일위대가목록!J3 -> 1338 | L30: =TRUNC(K30*C30,1) -> 133.8 | P30: 20 | R30: NX1510 | T30: F | BI30: =HYPERLINK("#일위대가목록!A3","NX1510 →") -> NX1510 →
A32: No.8 스트로브잣나무 제거 | B32: H7.0xR15 | C32: 1 | D32: 주 | F32: =H32+J32+L32 -> 35329 | H32: =TRUNC(H33+H34,0) -> 490 | J32: =TRUNC(J33+J34,0) -> 34684 | L32: =TRUNC(L33+L34,0) -> 155 | O32: HX0027
A33: 벌목 및 제근 | B33: B12(R14~15) | C33: 1 | D33: 주 | E33: =G33+I33+K33 -> 35038 | F33: =H33+J33+L33 -> 35038 | G33: =일위대가목록!F208 -> 438 | H33: =TRUNC(G33*C33,1) -> 438 | I33: =일위대가목록!H208 -> 34511 | J33: =TRUNC(I33*C33,1) -> 34511 | K33: =일위대가목록!J208 -> 89 | L33: =TRUNC(K33*C33,1) -> 89 | P33: 10 | R33: NT1040 | T33: T | BI33: =HYPERLINK("#일위대가목록!A203","NT1040 →") -> NT1040 →
A34: 폐기물집적 및 상차 | B34: BH0.6m3 | C34: 0.05 | D34: m3 | E34: =G34+I34+K34 -> 5859 | F34: =H34+J34+L34 -> 292.9 | G34: =일위대가목록!F3 -> 1054 | H34: =TRUNC(G34*C34,1) -> 52.7 | I34: =일위대가목록!H3 -> 3467 | J34: =TRUNC(I34*C34,1) -> 173.3 | K34: =일위대가목록!J3 -> 1338 | L34: =TRUNC(K34*C34,1) -> 66.9 | P34: 20 | R34: NX1510 | T34: F | BI34: =HYPERLINK("#일위대가목록!A3","NX1510 →") -> NX1510 →
A36: No.9 스트로브잣나무 제거 | B36: H6.0xR18 | C36: 1 | D36: 주 | F36: =H36+J36+L36 -> 49228 | H36: =TRUNC(H37+H38,0) -> 745 | J36: =TRUNC(J37+J38,0) -> 48243 | L36: =TRUNC(L37+L38,0) -> 240 | O36: HX0028
A37: 벌목 및 제근 | B37: B14(R17~18) | C37: 1 | D37: 주 | E37: =G37+I37+K37 -> 48760 | F37: =H37+J37+L37 -> 48760 | G37: =일위대가목록!F206 -> 661 | H37: =TRUNC(G37*C37,1) -> 661 | I37: =일위대가목록!H206 -> 47966 | J37: =TRUNC(I37*C37,1) -> 47966 | K37: =일위대가목록!J206 -> 133 | L37: =TRUNC(K37*C37,1) -> 133 | P37: 10 | R37: NT1045 | T37: T | BI37: =HYPERLINK("#일위대가목록!A201","NT1045 →") -> NT1045 →
A38: 폐기물집적 및 상차 | B38: BH0.6m3 | C38: 0.08 | D38: m3 | E38: =G38+I38+K38 -> 5859 | F38: =H38+J38+L38 -> 468.6 | G38: =일위대가목록!F3 -> 1054 | H38: =TRUNC(G38*C38,1) -> 84.3 | I38: =일위대가목록!H3 -> 3467 | J38: =TRUNC(I38*C38,1) -> 277.3 | K38: =일위대가목록!J3 -> 1338 | L38: =TRUNC(K38*C38,1) -> 107 | P38: 20 | R38: NX1510 | T38: F | BI38: =HYPERLINK("#일위대가목록!A3","NX1510 →") -> NX1510 →
A40: No.10 스트로브잣나무 제거 | B40: H4.0xR15 | C40: 1 | D40: 주 | F40: =H40+J40+L40 -> 35329 | H40: =TRUNC(H41+H42,0) -> 490 | J40: =TRUNC(J41+J42,0) -> 34684 | L40: =TRUNC(L41+L42,0) -> 155 | O40: HX0029
A41: 벌목 및 제근 | B41: B12(R14~15) | C41: 1 | D41: 주 | E41: =G41+I41+K41 -> 35038 | F41: =H41+J41+L41 -> 35038 | G41: =일위대가목록!F208 -> 438 | H41: =TRUNC(G41*C41,1) -> 438 | I41: =일위대가목록!H208 -> 34511 | J41: =TRUNC(I41*C41,1) -> 34511 | K41: =일위대가목록!J208 -> 89 | L41: =TRUNC(K41*C41,1) -> 89 | P41: 10 | R41: NT1040 | T41: T | BI41: =HYPERLINK("#일위대가목록!A203","NT1040 →") -> NT1040 →
A42: 폐기물집적 및 상차 | B42: BH0.6m3 | C42: 0.05 | D42: m3 | E42: =G42+I42+K42 -> 5859 | F42: =H42+J42+L42 -> 292.9 | G42: =일위대가목록!F3 -> 1054 | H42: =TRUNC(G42*C42,1) -> 52.7 | I42: =일위대가목록!H3 -> 3467 | J42: =TRUNC(I42*C42,1) -> 173.3 | K42: =일위대가목록!J3 -> 1338 | L42: =TRUNC(K42*C42,1) -> 66.9 | P42: 20 | R42: NX1510 | T42: F | BI42: =HYPERLINK("#일위대가목록!A3","NX1510 →") -> NX1510 →
A44: No.11 전나무 제거 | B44: H7.0xW2.0 | C44: 1 | D44: 주 | F44: =H44+J44+L44 -> 16038 | H44: =TRUNC(H45+H46,0) -> 941 | J44: =TRUNC(J45+J46,0) -> 14018 | L44: =TRUNC(L45+L46,0) -> 1079 | O44: HX0030
A45: 벌목 및 제근 | B45: B7(R8) | C45: 1 | D45: 주 | E45: =G45+I45+K45 -> 11411 | F45: =H45+J45+L45 -> 11411 | G45: =일위대가목록!F203 -> 109 | H45: =TRUNC(G45*C45,1) -> 109 | I45: =일위대가목록!H203 -> 11280 | J45: =TRUNC(I45*C45,1) -> 11280 | K45: =일위대가목록!J203 -> 22 | L45: =TRUNC(K45*C45,1) -> 22 | P45: 10 | R45: NT1015 | T45: T | BI45: =HYPERLINK("#일위대가목록!A198","NT1015 →") -> NT1015 →
A46: 폐기물집적 및 상차 | B46: BH0.6m3 | C46: 0.79 | D46: m3 | E46: =G46+I46+K46 -> 5859 | F46: =H46+J46+L46 -> 4628.5 | G46: =일위대가목록!F3 -> 1054 | H46: =TRUNC(G46*C46,1) -> 832.6 | I46: =일위대가목록!H3 -> 3467 | J46: =TRUNC(I46*C46,1) -> 2738.9 | K46: =일위대가목록!J3 -> 1338 | L46: =TRUNC(K46*C46,1) -> 1057 | P46: 20 | R46: NX1510 | T46: F | BI46: =HYPERLINK("#일위대가목록!A3","NX1510 →") -> NX1510 →
A48: No.12 전나무 제거 | B48: H7.0xR18 | C48: 1 | D48: 주 | F48: =H48+J48+L48 -> 49228 | H48: =TRUNC(H49+H50,0) -> 745 | J48: =TRUNC(J49+J50,0) -> 48243 | L48: =TRUNC(L49+L50,0) -> 240 | O48: HX0031
A49: 벌목 및 제근 | B49: B14(R17~18) | C49: 1 | D49: 주 | E49: =G49+I49+K49 -> 48760 | F49: =H49+J49+L49 -> 48760 | G49: =일위대가목록!F206 -> 661 | H49: =TRUNC(G49*C49,1) -> 661 | I49: =일위대가목록!H206 -> 47966 | J49: =TRUNC(I49*C49,1) -> 47966 | K49: =일위대가목록!J206 -> 133 | L49: =TRUNC(K49*C49,1) -> 133 | P49: 10 | R49: NT1045 | T49: T | BI49: =HYPERLINK("#일위대가목록!A201","NT1045 →") -> NT1045 →
A50: 폐기물집적 및 상차 | B50: BH0.6m3 | C50: 0.08 | D50: m3 | E50: =G50+I50+K50 -> 5859 | F50: =H50+J50+L50 -> 468.6 | G50: =일위대가목록!F3 -> 1054 | H50: =TRUNC(G50*C50,1) -> 84.3 | I50: =일위대가목록!H3 -> 3467 | J50: =TRUNC(I50*C50,1) -> 277.3 | K50: =일위대가목록!J3 -> 1338 | L50: =TRUNC(K50*C50,1) -> 107 | P50: 20 | R50: NX1510 | T50: F | BI50: =HYPERLINK("#일위대가목록!A3","NX1510 →") -> NX1510 →
A52: No.13 전나무 제거 | B52: H5.5xW3.0 | C52: 1 | D52: 주 | F52: =H52+J52+L52 -> 37556 | H52: =TRUNC(H53+H54,0) -> 891 | J52: =TRUNC(J53+J54,0) -> 36001 | L52: =TRUNC(L53+L54,0) -> 664 | O52: HX0032
A53: 벌목 및 제근 | B53: B12(R14~15) | C53: 1 | D53: 주 | E53: =G53+I53+K53 -> 35038 | F53: =H53+J53+L53 -> 35038 | G53: =일위대가목록!F208 -> 438 | H53: =TRUNC(G53*C53,1) -> 438 | I53: =일위대가목록!H208 -> 34511 | J53: =TRUNC(I53*C53,1) -> 34511 | K53: =일위대가목록!J208 -> 89 | L53: =TRUNC(K53*C53,1) -> 89 | P53: 10 | R53: NT1040 | T53: T | BI53: =HYPERLINK("#일위대가목록!A203","NT1040 →") -> NT1040 →
A54: 폐기물집적 및 상차 | B54: BH0.6m3 | C54: 0.43 | D54: m3 | E54: =G54+I54+K54 -> 5859 | F54: =H54+J54+L54 -> 2519.3 | G54: =일위대가목록!F3 -> 1054 | H54: =TRUNC(G54*C54,1) -> 453.2 | I54: =일위대가목록!H3 -> 3467 | J54: =TRUNC(I54*C54,1) -> 1490.8 | K54: =일위대가목록!J3 -> 1338 | L54: =TRUNC(K54*C54,1) -> 575.3 | P54: 20 | R54: NX1510 | T54: F | BI54: =HYPERLINK("#일위대가목록!A3","NX1510 →") -> NX1510 →
A56: No.14 전나무 제거 | B56: H5.0xR20 | C56: 1 | D56: 주 | F56: =H56+J56+L56 -> 59487 | H56: =TRUNC(H57+H58,0) -> 930 | J56: =TRUNC(J57+J58,0) -> 58257 | L56: =TRUNC(L57+L58,0) -> 300 | O56: HX0033
A57: 벌목 및 제근 | B57: B16(R20~22) | C57: 1 | D57: 주 | E57: =G57+I57+K57 -> 58903 | F57: =H57+J57+L57 -> 58903 | G57: =일위대가목록!F207 -> 825 | H57: =TRUNC(G57*C57,1) -> 825 | I57: =일위대가목록!H207 -> 57911 | J57: =TRUNC(I57*C57,1) -> 57911 | K57: =일위대가목록!J207 -> 167 | L57: =TRUNC(K57*C57,1) -> 167 | P57: 10 | R57: NT1050 | T57: T | BI57: =HYPERLINK("#일위대가목록!A202","NT1050 →") -> NT1050 →
A58: 폐기물집적 및 상차 | B58: BH0.6m3 | C58: 0.1 | D58: m3 | E58: =G58+I58+K58 -> 5859 | F58: =H58+J58+L58 -> 585.9 | G58: =일위대가목록!F3 -> 1054 | H58: =TRUNC(G58*C58,1) -> 105.4 | I58: =일위대가목록!H3 -> 3467 | J58: =TRUNC(I58*C58,1) -> 346.7 | K58: =일위대가목록!J3 -> 1338 | L58: =TRUNC(K58*C58,1) -> 133.8 | P58: 20 | R58: NX1510 | T58: F | BI58: =HYPERLINK("#일위대가목록!A3","NX1510 →") -> NX1510 →
A60: No.15 전나무 제거 | B60: H3.5xW1.8 | C60: 1 | D60: 주 | F60: =H60+J60+L60 -> 28813 | H60: =TRUNC(H61+H62,0) -> 384 | J60: =TRUNC(J61+J62,0) -> 28284 | L60: =TRUNC(L61+L62,0) -> 145 | O60: HX0034
A61: 벌목 및 제근 | B61: B10(R12) | C61: 1 | D61: 주 | E61: =G61+I61+K61 -> 28462 | F61: =H61+J61+L61 -> 28462 | G61: =일위대가목록!F209 -> 321 | H61: =TRUNC(G61*C61,1) -> 321 | I61: =일위대가목록!H209 -> 28076 | J61: =TRUNC(I61*C61,1) -> 28076 | K61: =일위대가목록!J209 -> 65 | L61: =TRUNC(K61*C61,1) -> 65 | P61: 10 | R61: NT1030 | T61: T | BI61: =HYPERLINK("#일위대가목록!A204","NT1030 →") -> NT1030 →
A62: 폐기물집적 및 상차 | B62: BH0.6m3 | C62: 0.06 | D62: m3 | E62: =G62+I62+K62 -> 5859 | F62: =H62+J62+L62 -> 351.4 | G62: =일위대가목록!F3 -> 1054 | H62: =TRUNC(G62*C62,1) -> 63.2 | I62: =일위대가목록!H3 -> 3467 | J62: =TRUNC(I62*C62,1) -> 208 | K62: =일위대가목록!J3 -> 1338 | L62: =TRUNC(K62*C62,1) -> 80.2 | P62: 20 | R62: NX1510 | T62: F | BI62: =HYPERLINK("#일위대가목록!A3","NX1510 →") -> NX1510 →
A64: No.16 전나무 제거 | B64: H3.0xW1.5 | C64: 1 | D64: 주 | F64: =H64+J64+L64 -> 22244 | H64: =TRUNC(H65+H66,0) -> 248 | J64: =TRUNC(J65+J66,0) -> 21912 | L64: =TRUNC(L65+L66,0) -> 84 | O64: HX0035
A65: 벌목 및 제근 | B65: B8(R10)이하 | C65: 1 | D65: 주 | E65: =G65+I65+K65 -> 22069 | F65: =H65+J65+L65 -> 22069 | G65: =일위대가목록!F210 -> 217 | H65: =TRUNC(G65*C65,1) -> 217 | I65: =일위대가목록!H210 -> 21808 | J65: =TRUNC(I65*C65,1) -> 21808 | K65: =일위대가목록!J210 -> 44 | L65: =TRUNC(K65*C65,1) -> 44 | P65: 10 | R65: NT1020 | T65: T | BI65: =HYPERLINK("#일위대가목록!A205","NT1020 →") -> NT1020 →
A66: 폐기물집적 및 상차 | B66: BH0.6m3 | C66: 0.03 | D66: m3 | E66: =G66+I66+K66 -> 5859 | F66: =H66+J66+L66 -> 175.7 | G66: =일위대가목록!F3 -> 1054 | H66: =TRUNC(G66*C66,1) -> 31.6 | I66: =일위대가목록!H3 -> 3467 | J66: =TRUNC(I66*C66,1) -> 104 | K66: =일위대가목록!J3 -> 1338 | L66: =TRUNC(K66*C66,1) -> 40.1 | P66: 20 | R66: NX1510 | T66: F | BI66: =HYPERLINK("#일위대가목록!A3","NX1510 →") -> NX1510 →
A68: No.17 주목 제거 | B68: H2.5xW2.0 | C68: 1 | D68: 주 | F68: =H68+J68+L68 -> 22126 | H68: =TRUNC(H69+H70,0) -> 227 | J68: =TRUNC(J69+J70,0) -> 21842 | L68: =TRUNC(L69+L70,0) -> 57 | O68: HX0036
A69: 벌목 및 제근 | B69: B8(R10)이하 | C69: 1 | D69: 주 | E69: =G69+I69+K69 -> 22069 | F69: =H69+J69+L69 -> 22069 | G69: =일위대가목록!F210 -> 217 | H69: =TRUNC(G69*C69,1) -> 217 | I69: =일위대가목록!H210 -> 21808 | J69: =TRUNC(I69*C69,1) -> 21808 | K69: =일위대가목록!J210 -> 44 | L69: =TRUNC(K69*C69,1) -> 44 | P69: 10 | R69: NT1020 | T69: T | BI69: =HYPERLINK("#일위대가목록!A205","NT1020 →") -> NT1020 →
A70: 폐기물집적 및 상차 | B70: BH0.6m3 | C70: 0.01 | D70: m3 | E70: =G70+I70+K70 -> 5859 | F70: =H70+J70+L70 -> 58.4 | G70: =일위대가목록!F3 -> 1054 | H70: =TRUNC(G70*C70,1) -> 10.5 | I70: =일위대가목록!H3 -> 3467 | J70: =TRUNC(I70*C70,1) -> 34.6 | K70: =일위대가목록!J3 -> 1338 | L70: =TRUNC(K70*C70,1) -> 13.3 | P70: 20 | R70: NX1510 | T70: F | BI70: =HYPERLINK("#일위대가목록!A3","NX1510 →") -> NX1510 →
A72: No.18 주목 제거 | B72: H2.5xW1.2 | C72: 1 | D72: 주 | F72: =H72+J72+L72 -> 11468 | H72: =TRUNC(H73+H74,0) -> 119 | J72: =TRUNC(J73+J74,0) -> 11314 | L72: =TRUNC(L73+L74,0) -> 35 | O72: HX0037
A73: 벌목 및 제근 | B73: B7(R8) | C73: 1 | D73: 주 | E73: =G73+I73+K73 -> 11411 | F73: =H73+J73+L73 -> 11411 | G73: =일위대가목록!F203 -> 109 | H73: =TRUNC(G73*C73,1) -> 109 | I73: =일위대가목록!H203 -> 11280 | J73: =TRUNC(I73*C73,1) -> 11280 | K73: =일위대가목록!J203 -> 22 | L73: =TRUNC(K73*C73,1) -> 22 | P73: 10 | R73: NT1015 | T73: T | BI73: =HYPERLINK("#일위대가목록!A198","NT1015 →") -> NT1015 →
A74: 폐기물집적 및 상차 | B74: BH0.6m3 | C74: 0.01 | D74: m3 | E74: =G74+I74+K74 -> 5859 | F74: =H74+J74+L74 -> 58.4 | G74: =일위대가목록!F3 -> 1054 | H74: =TRUNC(G74*C74,1) -> 10.5 | I74: =일위대가목록!H3 -> 3467 | J74: =TRUNC(I74*C74,1) -> 34.6 | K74: =일위대가목록!J3 -> 1338 | L74: =TRUNC(K74*C74,1) -> 13.3 | P74: 20 | R74: NX1510 | T74: F | BI74: =HYPERLINK("#일위대가목록!A3","NX1510 →") -> NX1510 →
A76: No.19 소나무묘목 제거 | B76: H0.8xR3 | C76: 1 | D76: 주 | F76: =H76+J76+L76 -> 725 | H76: =TRUNC(H77+H78,0) -> 10 | J76: =TRUNC(J77+J78,0) -> 702 | L76: =TRUNC(L77+L78,0) -> 13 | O76: HX0038
A77: 관목제거 | B77: H0.8~1.1 | C77: 1 | D77: 주 | E77: =G77+I77+K77 -> 668 | F77: =H77+J77+L77 -> 668 | G77: =일위대가목록!F211 -> 0 | H77: =TRUNC(G77*C77,1) -> 0 | I77: =일위대가목록!H211 -> 668 | J77: =TRUNC(I77*C77,1) -> 668 | K77: =일위대가목록!J211 -> 0 | L77: =TRUNC(K77*C77,1) -> 0 | P77: 10 | R77: NT1300-08 | T77: T | BI77: =HYPERLINK("#일위대가목록!A206","NT1300-08 →") -> NT1300-08 →
A78: 폐기물집적 및 상차 | B78: BH0.6m3 | C78: 0.01 | D78: m3 | E78: =G78+I78+K78 -> 5859 | F78: =H78+J78+L78 -> 58.4 | G78: =일위대가목록!F3 -> 1054 | H78: =TRUNC(G78*C78,1) -> 10.5 | I78: =일위대가목록!H3 -> 3467 | J78: =TRUNC(I78*C78,1) -> 34.6 | K78: =일위대가목록!J3 -> 1338 | L78: =TRUNC(K78*C78,1) -> 13.3 | P78: 20 | R78: NX1510 | T78: F | BI78: =HYPERLINK("#일위대가목록!A3","NX1510 →") -> NX1510 →
A80: No.20 가중나무 제거 | B80: H3.5xB6 | C80: 1 | D80: 주 | F80: =H80+J80+L80 -> 11468 | H80: =TRUNC(H81+H82,0) -> 119 | J80: =TRUNC(J81+J82,0) -> 11314 | L80: =TRUNC(L81+L82,0) -> 35 | O80: HX0039
A81: 벌목 및 제근 | B81: B6~7(R8) | C81: 1 | D81: 주 | E81: =G81+I81+K81 -> 11411 | F81: =H81+J81+L81 -> 11411 | G81: =일위대가목록!F203 -> 109 | H81: =TRUNC(G81*C81,1) -> 109 | I81: =일위대가목록!H203 -> 11280 | J81: =TRUNC(I81*C81,1) -> 11280 | K81: =일위대가목록!J203 -> 22 | L81: =TRUNC(K81*C81,1) -> 22 | P81: 10 | R81: NT1015 | T81: T | BI81: =HYPERLINK("#일위대가목록!A198","NT1015 →") -> NT1015 →
A82: 폐기물집적 및 상차 | B82: BH0.6m3 | C82: 0.01 | D82: m3 | E82: =G82+I82+K82 -> 5859 | F82: =H82+J82+L82 -> 58.4 | G82: =일위대가목록!F3 -> 1054 | H82: =TRUNC(G82*C82,1) -> 10.5 | I82: =일위대가목록!H3 -> 3467 | J82: =TRUNC(I82*C82,1) -> 34.6 | K82: =일위대가목록!J3 -> 1338 | L82: =TRUNC(K82*C82,1) -> 13.3 | P82: 20 | R82: NX1510 | T82: F | BI82: =HYPERLINK("#일위대가목록!A3","NX1510 →") -> NX1510 →
A84: No.21 감나무 제거 | B84: H2.0xR4 | C84: 1 | D84: 주 | F84: =H84+J84+L84 -> 8062 | H84: =TRUNC(H85+H86,0) -> 67 | J84: =TRUNC(J85+J86,0) -> 7971 | L84: =TRUNC(L85+L86,0) -> 24 | O84: HX0040
A85: 벌목 및 제근 | B85: B4(R4)이하 | C85: 1 | D85: 주 | E85: =G85+I85+K85 -> 8005 | F85: =H85+J85+L85 -> 8005 | G85: =일위대가목록!F212 -> 57 | H85: =TRUNC(G85*C85,1) -> 57 | I85: =일위대가목록!H212 -> 7937 | J85: =TRUNC(I85*C85,1) -> 7937 | K85: =일위대가목록!J212 -> 11 | L85: =TRUNC(K85*C85,1) -> 11 | P85: 10 | R85: NT1000 | T85: T | BI85: =HYPERLINK("#일위대가목록!A207","NT1000 →") -> NT1000 →
A86: 폐기물집적 및 상차 | B86: BH0.6m3 | C86: 0.01 | D86: m3 | E86: =G86+I86+K86 -> 5859 | F86: =H86+J86+L86 -> 58.4 | G86: =일위대가목록!F3 -> 1054 | H86: =TRUNC(G86*C86,1) -> 10.5 | I86: =일위대가목록!H3 -> 3467 | J86: =TRUNC(I86*C86,1) -> 34.6 | K86: =일위대가목록!J3 -> 1338 | L86: =TRUNC(K86*C86,1) -> 13.3 | P86: 20 | R86: NX1510 | T86: F | BI86: =HYPERLINK("#일위대가목록!A3","NX1510 →") -> NX1510 →
A88: No.22 단풍나무 제거 | B88: H5.0xR20 | C88: 1 | D88: 주 | F88: =H88+J88+L88 -> 59487 | H88: =TRUNC(H89+H90,0) -> 930 | J88: =TRUNC(J89+J90,0) -> 58257 | L88: =TRUNC(L89+L90,0) -> 300 | O88: HX0041
A89: 벌목 및 제근 | B89: B16(R20~22) | C89: 1 | D89: 주 | E89: =G89+I89+K89 -> 58903 | F89: =H89+J89+L89 -> 58903 | G89: =일위대가목록!F207 -> 825 | H89: =TRUNC(G89*C89,1) -> 825 | I89: =일위대가목록!H207 -> 57911 | J89: =TRUNC(I89*C89,1) -> 57911 | K89: =일위대가목록!J207 -> 167 | L89: =TRUNC(K89*C89,1) -> 167 | P89: 10 | R89: NT1050 | T89: T | BI89: =HYPERLINK("#일위대가목록!A202","NT1050 →") -> NT1050 →
A90: 폐기물집적 및 상차 | B90: BH0.6m3 | C90: 0.1 | D90: m3 | E90: =G90+I90+K90 -> 5859 | F90: =H90+J90+L90 -> 585.9 | G90: =일위대가목록!F3 -> 1054 | H90: =TRUNC(G90*C90,1) -> 105.4 | I90: =일위대가목록!H3 -> 3467 | J90: =TRUNC(I90*C90,1) -> 346.7 | K90: =일위대가목록!J3 -> 1338 | L90: =TRUNC(K90*C90,1) -> 133.8 | P90: 20 | R90: NX1510 | T90: F | BI90: =HYPERLINK("#일위대가목록!A3","NX1510 →") -> NX1510 →
A92: No.23 당단풍나무 제거 | B92: H3.0xR13 | C92: 1 | D92: 주 | F92: =H92+J92+L92 -> 28637 | H92: =TRUNC(H93+H94,0) -> 352 | J92: =TRUNC(J93+J94,0) -> 28180 | L92: =TRUNC(L93+L94,0) -> 105 | O92: HX0042
A93: 벌목 및 제근 | B93: B10(R12) | C93: 1 | D93: 주 | E93: =G93+I93+K93 -> 28462 | F93: =H93+J93+L93 -> 28462 | G93: =일위대가목록!F209 -> 321 | H93: =TRUNC(G93*C93,1) -> 321 | I93: =일위대가목록!H209 -> 28076 | J93: =TRUNC(I93*C93,1) -> 28076 | K93: =일위대가목록!J209 -> 65 | L93: =TRUNC(K93*C93,1) -> 65 | P93: 10 | R93: NT1030 | T93: T | BI93: =HYPERLINK("#일위대가목록!A204","NT1030 →") -> NT1030 →
A94: 폐기물집적 및 상차 | B94: BH0.6m3 | C94: 0.03 | D94: m3 | E94: =G94+I94+K94 -> 5859 | F94: =H94+J94+L94 -> 175.7 | G94: =일위대가목록!F3 -> 1054 | H94: =TRUNC(G94*C94,1) -> 31.6 | I94: =일위대가목록!H3 -> 3467 | J94: =TRUNC(I94*C94,1) -> 104 | K94: =일위대가목록!J3 -> 1338 | L94: =TRUNC(K94*C94,1) -> 40.1 | P94: 20 | R94: NX1510 | T94: F | BI94: =HYPERLINK("#일위대가목록!A3","NX1510 →") -> NX1510 →
A96: No.24 대추나무 제거 | B96: H2.0xR4 | C96: 1 | D96: 주 | F96: =H96+J96+L96 -> 8062 | H96: =TRUNC(H97+H98,0) -> 67 | J96: =TRUNC(J97+J98,0) -> 7971 | L96: =TRUNC(L97+L98,0) -> 24 | O96: HX0043
A97: 벌목 및 제근 | B97: B4(R4)이하 | C97: 1 | D97: 주 | E97: =G97+I97+K97 -> 8005 | F97: =H97+J97+L97 -> 8005 | G97: =일위대가목록!F212 -> 57 | H97: =TRUNC(G97*C97,1) -> 57 | I97: =일위대가목록!H212 -> 7937 | J97: =TRUNC(I97*C97,1) -> 7937 | K97: =일위대가목록!J212 -> 11 | L97: =TRUNC(K97*C97,1) -> 11 | P97: 10 | R97: NT1000 | T97: T | BI97: =HYPERLINK("#일위대가목록!A207","NT1000 →") -> NT1000 →
A98: 폐기물집적 및 상차 | B98: BH0.6m3 | C98: 0.01 | D98: m3 | E98: =G98+I98+K98 -> 5859 | F98: =H98+J98+L98 -> 58.4 | G98: =일위대가목록!F3 -> 1054 | H98: =TRUNC(G98*C98,1) -> 10.5 | I98: =일위대가목록!H3 -> 3467 | J98: =TRUNC(I98*C98,1) -> 34.6 | K98: =일위대가목록!J3 -> 1338 | L98: =TRUNC(K98*C98,1) -> 13.3 | P98: 20 | R98: NX1510 | T98: F | BI98: =HYPERLINK("#일위대가목록!A3","NX1510 →") -> NX1510 →
A100: No.25 백목련 제거 | B100: H3.5xR15 | C100: 1 | D100: 주 | F100: =H100+J100+L100 -> 35329 | H100: =TRUNC(H101+H102,0) -> 490 | J100: =TRUNC(J101+J102,0) -> 34684 | L100: =TRUNC(L101+L102,0) -> 155 | O100: HX0044
A101: 벌목 및 제근 | B101: B12(R14~15) | C101: 1 | D101: 주 | E101: =G101+I101+K101 -> 35038 | F101: =H101+J101+L101 -> 35038 | G101: =일위대가목록!F208 -> 438 | H101: =TRUNC(G101*C101,1) -> 438 | I101: =일위대가목록!H208 -> 34511 | J101: =TRUNC(I101*C101,1) -> 34511 | K101: =일위대가목록!J208 -> 89 | L101: =TRUNC(K101*C101,1) -> 89 | P101: 10 | R101: NT1040 | T101: T | BI101: =HYPERLINK("#일위대가목록!A203","NT1040 →") -> NT1040 →
A102: 폐기물집적 및 상차 | B102: BH0.6m3 | C102: 0.05 | D102: m3 | E102: =G102+I102+K102 -> 5859 | F102: =H102+J102+L102 -> 292.9 | G102: =일위대가목록!F3 -> 1054 | H102: =TRUNC(G102*C102,1) -> 52.7 | I102: =일위대가목록!H3 -> 3467 | J102: =TRUNC(I102*C102,1) -> 173.3 | K102: =일위대가목록!J3 -> 1338 | L102: =TRUNC(K102*C102,1) -> 66.9 | P102: 20 | R102: NX1510 | T102: F | BI102: =HYPERLINK("#일위대가목록!A3","NX1510 →") -> NX1510 →
A104: No.26 버드나무 제거 | B104: H14.0xR69 | C104: 1 | D104: 주 | F104: =H104+J104+L104 -> 1628103 | H104: =TRUNC(H105+H106,0) -> 35140 | J104: =TRUNC(J105+J106,0) -> 1581763 | L104: =TRUNC(L105+L106,0) -> 11200 | O104: HX0045
A105: 벌목 및 제근 | B105: B60(R70) | C105: 1 | D105: 주 | E105: =G105+I105+K105 -> 1606660 | F105: =H105+J105+L105 -> 1606660 | G105: =일위대가목록!F213 -> 31283 | H105: =TRUNC(G105*C105,1) -> 31283 | I105: =일위대가목록!H213 -> 1569074 | J105: =TRUNC(I105*C105,1) -> 1569074 | K105: =일위대가목록!J213 -> 6303 | L105: =TRUNC(K105*C105,1) -> 6303 | P105: 10 | R105: NT1150 | T105: T | BI105: =HYPERLINK("#일위대가목록!A208","NT1150 →") -> NT1150 →
A106: 폐기물집적 및 상차 | B106: BH0.6m3 | C106: 3.66 | D106: m3 | E106: =G106+I106+K106 -> 5859 | F106: =H106+J106+L106 -> 21443.8 | G106: =일위대가목록!F3 -> 1054 | H106: =TRUNC(G106*C106,1) -> 3857.6 | I106: =일위대가목록!H3 -> 3467 | J106: =TRUNC(I106*C106,1) -> 12689.2 | K106: =일위대가목록!J3 -> 1338 | L106: =TRUNC(K106*C106,1) -> 4897 | P106: 20 | R106: NX1510 | T106: F | BI106: =HYPERLINK("#일위대가목록!A3","NX1510 →") -> NX1510 →
A108: No.27 버드나무 제거 | B108: H13.0xR36 | C108: 1 | D108: 주 | F108: =H108+J108+L108 -> 191123 | H108: =TRUNC(H109+H110,0) -> 3719 | J108: =TRUNC(J109+J110,0) -> 186092 | L108: =TRUNC(L109+L110,0) -> 1312 | O108: HX0046
A109: 벌목 및 제근 | B109: B28(R35) | C109: 1 | D109: 주 | E109: =G109+I109+K109 -> 188194 | F109: =H109+J109+L109 -> 188194 | G109: =일위대가목록!F214 -> 3192 | H109: =TRUNC(G109*C109,1) -> 3192 | I109: =일위대가목록!H214 -> 184359 | J109: =TRUNC(I109*C109,1) -> 184359 | K109: =일위대가목록!J214 -> 643 | L109: =TRUNC(K109*C109,1) -> 643 | P109: 10 | R109: NT1085 | T109: T | BI109: =HYPERLINK("#일위대가목록!A209","NT1085 →") -> NT1085 →
A110: 폐기물집적 및 상차 | B110: BH0.6m3 | C110: 0.5 | D110: m3 | E110: =G110+I110+K110 -> 5859 | F110: =H110+J110+L110 -> 2929.5 | G110: =일위대가목록!F3 -> 1054 | H110: =TRUNC(G110*C110,1) -> 527 | I110: =일위대가목록!H3 -> 3467 | J110: =TRUNC(I110*C110,1) -> 1733.5 | K110: =일위대가목록!J3 -> 1338 | L110: =TRUNC(K110*C110,1) -> 669 | P110: 20 | R110: NX1510 | T110: F | BI110: =HYPERLINK("#일위대가목록!A3","NX1510 →") -> NX1510 →
A112: No.28 버드나무 제거 | B112: H12.0xR22 | C112: 1 | D112: 주 | F112: =H112+J112+L112 -> 59722 | H112: =TRUNC(H113+H114,0) -> 972 | J112: =TRUNC(J113+J114,0) -> 58396 | L112: =TRUNC(L113+L114,0) -> 354 | O112: HX0047
A113: 벌목 및 제근 | B113: B16(R20~22) | C113: 1 | D113: 주 | E113: =G113+I113+K113 -> 58903 | F113: =H113+J113+L113 -> 58903 | G113: =일위대가목록!F207 -> 825 | H113: =TRUNC(G113*C113,1) -> 825 | I113: =일위대가목록!H207 -> 57911 | J113: =TRUNC(I113*C113,1) -> 57911 | K113: =일위대가목록!J207 -> 167 | L113: =TRUNC(K113*C113,1) -> 167 | P113: 10 | R113: NT1050 | T113: T | BI113: =HYPERLINK("#일위대가목록!A202","NT1050 →") -> NT1050 →
A114: 폐기물집적 및 상차 | B114: BH0.6m3 | C114: 0.14 | D114: m3 | E114: =G114+I114+K114 -> 5859 | F114: =H114+J114+L114 -> 820.1 | G114: =일위대가목록!F3 -> 1054 | H114: =TRUNC(G114*C114,1) -> 147.5 | I114: =일위대가목록!H3 -> 3467 | J114: =TRUNC(I114*C114,1) -> 485.3 | K114: =일위대가목록!J3 -> 1338 | L114: =TRUNC(K114*C114,1) -> 187.3 | P114: 20 | R114: NX1510 | T114: F | BI114: =HYPERLINK("#일위대가목록!A3","NX1510 →") -> NX1510 →
A116: No.29 버드나무 제거 | B116: H10.0xR36 | C116: 1 | D116: 주 | F116: =H116+J116+L116 -> 191123 | H116: =TRUNC(H117+H118,0) -> 3719 | J116: =TRUNC(J117+J118,0) -> 186092 | L116: =TRUNC(L117+L118,0) -> 1312 | O116: HX0048
A117: 벌목 및 제근 | B117: B28(R35) | C117: 1 | D117: 주 | E117: =G117+I117+K117 -> 188194 | F117: =H117+J117+L117 -> 188194 | G117: =일위대가목록!F214 -> 3192 | H117: =TRUNC(G117*C117,1) -> 3192 | I117: =일위대가목록!H214 -> 184359 | J117: =TRUNC(I117*C117,1) -> 184359 | K117: =일위대가목록!J214 -> 643 | L117: =TRUNC(K117*C117,1) -> 643 | P117: 10 | R117: NT1085 | T117: T | BI117: =HYPERLINK("#일위대가목록!A209","NT1085 →") -> NT1085 →
A118: 폐기물집적 및 상차 | B118: BH0.6m3 | C118: 0.5 | D118: m3 | E118: =G118+I118+K118 -> 5859 | F118: =H118+J118+L118 -> 2929.5 | G118: =일위대가목록!F3 -> 1054 | H118: =TRUNC(G118*C118,1) -> 527 | I118: =일위대가목록!H3 -> 3467 | J118: =TRUNC(I118*C118,1) -> 1733.5 | K118: =일위대가목록!J3 -> 1338 | L118: =TRUNC(K118*C118,1) -> 669 | P118: 20 | R118: NX1510 | T118: F | BI118: =HYPERLINK("#일위대가목록!A3","NX1510 →") -> NX1510 →
A120: No.30 버드나무 제거 | B120: H8.0xR16 | C120: 1 | D120: 주 | F120: =H120+J120+L120 -> 49111 | H120: =TRUNC(H121+H122,0) -> 724 | J120: =TRUNC(J121+J122,0) -> 48174 | L120: =TRUNC(L121+L122,0) -> 213 | O120: HX0049
A121: 벌목 및 제근 | B121: B14(R17~18) | C121: 1 | D121: 주 | E121: =G121+I121+K121 -> 48760 | F121: =H121+J121+L121 -> 48760 | G121: =일위대가목록!F206 -> 661 | H121: =TRUNC(G121*C121,1) -> 661 | I121: =일위대가목록!H206 -> 47966 | J121: =TRUNC(I121*C121,1) -> 47966 | K121: =일위대가목록!J206 -> 133 | L121: =TRUNC(K121*C121,1) -> 133 | P121: 10 | R121: NT1045 | T121: T | BI121: =HYPERLINK("#일위대가목록!A201","NT1045 →") -> NT1045 →
A122: 폐기물집적 및 상차 | B122: BH0.6m3 | C122: 0.06 | D122: m3 | E122: =G122+I122+K122 -> 5859 | F122: =H122+J122+L122 -> 351.4 | G122: =일위대가목록!F3 -> 1054 | H122: =TRUNC(G122*C122,1) -> 63.2 | I122: =일위대가목록!H3 -> 3467 | J122: =TRUNC(I122*C122,1) -> 208 | K122: =일위대가목록!J3 -> 1338 | L122: =TRUNC(K122*C122,1) -> 80.2 | P122: 20 | R122: NX1510 | T122: F | BI122: =HYPERLINK("#일위대가목록!A3","NX1510 →") -> NX1510 →
A124: No.31 버드나무 제거 | B124: H7.0xR22 | C124: 1 | D124: 주 | F124: =H124+J124+L124 -> 59722 | H124: =TRUNC(H125+H126,0) -> 972 | J124: =TRUNC(J125+J126,0) -> 58396 | L124: =TRUNC(L125+L126,0) -> 354 | O124: HX0050
A125: 벌목 및 제근 | B125: B16(R20~22) | C125: 1 | D125: 주 | E125: =G125+I125+K125 -> 58903 | F125: =H125+J125+L125 -> 58903 | G125: =일위대가목록!F207 -> 825 | H125: =TRUNC(G125*C125,1) -> 825 | I125: =일위대가목록!H207 -> 57911 | J125: =TRUNC(I125*C125,1) -> 57911 | K125: =일위대가목록!J207 -> 167 | L125: =TRUNC(K125*C125,1) -> 167 | P125: 10 | R125: NT1050 | T125: T | BI125: =HYPERLINK("#일위대가목록!A202","NT1050 →") -> NT1050 →
A126: 폐기물집적 및 상차 | B126: BH0.6m3 | C126: 0.14 | D126: m3 | E126: =G126+I126+K126 -> 5859 | F126: =H126+J126+L126 -> 820.1 | G126: =일위대가목록!F3 -> 1054 | H126: =TRUNC(G126*C126,1) -> 147.5 | I126: =일위대가목록!H3 -> 3467 | J126: =TRUNC(I126*C126,1) -> 485.3 | K126: =일위대가목록!J3 -> 1338 | L126: =TRUNC(K126*C126,1) -> 187.3 | P126: 20 | R126: NX1510 | T126: F | BI126: =HYPERLINK("#일위대가목록!A3","NX1510 →") -> NX1510 →
A128: No.32 버드나무 제거 | B128: H5.0xR10 | C128: 1 | D128: 주 | F128: =H128+J128+L128 -> 22244 | H128: =TRUNC(H129+H130,0) -> 248 | J128: =TRUNC(J129+J130,0) -> 21912 | L128: =TRUNC(L129+L130,0) -> 84 | O128: HX0051
A129: 벌목 및 제근 | B129: B8(R10)이하 | C129: 1 | D129: 주 | E129: =G129+I129+K129 -> 22069 | F129: =H129+J129+L129 -> 22069 | G129: =일위대가목록!F210 -> 217 | H129: =TRUNC(G129*C129,1) -> 217 | I129: =일위대가목록!H210 -> 21808 | J129: =TRUNC(I129*C129,1) -> 21808 | K129: =일위대가목록!J210 -> 44 | L129: =TRUNC(K129*C129,1) -> 44 | P129: 10 | R129: NT1020 | T129: T | BI129: =HYPERLINK("#일위대가목록!A205","NT1020 →") -> NT1020 →
A130: 폐기물집적 및 상차 | B130: BH0.6m3 | C130: 0.03 | D130: m3 | E130: =G130+I130+K130 -> 5859 | F130: =H130+J130+L130 -> 175.7 | G130: =일위대가목록!F3 -> 1054 | H130: =TRUNC(G130*C130,1) -> 31.6 | I130: =일위대가목록!H3 -> 3467 | J130: =TRUNC(I130*C130,1) -> 104 | K130: =일위대가목록!J3 -> 1338 | L130: =TRUNC(K130*C130,1) -> 40.1 | P130: 20 | R130: NX1510 | T130: F | BI130: =HYPERLINK("#일위대가목록!A3","NX1510 →") -> NX1510 →
A132: No.33 버드나무 제거 | B132: H14.0xW6.0xR44 | C132: 1 | D132: 주 | F132: =H132+J132+L132 -> 339946 | H132: =TRUNC(H133+H134,0) -> 6873 | J132: =TRUNC(J133+J134,0) -> 330708 | L132: =TRUNC(L133+L134,0) -> 2365 | O132: HX0052
...

Sheet 일위대가목록
A1: 일위대가목록
A2: 공 종 명 | B2: 규 격 | C2: 수 량 | D2: 단 위 | E2: 합 계 | F2: 재 료 비 | H2: 노 무 비 | J2: 경 비 | K2: 비 고 | V2: 재료비 | W2: 노무비 | X2: 경 비 | Y2: 합 계 | AA2: 비교검토
A3: #1 폐기물집적 및 상차 | B3: BH0.6m3 | C3: 1 | D3: m3 | E3: =F3+H3+J3 -> 5859 | F3: =일위대가_산근!C4 -> 1054 | H3: =일위대가_산근!D4 -> 3467 | J3: =일위대가_산근!E4 -> 1338 | M3: NX1510 | N3: F | V3: 1054 | W3: 3467 | X3: 1338 | Y3: 5859 | AA3: =EXACT($E3,$Y3) -> TRUE | AC3: =HYPERLINK("#일위대가_산근!A4","NX1510 →") -> NX1510 →
A4: #2 터파기 | B4: BH 0.6M3, 인력10% | C4: 1 | D4: m3 | E4: =F4+H4+J4 -> 5009 | F4: =일위대가_산근!C27 -> 300 | H4: =일위대가_산근!D27 -> 4328 | J4: =일위대가_산근!E27 -> 381 | M4: N1070 | N4: F | V4: 300 | W4: 4328 | X4: 381 | Y4: 5009 | AA4: =EXACT($E4,$Y4) -> TRUE | AC4: =HYPERLINK("#일위대가_산근!A27","N1070 →") -> N1070 →
A5: #3 잔토처리 | B5: BH 0.6M3 | C5: 1 | D5: m3 | E5: =F5+H5+J5 -> 1588 | F5: =일위대가_산근!C58 -> 285 | H5: =일위대가_산근!D58 -> 940 | J5: =일위대가_산근!E58 -> 363 | M5: N0860 | N5: F | V5: 285 | W5: 940 | X5: 363 | Y5: 1588 | AA5: =EXACT($E5,$Y5) -> TRUE | AC5: =HYPERLINK("#일위대가_산근!A58","N0860 →") -> N0860 →
A6: #4 되메우기및다짐 | B6: BH 0.6M3, P.C 1.5ton, 인력10% | C6: 1 | D6: m3 | E6: =F6+H6+J6 -> 7144 | F6: =일위대가_산근!C83 -> 445 | H6: =일위대가_산근!D83 -> 6329 | J6: =일위대가_산근!E83 -> 370 | M6: N1010 | N6: F | V6: 445 | W6: 6329 | X6: 370 | Y6: 7144 | AA6: =EXACT($E6,$Y6) -> TRUE | AC6: =HYPERLINK("#일위대가_산근!A83","N1010 →") -> N1010 →
A7: #5 원지반 다짐 | B7: P.C 1.5ton 3회 | C7: 1 | D7: m2 | E7: =F7+H7+J7 -> 412 | F7: =일위대가_산근!C116 -> 20 | H7: =일위대가_산근!D116 -> 386 | J7: =일위대가_산근!E116 -> 6 | M7: N0800 | N7: F | V7: 20 | W7: 386 | X7: 6 | Y7: 412 | AA7: =EXACT($E7,$Y7) -> TRUE | AC7: =HYPERLINK("#일위대가_산근!A116","N0800 →") -> N0800 →
A8: #6 혼합골재부설 및 다짐 | B8: 기계:인력=9:1 | C8: 1 | D8: m3 | E8: =F8+H8+J8 -> 10971 | F8: =일위대가_산근!C132 -> 1106 | H8: =일위대가_산근!D132 -> 8824 | J8: =일위대가_산근!E132 -> 1041 | M8: N0300 | N8: F | V8: 1106 | W8: 8824 | X8: 1041 | Y8: 10971 | AA8: =EXACT($E8,$Y8) -> TRUE | AC8: =HYPERLINK("#일위대가_산근!A132","N0300 →") -> N0300 →
A9: No.1 소나무 제거 | B9: H8.0xW3.0xR8 | C9: 1 | D9: 주 | E9: =F9+H9+J9 -> 11468 | F9: ='일위대가_호표(신규)'!H4 -> 119 | H9: ='일위대가_호표(신규)'!J4 -> 11314 | J9: ='일위대가_호표(신규)'!L4 -> 35 | M9: HX0020 | N9: T | V9: 114 | W9: 11314 | X9: 35 | Y9: 11463 | AA9: =EXACT($E9,$Y9) -> FALSE | AC9: =HYPERLINK("#일위대가_호표!A4","HX0020 →") -> HX0020 →
A10: No.2 소나무 제거 | B10: H5.0xW3.0xR25 | C10: 1 | D10: 주 | E10: =F10+H10+J10 -> 91691 | F10: ='일위대가_호표(신규)'!H8 -> 1614 | H10: ='일위대가_호표(신규)'!J8 -> 89527 | J10: ='일위대가_호표(신규)'!L8 -> 550 | M10: HX0021 | N10: T | V10: 1547 | W10: 89527 | X10: 550 | Y10: 91624 | AA10: =EXACT($E10,$Y10) -> FALSE | AC10: =HYPERLINK("#일위대가_호표!A8","HX0021 →") -> HX0021 →
A11: No.3 스트로브잣나무 제거 | B11: H10.0xR30 | C11: 1 | D11: 주 | E11: =F11+H11+J11 -> 171033 | F11: ='일위대가_호표(신규)'!H12 -> 3104 | H11: ='일위대가_호표(신규)'!J12 -> 166977 | J11: ='일위대가_호표(신규)'!L12 -> 952 | M11: HX0022 | N11: T | V11: 2970 | W11: 166977 | X11: 952 | Y11: 170899 | AA11: =EXACT($E11,$Y11) -> FALSE | AC11: =HYPERLINK("#일위대가_호표!A12","HX0022 →") -> HX0022 →
A12: No.4 스트로브잣나무 제거 | B12: H8.0xR18 | C12: 1 | D12: 주 | E12: =F12+H12+J12 -> 49228 | F12: ='일위대가_호표(신규)'!H16 -> 745 | H12: ='일위대가_호표(신규)'!J16 -> 48243 | J12: ='일위대가_호표(신규)'!L16 -> 240 | M12: HX0023 | N12: T | V12: 713 | W12: 48243 | X12: 240 | Y12: 49196 | AA12: =EXACT($E12,$Y12) -> FALSE | AC12: =HYPERLINK("#일위대가_호표!A16","HX0023 →") -> HX0023 →
A13: No.5 스트로브잣나무 제거 | B13: H7.0xR24 | C13: 1 | D13: 주 | E13: =F13+H13+J13 -> 91516 | F13: ='일위대가_호표(신규)'!H20 -> 1583 | H13: ='일위대가_호표(신규)'!J20 -> 89423 | J13: ='일위대가_호표(신규)'!L20 -> 510 | M13: HX0024 | N13: T | V13: 1516 | W13: 89423 | X13: 510 | Y13: 91449 | AA13: =EXACT($E13,$Y13) -> FALSE | AC13: =HYPERLINK("#일위대가_호표!A20","HX0024 →") -> HX0024 →
A14: No.6 스트로브잣나무 제거 | B14: H7.0xR22 | C14: 1 | D14: 주 | E14: =F14+H14+J14 -> 59722 | F14: ='일위대가_호표(신규)'!H24 -> 972 | H14: ='일위대가_호표(신규)'!J24 -> 58396 | J14: ='일위대가_호표(신규)'!L24 -> 354 | M14: HX0025 | N14: T | V14: 933 | W14: 58396 | X14: 354 | Y14: 59683 | AA14: =EXACT($E14,$Y14) -> FALSE | AC14: =HYPERLINK("#일위대가_호표!A24","HX0025 →") -> HX0025 →
A15: No.7 스트로브잣나무 제거 | B15: H7.0xR20 | C15: 1 | D15: 주 | E15: =F15+H15+J15 -> 59487 | F15: ='일위대가_호표(신규)'!H28 -> 930 | H15: ='일위대가_호표(신규)'!J28 -> 58257 | J15: ='일위대가_호표(신규)'!L28 -> 300 | M15: HX0026 | N15: T | V15: 891 | W15: 58257 | X15: 300 | Y15: 59448 | AA15: =EXACT($E15,$Y15) -> FALSE | AC15: =HYPERLINK("#일위대가_호표!A28","HX0026 →") -> HX0026 →
A16: No.8 스트로브잣나무 제거 | B16: H7.0xR15 | C16: 1 | D16: 주 | E16: =F16+H16+J16 -> 35329 | F16: ='일위대가_호표(신규)'!H32 -> 490 | H16: ='일위대가_호표(신규)'!J32 -> 34684 | J16: ='일위대가_호표(신규)'!L32 -> 155 | M16: HX0027 | N16: T | V16: 469 | W16: 34684 | X16: 155 | Y16: 35308 | AA16: =EXACT($E16,$Y16) -> FALSE | AC16: =HYPERLINK("#일위대가_호표!A32","HX0027 →") -> HX0027 →
A17: No.9 스트로브잣나무 제거 | B17: H6.0xR18 | C17: 1 | D17: 주 | E17: =F17+H17+J17 -> 49228 | F17: ='일위대가_호표(신규)'!H36 -> 745 | H17: ='일위대가_호표(신규)'!J36 -> 48243 | J17: ='일위대가_호표(신규)'!L36 -> 240 | M17: HX0028 | N17: T | V17: 713 | W17: 48243 | X17: 240 | Y17: 49196 | AA17: =EXACT($E17,$Y17) -> FALSE | AC17: =HYPERLINK("#일위대가_호표!A36","HX0028 →") -> HX0028 →
A18: No.10 스트로브잣나무 제거 | B18: H4.0xR15 | C18: 1 | D18: 주 | E18: =F18+H18+J18 -> 35329 | F18: ='일위대가_호표(신규)'!H40 -> 490 | H18: ='일위대가_호표(신규)'!J40 -> 34684 | J18: ='일위대가_호표(신규)'!L40 -> 155 | M18: HX0029 | N18: T | V18: 469 | W18: 34684 | X18: 155 | Y18: 35308 | AA18: =EXACT($E18,$Y18) -> FALSE | AC18: =HYPERLINK("#일위대가_호표!A40","HX0029 →") -> HX0029 →
A19: No.11 전나무 제거 | B19: H7.0xW2.0 | C19: 1 | D19: 주 | E19: =F19+H19+J19 -> 16038 | F19: ='일위대가_호표(신규)'!H44 -> 941 | H19: ='일위대가_호표(신규)'!J44 -> 14018 | J19: ='일위대가_호표(신규)'!L44 -> 1079 | M19: HX0030 | N19: T | V19: 936 | W19: 14018 | X19: 1079 | Y19: 16033 | AA19: =EXACT($E19,$Y19) -> FALSE | AC19: =HYPERLINK("#일위대가_호표!A44","HX0030 →") -> HX0030 →
A20: No.12 전나무 제거 | B20: H7.0xR18 | C20: 1 | D20: 주 | E20: =F20+H20+J20 -> 49228 | F20: ='일위대가_호표(신규)'!H48 -> 745 | H20: ='일위대가_호표(신규)'!J48 -> 48243 | J20: ='일위대가_호표(신규)'!L48 -> 240 | M20: HX0031 | N20: T | V20: 713 | W20: 48243 | X20: 240 | Y20: 49196 | AA20: =EXACT($E20,$Y20) -> FALSE | AC20: =HYPERLINK("#일위대가_호표!A48","HX0031 →") -> HX0031 →
A21: No.13 전나무 제거 | B21: H5.5xW3.0 | C21: 1 | D21: 주 | E21: =F21+H21+J21 -> 37556 | F21: ='일위대가_호표(신규)'!H52 -> 891 | H21: ='일위대가_호표(신규)'!J52 -> 36001 | J21: ='일위대가_호표(신규)'!L52 -> 664 | M21: HX0032 | N21: T | V21: 870 | W21: 36001 | X21: 664 | Y21: 37535 | AA21: =EXACT($E21,$Y21) -> FALSE | AC21: =HYPERLINK("#일위대가_호표!A52","HX0032 →") -> HX0032 →
A22: No.14 전나무 제거 | B22: H5.0xR20 | C22: 1 | D22: 주 | E22: =F22+H22+J22 -> 59487 | F22: ='일위대가_호표(신규)'!H56 -> 930 | H22: ='일위대가_호표(신규)'!J56 -> 58257 | J22: ='일위대가_호표(신규)'!L56 -> 300 | M22: HX0033 | N22: T | V22: 891 | W22: 58257 | X22: 300 | Y22: 59448 | AA22: =EXACT($E22,$Y22) -> FALSE | AC22: =HYPERLINK("#일위대가_호표!A56","HX0033 →") -> HX0033 →
A23: No.15 전나무 제거 | B23: H3.5xW1.8 | C23: 1 | D23: 주 | E23: =F23+H23+J23 -> 28813 | F23: ='일위대가_호표(신규)'!H60 -> 384 | H23: ='일위대가_호표(신규)'!J60 -> 28284 | J23: ='일위대가_호표(신규)'!L60 -> 145 | M23: HX0034 | N23: T | V23: 369 | W23: 28284 | X23: 145 | Y23: 28798 | AA23: =EXACT($E23,$Y23) -> FALSE | AC23: =HYPERLINK("#일위대가_호표!A60","HX0034 →") -> HX0034 →
A24: No.16 전나무 제거 | B24: H3.0xW1.5 | C24: 1 | D24: 주 | E24: =F24+H24+J24 -> 22244 | F24: ='일위대가_호표(신규)'!H64 -> 248 | H24: ='일위대가_호표(신규)'!J64 -> 21912 | J24: ='일위대가_호표(신규)'!L64 -> 84 | M24: HX0035 | N24: T | V24: 238 | W24: 21912 | X24: 84 | Y24: 22234 | AA24: =EXACT($E24,$Y24) -> FALSE | AC24: =HYPERLINK("#일위대가_호표!A64","HX0035 →") -> HX0035 →
A25: No.17 주목 제거 | B25: H2.5xW2.0 | C25: 1 | D25: 주 | E25: =F25+H25+J25 -> 22126 | F25: ='일위대가_호표(신규)'!H68 -> 227 | H25: ='일위대가_호표(신규)'!J68 -> 21842 | J25: ='일위대가_호표(신규)'!L68 -> 57 | M25: HX0036 | N25: T | V25: 217 | W25: 21842 | X25: 57 | Y25: 22116 | AA25: =EXACT($E25,$Y25) -> FALSE | AC25: =HYPERLINK("#일위대가_호표!A68","HX0036 →") -> HX0036 →
A26: No.18 주목 제거 | B26: H2.5xW1.2 | C26: 1 | D26: 주 | E26: =F26+H26+J26 -> 11468 | F26: ='일위대가_호표(신규)'!H72 -> 119 | H26: ='일위대가_호표(신규)'!J72 -> 11314 | J26: ='일위대가_호표(신규)'!L72 -> 35 | M26: HX0037 | N26: T | V26: 114 | W26: 11314 | X26: 35 | Y26: 11463 | AA26: =EXACT($E26,$Y26) -> FALSE | AC26: =HYPERLINK("#일위대가_호표!A72","HX0037 →") -> HX0037 →
A27: No.19 소나무묘목 제거 | B27: H0.8xR3 | C27: 1 | D27: 주 | E27: =F27+H27+J27 -> 725 | F27: ='일위대가_호표(신규)'!H76 -> 10 | H27: ='일위대가_호표(신규)'!J76 -> 702 | J27: ='일위대가_호표(신규)'!L76 -> 13 | M27: HX0038 | N27: T | V27: 10 | W27: 702 | X27: 13 | Y27: 725 | AA27: =EXACT($E27,$Y27) -> TRUE | AC27: =HYPERLINK("#일위대가_호표!A76","HX0038 →") -> HX0038 →
A28: No.20 가중나무 제거 | B28: H3.5xB6 | C28: 1 | D28: 주 | E28: =F28+H28+J28 -> 11468 | F28: ='일위대가_호표(신규)'!H80 -> 119 | H28: ='일위대가_호표(신규)'!J80 -> 11314 | J28: ='일위대가_호표(신규)'!L80 -> 35 | M28: HX0039 | N28: T | V28: 114 | W28: 11314 | X28: 35 | Y28: 11463 | AA28: =EXACT($E28,$Y28) -> FALSE | AC28: =HYPERLINK("#일위대가_호표!A80","HX0039 →") -> HX0039 →
A29: No.21 감나무 제거 | B29: H2.0xR4 | C29: 1 | D29: 주 | E29: =F29+H29+J29 -> 8062 | F29: ='일위대가_호표(신규)'!H84 -> 67 | H29: ='일위대가_호표(신규)'!J84 -> 7971 | J29: ='일위대가_호표(신규)'!L84 -> 24 | M29: HX0040 | N29: T | V29: 65 | W29: 7971 | X29: 24 | Y29: 8060 | AA29: =EXACT($E29,$Y29) -> FALSE | AC29: =HYPERLINK("#일위대가_호표!A84","HX0040 →") -> HX0040 →
A30: No.22 단풍나무 제거 | B30: H5.0xR20 | C30: 1 | D30: 주 | E30: =F30+H30+J30 -> 59487 | F30: ='일위대가_호표(신규)'!H88 -> 930 | H30: ='일위대가_호표(신규)'!J88 -> 58257 | J30: ='일위대가_호표(신규)'!L88 -> 300 | M30: HX0041 | N30: T | V30: 891 | W30: 58257 | X30: 300 | Y30: 59448 | AA30: =EXACT($E30,$Y30) -> FALSE | AC30: =HYPERLINK("#일위대가_호표!A88","HX0041 →") -> HX0041 →
A31: No.23 당단풍나무 제거 | B31: H3.0xR13 | C31: 1 | D31: 주 | E31: =F31+H31+J31 -> 28637 | F31: ='일위대가_호표(신규)'!H92 -> 352 | H31: ='일위대가_호표(신규)'!J92 -> 28180 | J31: ='일위대가_호표(신규)'!L92 -> 105 | M31: HX0042 | N31: T | V31: 337 | W31: 28180 | X31: 105 | Y31: 28622 | AA31: =EXACT($E31,$Y31) -> FALSE | AC31: =HYPERLINK("#일위대가_호표!A92","HX0042 →") -> HX0042 →
A32: No.24 대추나무 제거 | B32: H2.0xR4 | C32: 1 | D32: 주 | E32: =F32+H32+J32 -> 8062 | F32: ='일위대가_호표(신규)'!H96 -> 67 | H32: ='일위대가_호표(신규)'!J96 -> 7971 | J32: ='일위대가_호표(신규)'!L96 -> 24 | M32: HX0043 | N32: T | V32: 65 | W32: 7971 | X32: 24 | Y32: 8060 | AA32: =EXACT($E32,$Y32) -> FALSE | AC32: =HYPERLINK("#일위대가_호표!A96","HX0043 →") -> HX0043 →
A33: No.25 백목련 제거 | B33: H3.5xR15 | C33: 1 | D33: 주 | E33: =F33+H33+J33 -> 35329 | F33: ='일위대가_호표(신규)'!H100 -> 490 | H33: ='일위대가_호표(신규)'!J100 -> 34684 | J33: ='일위대가_호표(신규)'!L100 -> 155 | M33: HX0044 | N33: T | V33: 469 | W33: 34684 | X33: 155 | Y33: 35308 | AA33: =EXACT($E33,$Y33) -> FALSE | AC33: =HYPERLINK("#일위대가_호표!A100","HX0044 →") -> HX0044 →
A34: No.26 버드나무 제거 | B34: H14.0xR69 | C34: 1 | D34: 주 | E34: =F34+H34+J34 -> 1628103 | F34: ='일위대가_호표(신규)'!H104 -> 35140 | H34: ='일위대가_호표(신규)'!J104 -> 1581763 | J34: ='일위대가_호표(신규)'!L104 -> 11200 | M34: HX0045 | N34: T | V34: 33648 | W34: 1581763 | X34: 11200 | Y34: 1626611 | AA34: =EXACT($E34,$Y34) -> FALSE | AC34: =HYPERLINK("#일위대가_호표!A104","HX0045 →") -> HX0045 →
A35: No.27 버드나무 제거 | B35: H13.0xR36 | C35: 1 | D35: 주 | E35: =F35+H35+J35 -> 191123 | F35: ='일위대가_호표(신규)'!H108 -> 3719 | H35: ='일위대가_호표(신규)'!J108 -> 186092 | J35: ='일위대가_호표(신규)'!L108 -> 1312 | M35: HX0046 | N35: T | V35: 3567 | W35: 186092 | X35: 1312 | Y35: 190971 | AA35: =EXACT($E35,$Y35) -> FALSE | AC35: =HYPERLINK("#일위대가_호표!A108","HX0046 →") -> HX0046 →
A36: No.28 버드나무 제거 | B36: H12.0xR22 | C36: 1 | D36: 주 | E36: =F36+H36+J36 -> 59722 | F36: ='일위대가_호표(신규)'!H112 -> 972 | H36: ='일위대가_호표(신규)'!J112 -> 58396 | J36: ='일위대가_호표(신규)'!L112 -> 354 | M36: HX0047 | N36: T | V36: 933 | W36: 58396 | X36: 354 | Y36: 59683 | AA36: =EXACT($E36,$Y36) -> FALSE | AC36: =HYPERLINK("#일위대가_호표!A112","HX0047 →") -> HX0047 →
A37: No.29 버드나무 제거 | B37: H10.0xR36 | C37: 1 | D37: 주 | E37: =F37+H37+J37 -> 191123 | F37: ='일위대가_호표(신규)'!H116 -> 3719 | H37: ='일위대가_호표(신규)'!J116 -> 186092 | J37: ='일위대가_호표(신규)'!L116 -> 1312 | M37: HX0048 | N37: T | V37: 3567 | W37: 186092 | X37: 1312 | Y37: 190971 | AA37: =EXACT($E37,$Y37) -> FALSE | AC37: =HYPERLINK("#일위대가_호표!A116","HX0048 →") -> HX0048 →
A38: No.30 버드나무 제거 | B38: H8.0xR16 | C38: 1 | D38: 주 | E38: =F38+H38+J38 -> 49111 | F38: ='일위대가_호표(신규)'!H120 -> 724 | H38: ='일위대가_호표(신규)'!J120 -> 48174 | J38: ='일위대가_호표(신규)'!L120 -> 213 | M38: HX0049 | N38: T | V38: 692 | W38: 48174 | X38: 213 | Y38: 49079 | AA38: =EXACT($E38,$Y38) -> FALSE | AC38: =HYPERLINK("#일위대가_호표!A120","HX0049 →") -> HX0049 →
A39: No.31 버드나무 제거 | B39: H7.0xR22 | C39: 1 | D39: 주 | E39: =F39+H39+J39 -> 59722 | F39: ='일위대가_호표(신규)'!H124 -> 972 | H39: ='일위대가_호표(신규)'!J124 -> 58396 | J39: ='일위대가_호표(신규)'!L124 -> 354 | M39: HX0050 | N39: T | V39: 933 | W39: 58396 | X39: 354 | Y39: 59683 | AA39: =EXACT($E39,$Y39) -> FALSE | AC39: =HYPERLINK("#일위대가_호표!A124","HX0050 →") -> HX0050 →
A40: No.32 버드나무 제거 | B40: H5.0xR10 | C40: 1 | D40: 주 | E40: =F40+H40+J40 -> 22244 | F40: ='일위대가_호표(신규)'!H128 -> 248 | H40: ='일위대가_호표(신규)'!J128 -> 21912 | J40: ='일위대가_호표(신규)'!L128 -> 84 | M40: HX0051 | N40: T | V40: 238 | W40: 21912 | X40: 84 | Y40: 22234 | AA40: =EXACT($E40,$Y40) -> FALSE | AC40: =HYPERLINK("#일위대가_호표!A128","HX0051 →") -> HX0051 →
A41: No.33 버드나무 제거 | B41: H14.0xW6.0xR44 | C41: 1 | D41: 주 | E41: =F41+H41+J41 -> 339946 | F41: ='일위대가_호표(신규)'!H132 -> 6873 | H41: ='일위대가_호표(신규)'!J132 -> 330708 | J41: ='일위대가_호표(신규)'!L132 -> 2365 | M41: HX0052 | N41: T | V41: 6589 | W41: 330708 | X41: 2365 | Y41: 339662 | AA41: =EXACT($E41,$Y41) -> FALSE | AC41: =HYPERLINK("#일위대가_호표!A132","HX0052 →") -> HX0052 →
A42: No.34 버드나무 제거 | B42: H5.0xW2.0xR10 | C42: 1 | D42: 주 | E42: =F42+H42+J42 -> 22244 | F42: ='일위대가_호표(신규)'!H136 -> 248 | H42: ='일위대가_호표(신규)'!J136 -> 21912 | J42: ='일위대가_호표(신규)'!L136 -> 84 | M42: HX0053 | N42: T | V42: 238 | W42: 21912 | X42: 84 | Y42: 22234 | AA42: =EXACT($E42,$Y42) -> FALSE | AC42: =HYPERLINK("#일위대가_호표!A136","HX0053 →") -> HX0053 →
A43: No.35 산수유 제거 | B43: H3.0xR12 | C43: 1 | D43: 주 | E43: =F43+H43+J43 -> 28637 | F43: ='일위대가_호표(신규)'!H140 -> 352 | H43: ='일위대가_호표(신규)'!J140 -> 28180 | J43: ='일위대가_호표(신규)'!L140 -> 105 | M43: HX0054 | N43: T | V43: 337 | W43: 28180 | X43: 105 | Y43: 28622 | AA43: =EXACT($E43,$Y43) -> FALSE | AC43: =HYPERLINK("#일위대가_호표!A140","HX0054 →") -> HX0054 →
A44: No.36 신갈나무 제거 | B44: H13.0xW6.0xR32 | C44: 1 | D44: 주 | E44: =F44+H44+J44 -> 190302 | F44: ='일위대가_호표(신규)'!H144 -> 3571 | H44: ='일위대가_호표(신규)'!J144 -> 185607 | J44: ='일위대가_호표(신규)'!L144 -> 1124 | M44: HX0055 | N44: T | V44: 3419 | W44: 185607 | X44: 1124 | Y44: 190150 | AA44: =EXACT($E44,$Y44) -> FALSE | AC44: =HYPERLINK("#일위대가_호표!A144","HX0055 →") -> HX0055 →
A45: No.37 아까시나무 제거 | B45: H7.0xR25 | C45: 1 | D45: 주 | E45: =F45+H45+J45 -> 91691 | F45: ='일위대가_호표(신규)'!H148 -> 1614 | H45: ='일위대가_호표(신규)'!J148 -> 89527 | J45: ='일위대가_호표(신규)'!L148 -> 550 | M45: HX0056 | N45: T | V45: 1547 | W45: 89527 | X45: 550 | Y45: 91624 | AA45: =EXACT($E45,$Y45) -> FALSE | AC45: =HYPERLINK("#일위대가_호표!A148","HX0056 →") -> HX0056 →
A46: No.38 아까시나무 제거 | B46: H7.0xR10 | C46: 1 | D46: 주 | E46: =F46+H46+J46 -> 22244 | F46: ='일위대가_호표(신규)'!H152 -> 248 | H46: ='일위대가_호표(신규)'!J152 -> 21912 | J46: ='일위대가_호표(신규)'!L152 -> 84 | M46: HX0057 | N46: T | V46: 238 | W46: 21912 | X46: 84 | Y46: 22234 | AA46: =EXACT($E46,$Y46) -> FALSE | AC46: =HYPERLINK("#일위대가_호표!A152","HX0057 →") -> HX0057 →
A47: No.39 왕벚나무 제거 | B47: H5.0xR15 | C47: 1 | D47: 주 | E47: =F47+H47+J47 -> 35329 | F47: ='일위대가_호표(신규)'!H156 -> 490 | H47: ='일위대가_호표(신규)'!J156 -> 34684 | J47: ='일위대가_호표(신규)'!L156 -> 155 | M47: HX0058 | N47: T | V47: 469 | W47: 34684 | X47: 155 | Y47: 35308 | AA47: =EXACT($E47,$Y47) -> FALSE | AC47: =HYPERLINK("#일위대가_호표!A156","HX0058 →") -> HX0058 →
A48: No.40 은행나무 제거 | B48: H8.0xW4.0xR24 | C48: 1 | D48: 주 | E48: =F48+H48+J48 -> 91516 | F48: ='일위대가_호표(신규)'!H160 -> 1583 | H48: ='일위대가_호표(신규)'!J160 -> 89423 | J48: ='일위대가_호표(신규)'!L160 -> 510 | M48: HX0059 | N48: T | V48: 1516 | W48: 89423 | X48: 510 | Y48: 91449 | AA48: =EXACT($E48,$Y48) -> FALSE | AC48: =HYPERLINK("#일위대가_호표!A160","HX0059 →") -> HX0059 →
A49: No.41 은행나무 제거 | B49: H7.0xR22 | C49: 1 | D49: 주 | E49: =F49+H49+J49 -> 59722 | F49: ='일위대가_호표(신규)'!H164 -> 972 | H49: ='일위대가_호표(신규)'!J164 -> 58396 | J49: ='일위대가_호표(신규)'!L164 -> 354 | M49: HX0060 | N49: T | V49: 933 | W49: 58396 | X49: 354 | Y49: 59683 | AA49: =EXACT($E49,$Y49) -> FALSE | AC49: =HYPERLINK("#일위대가_호표!A164","HX0060 →") -> HX0060 →
A50: No.42 은행나무 제거 | B50: H6.0xR12 | C50: 1 | D50: 주 | E50: =F50+H50+J50 -> 28637 | F50: ='일위대가_호표(신규)'!H168 -> 352 | H50: ='일위대가_호표(신규)'!J168 -> 28180 | J50: ='일위대가_호표(신규)'!L168 -> 105 | M50: HX0061 | N50: T | V50: 337 | W50: 28180 | X50: 105 | Y50: 28622 | AA50: =EXACT($E50,$Y50) -> FALSE | AC50: =HYPERLINK("#일위대가_호표!A168","HX0061 →") -> HX0061 →
A51: No.43 이팝나무 제거 | B51: H5.0xR15 | C51: 1 | D51: 주 | E51: =F51+H51+J51 -> 35329 | F51: ='일위대가_호표(신규)'!H172 -> 490 | H51: ='일위대가_호표(신규)'!J172 -> 34684 | J51: ='일위대가_호표(신규)'!L172 -> 155 | M51: HX0062 | N51: T | V51: 469 | W51: 34684 | X51: 155 | Y51: 35308 | AA51: =EXACT($E51,$Y51) -> FALSE | AC51: =HYPERLINK("#일위대가_호표!A172","HX0062 →") -> HX0062 →
A52: No.44 이팝나무 제거 | B52: H5.0xR12 | C52: 1 | D52: 주 | E52: =F52+H52+J52 -> 28637 | F52: ='일위대가_호표(신규)'!H176 -> 352 | H52: ='일위대가_호표(신규)'!J176 -> 28180 | J52: ='일위대가_호표(신규)'!L176 -> 105 | M52: HX0063 | N52: T | V52: 337 | W52: 28180 | X52: 105 | Y52: 28622 | AA52: =EXACT($E52,$Y52) -> FALSE | AC52: =HYPERLINK("#일위대가_호표!A176","HX0063 →") -> HX0063 →
A53: No.45 참나무 제거 | B53: H13.0xW6.0xR44 | C53: 1 | D53: 주 | E53: =F53+H53+J53 -> 339946 | F53: ='일위대가_호표(신규)'!H180 -> 6873 | H53: ='일위대가_호표(신규)'!J180 -> 330708 | J53: ='일위대가_호표(신규)'!L180 -> 2365 | M53: HX0064 | N53: T | V53: 6589 | W53: 330708 | X53: 2365 | Y53: 339662 | AA53: =EXACT($E53,$Y53) -> FALSE | AC53: =HYPERLINK("#일위대가_호표!A180","HX0064 →") -> HX0064 →
A54: No.46 참나무 제거 | B54: H10.0xR26 | C54: 1 | D54: 주 | E54: =F54+H54+J54 -> 120377 | F54: ='일위대가_호표(신규)'!H184 -> 2112 | H54: ='일위대가_호표(신규)'!J184 -> 117592 | J54: ='일위대가_호표(신규)'!L184 -> 673 | M54: HX0065 | N54: T | V54: 2023 | W54: 117592 | X54: 673 | Y54: 120288 | AA54: =EXACT($E54,$Y54) -> FALSE | AC54: =HYPERLINK("#일위대가_호표!A184","HX0065 →") -> HX0065 →
A55: No.47 참나무 제거 | B55: H6.0xR20 | C55: 1 | D55: 주 | E55: =F55+H55+J55 -> 59487 | F55: ='일위대가_호표(신규)'!H188 -> 930 | H55: ='일위대가_호표(신규)'!J188 -> 58257 | J55: ='일위대가_호표(신규)'!L188 -> 300 | M55: HX0066 | N55: T | V55: 891 | W55: 58257 | X55: 300 | Y55: 59448 | AA55: =EXACT($E55,$Y55) -> FALSE | AC55: =HYPERLINK("#일위대가_호표!A188","HX0066 →") -> HX0066 →
A56: No.48 금송 이식 | B56: H8.0xR25 | C56: 1 | D56: 주 | E56: =F56+H56+J56 -> 622988 | F56: ='일위대가_호표(신규)'!H192 -> 74150 | H56: ='일위대가_호표(신규)'!J192 -> 443066 | J56: ='일위대가_호표(신규)'!L192 -> 105772 | M56: HP001 | N56: T | V56: 74150 | W56: 443066 | X56: 105772 | Y56: 622988 | AA56: =EXACT($E56,$Y56) -> TRUE | AC56: =HYPERLINK("#일위대가_호표!A192","HP001 →") -> HP001 →
A57: No.49 금송 이식 | B57: H7.0xW3.5 | C57: 1 | D57: 주 | E57: =F57+H57+J57 -> 635833 | F57: ='일위대가_호표(신규)'!H200 -> 86995 | H57: ='일위대가_호표(신규)'!J200 -> 443066 | J57: ='일위대가_호표(신규)'!L200 -> 105772 | M57: HP002 | N57: T | V57: 86995 | W57: 443066 | X57: 105772 | Y57: 635833 | AA57: =EXACT($E57,$Y57) -> TRUE | AC57: =HYPERLINK("#일위대가_호표!A200","HP002 →") -> HP002 →
A58: No.50 금송 이식 | B58: H5.0xW2.5 | C58: 1 | D58: 주 | E58: =F58+H58+J58 -> 622988 | F58: ='일위대가_호표(신규)'!H208 -> 74150 | H58: ='일위대가_호표(신규)'!J208 -> 443066 | J58: ='일위대가_호표(신규)'!L208 -> 105772 | M58: HP003 | N58: T | V58: 74150 | W58: 443066 | X58: 105772 | Y58: 622988 | AA58: =EXACT($E58,$Y58) -> TRUE | AC58: =HYPERLINK("#일위대가_호표!A208","HP003 →") -> HP003 →
A59: No.51 소나무 이식 | B59: H14.0xR40 | C59: 1 | D59: 주 | E59: =F59+H59+J59 -> 1210755 | F59: ='일위대가_호표(신규)'!H216 -> 144943 | H59: ='일위대가_호표(신규)'!J216 -> 785059 | J59: ='일위대가_호표(신규)'!L216 -> 280753 | M59: HP004 | N59: T | V59: 144943 | W59: 785059 | X59: 280753 | Y59: 1210755 | AA59: =EXACT($E59,$Y59) -> TRUE | AC59: =HYPERLINK("#일위대가_호표!A216","HP004 →") -> HP004 →
A60: No.52 소나무 이식 | B60: H10.0xW5.0xR36 | C60: 1 | D60: 주 | E60: =F60+H60+J60 -> 859723 | F60: ='일위대가_호표(신규)'!H224 -> 106503 | H60: ='일위대가_호표(신규)'!J224 -> 598140 | J60: ='일위대가_호표(신규)'!L224 -> 155080 | M60: HP005 | N60: T | V60: 106503 | W60: 598140 | X60: 155080 | Y60: 859723 | AA60: =EXACT($E60,$Y60) -> TRUE | AC60: =HYPERLINK("#일위대가_호표!A224","HP005 →") -> HP005 →
A61: No.53 소나무 이식 | B61: H10.0xW4.0xR28 | C61: 1 | D61: 주 | E61: =F61+H61+J61 -> 631487 | F61: ='일위대가_호표(신규)'!H232 -> 82649 | H61: ='일위대가_호표(신규)'!J232 -> 443066 | J61: ='일위대가_호표(신규)'!L232 -> 105772 | M61: HP006 | N61: T | V61: 82649 | W61: 443066 | X61: 105772 | Y61: 631487 | AA61: =EXACT($E61,$Y61) -> TRUE | AC61: =HYPERLINK("#일위대가_호표!A232","HP006 →") -> HP006 →
A62: No.54 소나무 이식 | B62: H5.5xW2.5xR25 | C62: 1 | D62: 주 | E62: =F62+H62+J62 -> 622988 | F62: ='일위대가_호표(신규)'!H240 -> 74150 | H62: ='일위대가_호표(신규)'!J240 -> 443066 | J62: ='일위대가_호표(신규)'!L240 -> 105772 | M62: HP007 | N62: T | V62: 74150 | W62: 443066 | X62: 105772 | Y62: 622988 | AA62: =EXACT($E62,$Y62) -> TRUE | AC62: =HYPERLINK("#일위대가_호표!A240","HP007 →") -> HP007 →
A63: No.55 소나무 이식 | B63: H3.5xR20 | C63: 1 | D63: 주 | E63: =F63+H63+J63 -> 620822 | F63: ='일위대가_호표(신규)'!H248 -> 71984 | H63: ='일위대가_호표(신규)'!J248 -> 443066 | J63: ='일위대가_호표(신규)'!L248 -> 105772 | M63: HP008 | N63: T | V63: 71984 | W63: 443066 | X63: 105772 | Y63: 620822 | AA63: =EXACT($E63,$Y63) -> TRUE | AC63: =HYPERLINK("#일위대가_호표!A248","HP008 →") -> HP008 →
A64: No.56 소나무 이식 | B64: H2.5xR10 | C64: 1 | D64: 주 | E64: =F64+H64+J64 -> 206888 | F64: ='일위대가_호표(신규)'!H256 -> 28618 | H64: ='일위대가_호표(신규)'!J256 -> 161829 | J64: ='일위대가_호표(신규)'!L256 -> 16441 | M64: HP009 | N64: T | V64: 28618 | W64: 161829 | X64: 16441 | Y64: 206888 | AA64: =EXACT($E64,$Y64) -> TRUE | AC64: =HYPERLINK("#일위대가_호표!A256","HP009 →") -> HP009 →
A65: No.57 스트로브잣나무 이식 | B65: H10.0xR26 | C65: 1 | D65: 주 | E65: =F65+H65+J65 -> 630473 | F65: ='일위대가_호표(신규)'!H264 -> 81635 | H65: ='일위대가_호표(신규)'!J264 -> 443066 | J65: ='일위대가_호표(신규)'!L264 -> 105772 | M65: HP011 | N65: T | V65: 81635 | W65: 443066 | X65: 105772 | Y65: 630473 | AA65: =EXACT($E65,$Y65) -> TRUE | AC65: =HYPERLINK("#일위대가_호표!A264","HP011 →") -> HP011 →
A66: No.58 스트로브잣나무 이식 | B66: H8.0xR18 | C66: 1 | D66: 주 | E66: =F66+H66+J66 -> 306244 | F66: ='일위대가_호표(신규)'!H272 -> 45801 | H66: ='일위대가_호표(신규)'!J272 -> 236423 | J66: ='일위대가_호표(신규)'!L272 -> 24020 | M66: HP012 | N66: T | V66: 45801 | W66: 236423 | X66: 24020 | Y66: 306244 | AA66: =EXACT($E66,$Y66) -> TRUE | AC66: =HYPERLINK("#일위대가_호표!A272","HP012 →") -> HP012 →
A67: No.59 스트로브잣나무 이식 | B67: H7.0xR22 | C67: 1 | D67: 주 | E67: =F67+H67+J67 -> 621638 | F67: ='일위대가_호표(신규)'!H280 -> 72800 | H67: ='일위대가_호표(신규)'!J280 -> 443066 | J67: ='일위대가_호표(신규)'!L280 -> 105772 | M67: HP013 | N67: T | V67: 72800 | W67: 443066 | X67: 105772 | Y67: 621638 | AA67: =EXACT($E67,$Y67) -> TRUE | AC67: =HYPERLINK("#일위대가_호표!A280","HP013 →") -> HP013 →
A68: No.60 스트로브잣나무 이식 | B68: H6.0xR18 | C68: 1 | D68: 주 | E68: =F68+H68+J68 -> 306244 | F68: ='일위대가_호표(신규)'!H288 -> 45801 | H68: ='일위대가_호표(신규)'!J288 -> 236423 | J68: ='일위대가_호표(신규)'!L288 -> 24020 | M68: HP014 | N68: T | V68: 45801 | W68: 236423 | X68: 24020 | Y68: 306244 | AA68: =EXACT($E68,$Y68) -> TRUE | AC68: =HYPERLINK("#일위대가_호표!A288","HP014 →") -> HP014 →
A69: No.61 전나무 이식 | B69: H16.0xW6.0xR44 | C69: 1 | D69: 주 | E69: =F69+H69+J69 -> 1214598 | F69: ='일위대가_호표(신규)'!H296 -> 148786 | H69: ='일위대가_호표(신규)'!J296 -> 785059 | J69: ='일위대가_호표(신규)'!L296 -> 280753 | M69: HP015 | N69: T | V69: 148786 | W69: 785059 | X69: 280753 | Y69: 1214598 | AA69: =EXACT($E69,$Y69) -> TRUE | AC69: =HYPERLINK("#일위대가_호표!A296","HP015 →") -> HP015 →
A70: No.62 전나무 이식 | B70: H16.0xW5.0xR58 | C70: 1 | D70: 주 | E70: =F70+H70+J70 -> 1760791 | F70: ='일위대가_호표(신규)'!H304 -> 240840 | H70: ='일위대가_호표(신규)'!J304 -> 1017669 | J70: ='일위대가_호표(신규)'!L304 -> 502282 | M70: HP016 | N70: T | V70: 240840 | W70: 1017669 | X70: 502282 | Y70: 1760791 | AA70: =EXACT($E70,$Y70) -> TRUE | AC70: =HYPERLINK("#일위대가_호표!A304","HP016 →") -> HP016 →
A71: No.63 전나무 이식 | B71: H16.0xR46 | C71: 1 | D71: 주 | E71: =F71+H71+J71 -> 1214598 | F71: ='일위대가_호표(신규)'!H312 -> 148786 | H71: ='일위대가_호표(신규)'!J312 -> 785059 | J71: ='일위대가_호표(신규)'!L312 -> 280753 | M71: HP017 | N71: T | V71: 148786 | W71: 785059 | X71: 280753 | Y71: 1214598 | AA71: =EXACT($E71,$Y71) -> TRUE | AC71: =HYPERLINK("#일위대가_호표!A312","HP017 →") -> HP017 →
A72: No.64 주목 이식 | B72: H3.0xW2.0 | C72: 1 | D72: 주 | E72: =F72+H72+J72 -> 165131 | F72: ='일위대가_호표(신규)'!H320 -> 24744 | H72: ='일위대가_호표(신규)'!J320 -> 127440 | J72: ='일위대가_호표(신규)'!L320 -> 12947 | M72: HP018 | N72: T | V72: 24744 | W72: 127440 | X72: 12947 | Y72: 165131 | AA72: =EXACT($E72,$Y72) -> TRUE | AC72: =HYPERLINK("#일위대가_호표!A320","HP018 →") -> HP018 →
A73: No.65 주목 이식 | B73: H2.5xW2.0 | C73: 1 | D73: 주 | E73: =F73+H73+J73 -> 165131 | F73: ='일위대가_호표(신규)'!H328 -> 24744 | H73: ='일위대가_호표(신규)'!J328 -> 127440 | J73: ='일위대가_호표(신규)'!L328 -> 12947 | M73: HP019 | N73: T | V73: 24744 | W73: 127440 | X73: 12947 | Y73: 165131 | AA73: =EXACT($E73,$Y73) -> TRUE | AC73: =HYPERLINK("#일위대가_호표!A328","HP019 →") -> HP019 →
A74: No.66 주목 이식 | B74: H2.5xW1.5 | C74: 1 | D74: 주 | E74: =F74+H74+J74 -> 165131 | F74: ='일위대가_호표(신규)'!H336 -> 24744 | H74: ='일위대가_호표(신규)'!J336 -> 127440 | J74: ='일위대가_호표(신규)'!L336 -> 12947 | M74: HP020 | N74: T | V74: 24744 | W74: 127440 | X74: 12947 | Y74: 165131 | AA74: =EXACT($E74,$Y74) -> TRUE | AC74: =HYPERLINK("#일위대가_호표!A336","HP020 →") -> HP020 →
A75: No.67 주목 이식 | B75: H2.5xW1.2 | C75: 1 | D75: 주 | E75: =F75+H75+J75 -> 165131 | F75: ='일위대가_호표(신규)'!H344 -> 24744 | H75: ='일위대가_호표(신규)'!J344 -> 127440 | J75: ='일위대가_호표(신규)'!L344 -> 12947 | M75: HP021 | N75: T | V75: 24744 | W75: 127440 | X75: 12947 | Y75: 165131 | AA75: =EXACT($E75,$Y75) -> TRUE | AC75: =HYPERLINK("#일위대가_호표!A344","HP021 →") -> HP021 →
A76: No.68 주목 이식 | B76: H2.5xW1.0 | C76: 1 | D76: 주 | E76: =F76+H76+J76 -> 165131 | F76: ='일위대가_호표(신규)'!H352 -> 24744 | H76: ='일위대가_호표(신규)'!J352 -> 127440 | J76: ='일위대가_호표(신규)'!L352 -> 12947 | M76: HP022 | N76: T | V76: 24744 | W76: 127440 | X76: 12947 | Y76: 165131 | AA76: =EXACT($E76,$Y76) -> TRUE | AC76: =HYPERLINK("#일위대가_호표!A352","HP022 →") -> HP022 →
A77: No.69 감나무 이식 | B77: H6.0xR30 | C77: 1 | D77: 주 | E77: =F77+H77+J77 -> 856463 | F77: ='일위대가_호표(신규)'!H360 -> 103243 | H77: ='일위대가_호표(신규)'!J360 -> 598140 | J77: ='일위대가_호표(신규)'!L360 -> 155080 | M77: HP024 | N77: T | V77: 103243 | W77: 598140 | X77: 155080 | Y77: 856463 | AA77: =EXACT($E77,$Y77) -> TRUE | AC77: =HYPERLINK("#일위대가_호표!A360","HP024 →") -> HP024 →
A78: No.70 감나무 이식 | B78: H4.0xR15 | C78: 1 | D78: 주 | E78: =F78+H78+J78 -> 305373 | F78: ='일위대가_호표(신규)'!H368 -> 44930 | H78: ='일위대가_호표(신규)'!J368 -> 236423 | J78: ='일위대가_호표(신규)'!L368 -> 24020 | M78: HP025 | N78: T | V78: 44930 | W78: 236423 | X78: 24020 | Y78: 305373 | AA78: =EXACT($E78,$Y78) -> TRUE | AC78: =HYPERLINK("#일위대가_호표!A368","HP025 →") -> HP025 →
A79: No.71 느티나무 이식 | B79: H12.0xR38 | C79: 1 | D79: 주 | E79: =F79+H79+J79 -> 863033 | F79: ='일위대가_호표(신규)'!H376 -> 109813 | H79: ='일위대가_호표(신규)'!J376 -> 598140 | J79: ='일위대가_호표(신규)'!L376 -> 155080 | M79: HP026 | N79: T | V79: 109813 | W79: 598140 | X79: 155080 | Y79: 863033 | AA79: =EXACT($E79,$Y79) -> TRUE | AC79: =HYPERLINK("#일위대가_호표!A376","HP026 →") -> HP026 →
A80: No.72 느티나무 이식 | B80: H12.0xR36 | C80: 1 | D80: 주 | E80: =F80+H80+J80 -> 859723 | F80: ='일위대가_호표(신규)'!H384 -> 106503 | H80: ='일위대가_호표(신규)'!J384 -> 598140 | J80: ='일위대가_호표(신규)'!L384 -> 155080 | M80: HP027 | N80: T | V80: 106503 | W80: 598140 | X80: 155080 | Y80: 859723 | AA80: =EXACT($E80,$Y80) -> TRUE | AC80: =HYPERLINK("#일위대가_호표!A384","HP027 →") -> HP027 →
A81: No.73 느티나무 이식 | B81: H9.0xR36 | C81: 1 | D81: 주 | E81: =F81+H81+J81 -> 859723 | F81: ='일위대가_호표(신규)'!H392 -> 106503 | H81: ='일위대가_호표(신규)'!J392 -> 598140 | J81: ='일위대가_호표(신규)'!L392 -> 155080 | M81: HP028 | N81: T | V81: 106503 | W81: 598140 | X81: 155080 | Y81: 859723 | AA81: =EXACT($E81,$Y81) -> TRUE | AC81: =HYPERLINK("#일위대가_호표!A392","HP028 →") -> HP028 →
A82: No.74 느티나무 이식 | B82: H9.0xR34 | C82: 1 | D82: 주 | E82: =F82+H82+J82 -> 859723 | F82: ='일위대가_호표(신규)'!H400 -> 106503 | H82: ='일위대가_호표(신규)'!J400 -> 598140 | J82: ='일위대가_호표(신규)'!L400 -> 155080 | M82: HP029 | N82: T | V82: 106503 | W82: 598140 | X82: 155080 | Y82: 859723 | AA82: =EXACT($E82,$Y82) -> TRUE | AC82: =HYPERLINK("#일위대가_호표!A400","HP029 →") -> HP029 →
A83: No.75 느티나무 이식 | B83: H9.0xR30 | C83: 1 | D83: 주 | E83: =F83+H83+J83 -> 856463 | F83: ='일위대가_호표(신규)'!H408 -> 103243 | H83: ='일위대가_호표(신규)'!J408 -> 598140 | J83: ='일위대가_호표(신규)'!L408 -> 155080 | M83: HP030 | N83: T | V83: 103243 | W83: 598140 | X83: 155080 | Y83: 856463 | AA83: =EXACT($E83,$Y83) -> TRUE | AC83: =HYPERLINK("#일위대가_호표!A408","HP030 →") -> HP030 →
A84: No.76 느티나무 이식 | B84: H8.0xR20 | C84: 1 | D84: 주 | E84: =F84+H84+J84 -> 620822 | F84: ='일위대가_호표(신규)'!H416 -> 71984 | H84: ='일위대가_호표(신규)'!J416 -> 443066 | J84: ='일위대가_호표(신규)'!L416 -> 105772 | M84: HP031 | N84: T | V84: 71984 | W84: 443066 | X84: 105772 | Y84: 620822 | AA84: =EXACT($E84,$Y84) -> TRUE | AC84: =HYPERLINK("#일위대가_호표!A416","HP031 →") -> HP031 →
A85: No.77 단풍나무 이식 | B85: H5.0xR20 | C85: 1 | D85: 주 | E85: =F85+H85+J85 -> 620822 | F85: ='일위대가_호표(신규)'!H424 -> 71984 | H85: ='일위대가_호표(신규)'!J424 -> 443066 | J85: ='일위대가_호표(신규)'!L424 -> 105772 | M85: HP032 | N85: T | V85: 71984 | W85: 443066 | X85: 105772 | Y85: 620822 | AA85: =EXACT($E85,$Y85) -> TRUE | AC85: =HYPERLINK("#일위대가_호표!A424","HP032 →") -> HP032 →
A86: No.78 당단풍 이식 | B86: H6.0xW4.0xR28 | C86: 1 | D86: 주 | E86: =F86+H86+J86 -> 631487 | F86: ='일위대가_호표(신규)'!H432 -> 82649 | H86: ='일위대가_호표(신규)'!J432 -> 443066 | J86: ='일위대가_호표(신규)'!L432 -> 105772 | M86: HP033 | N86: T | V86: 82649 | W86: 443066 | X86: 105772 | Y86: 631487 | AA86: =EXACT($E86,$Y86) -> TRUE | AC86: =HYPERLINK("#일위대가_호표!A432","HP033 →") -> HP033 →
A87: No.79 당단풍 이식 | B87: H6.0xW4.0 | C87: 1 | D87: 주 | E87: =F87+H87+J87 -> 859723 | F87: ='일위대가_호표(신규)'!H440 -> 106503 | H87: ='일위대가_호표(신규)'!J440 -> 598140 | J87: ='일위대가_호표(신규)'!L440 -> 155080 | M87: HP034 | N87: T | V87: 106503 | W87: 598140 | X87: 155080 | Y87: 859723 | AA87: =EXACT($E87,$Y87) -> TRUE | AC87: =HYPERLINK("#일위대가_호표!A440","HP034 →") -> HP034 →
A88: No.80 당단풍 이식 | B88: H6.0xR40 | C88: 1 | D88: 주 | E88: =F88+H88+J88 -> 1210755 | F88: ='일위대가_호표(신규)'!H448 -> 144943 | H88: ='일위대가_호표(신규)'!J448 -> 785059 | J88: ='일위대가_호표(신규)'!L448 -> 280753 | M88: HP035 | N88: T | V88: 144943 | W88: 785059 | X88: 280753 | Y88: 1210755 | AA88: =EXACT($E88,$Y88) -> TRUE | AC88: =HYPERLINK("#일위대가_호표!A448","HP035 →") -> HP035 →
A89: No.81 당단풍 이식 | B89: H5.0xR20 | C89: 1 | D89: 주 | E89: =F89+H89+J89 -> 620822 | F89: ='일위대가_호표(신규)'!H456 -> 71984 | H89: ='일위대가_호표(신규)'!J456 -> 443066 | J89: ='일위대가_호표(신규)'!L456 -> 105772 | M89: HP036 | N89: T | V89: 71984 | W89: 443066 | X89: 105772 | Y89: 620822 | AA89: =EXACT($E89,$Y89) -> TRUE | AC89: =HYPERLINK("#일위대가_호표!A456","HP036 →") -> HP036 →
A90: No.82 당단풍 이식 | B90: H4.0xR20 | C90: 1 | D90: 주 | E90: =F90+H90+J90 -> 620822 | F90: ='일위대가_호표(신규)'!H464 -> 71984 | H90: ='일위대가_호표(신규)'!J464 -> 443066 | J90: ='일위대가_호표(신규)'!L464 -> 105772 | M90: HP037 | N90: T | V90: 71984 | W90: 443066 | X90: 105772 | Y90: 620822 | AA90: =EXACT($E90,$Y90) -> TRUE | AC90: =HYPERLINK("#일위대가_호표!A464","HP037 →") -> HP037 →
A91: No.83 당단풍 이식 | B91: H3.5xR15 | C91: 1 | D91: 주 | E91: =F91+H91+J91 -> 305373 | F91: ='일위대가_호표(신규)'!H472 -> 44930 | H91: ='일위대가_호표(신규)'!J472 -> 236423 | J91: ='일위대가_호표(신규)'!L472 -> 24020 | M91: HP038 | N91: T | V91: 44930 | W91: 236423 | X91: 24020 | Y91: 305373 | AA91: =EXACT($E91,$Y91) -> TRUE | AC91: =HYPERLINK("#일위대가_호표!A472","HP038 →") -> HP038 →
A92: No.84 당단풍 이식 | B92: H3.5xR12 | C92: 1 | D92: 주 | E92: =F92+H92+J92 -> 252669 | F92: ='일위대가_호표(신규)'!H480 -> 39580 | H92: ='일위대가_호표(신규)'!J480 -> 193437 | J92: ='일위대가_호표(신규)'!L480 -> 19652 | M92: HP039 | N92: T | V92: 39580 | W92: 193437 | X92: 19652 | Y92: 252669 | AA92: =EXACT($E92,$Y92) -> TRUE | AC92: =HYPERLINK("#일위대가_호표!A480","HP039 →") -> HP039 →
A93: No.85 당단풍 이식 | B93: H3.0xR13 | C93: 1 | D93: 주 | E93: =F93+H93+J93 -> 252953 | F93: ='일위대가_호표(신규)'!H488 -> 39864 | H93: ='일위대가_호표(신규)'!J488 -> 193437 | J93: ='일위대가_호표(신규)'!L488 -> 19652 | M93: HP040 | N93: T | V93: 39864 | W93: 193437 | X93: 19652 | Y93: 252953 | AA93: =EXACT($E93,$Y93) -> TRUE | AC93: =HYPERLINK("#일위대가_호표!A488","HP040 →") -> HP040 →
A94: No.86 모과나무 이식 | B94: H4.5xR20 | C94: 1 | D94: 주 | E94: =F94+H94+J94 -> 620822 | F94: ='일위대가_호표(신규)'!H496 -> 71984 | H94: ='일위대가_호표(신규)'!J496 -> 443066 | J94: ='일위대가_호표(신규)'!L496 -> 105772 | M94: HP041 | N94: T | V94: 71984 | W94: 443066 | X94: 105772 | Y94: 620822 | AA94: =EXACT($E94,$Y94) -> TRUE | AC94: =HYPERLINK("#일위대가_호표!A496","HP041 →") -> HP041 →
A95: No.87 밤나무 이식 | B95: H3.5xR15 | C95: 1 | D95: 주 | E95: =F95+H95+J95 -> 305373 | F95: ='일위대가_호표(신규)'!H504 -> 44930 | H95: ='일위대가_호표(신규)'!J504 -> 236423 | J95: ='일위대가_호표(신규)'!L504 -> 24020 | M95: HP042 | N95: T | V95: 44930 | W95: 236423 | X95: 24020 | Y95: 305373 | AA95: =EXACT($E95,$Y95) -> TRUE | AC95: =HYPERLINK("#일위대가_호표!A504","HP042 →") -> HP042 →
A96: No.88 백목련 이식 | B96: H13.0xW6.0xR60 | C96: 1 | D96: 주 | E96: =F96+H96+J96 -> 1760791 | F96: ='일위대가_호표(신규)'!H512 -> 240840 | H96: ='일위대가_호표(신규)'!J512 -> 1017669 | J96: ='일위대가_호표(신규)'!L512 -> 502282 | M96: HP043 | N96: T | V96: 240840 | W96: 1017669 | X96: 502282 | Y96: 1760791 | AA96: =EXACT($E96,$Y96) -> TRUE | AC96: =HYPERLINK("#일위대가_호표!A512","HP043 →") -> HP043 →
A97: No.89 백목련 이식 | B97: H12.0xW4.0xR28 | C97: 1 | D97: 주 | E97: =F97+H97+J97 -> 631487 | F97: ='일위대가_호표(신규)'!H520 -> 82649 | H97: ='일위대가_호표(신규)'!J520 -> 443066 | J97: ='일위대가_호표(신규)'!L520 -> 105772 | M97: HP044 | N97: T | V97: 82649 | W97: 443066 | X97: 105772 | Y97: 631487 | AA97: =EXACT($E97,$Y97) -> TRUE | AC97: =HYPERLINK("#일위대가_호표!A520","HP044 →") -> HP044 →
A98: No.90 백목련 이식 | B98: H10.0xR40 | C98: 1 | D98: 주 | E98: =F98+H98+J98 -> 1210755 | F98: ='일위대가_호표(신규)'!H528 -> 144943 | H98: ='일위대가_호표(신규)'!J528 -> 785059 | J98: ='일위대가_호표(신규)'!L528 -> 280753 | M98: HP045 | N98: T | V98: 144943 | W98: 785059 | X98: 280753 | Y98: 1210755 | AA98: =EXACT($E98,$Y98) -> TRUE | AC98: =HYPERLINK("#일위대가_호표!A528","HP045 →") -> HP045 →
A99: No.91 백목련 이식 | B99: H3.5xR15 | C99: 1 | D99: 주 | E99: =F99+H99+J99 -> 305373 | F99: ='일위대가_호표(신규)'!H536 -> 44930 | H99: ='일위대가_호표(신규)'!J536 -> 236423 | J99: ='일위대가_호표(신규)'!L536 -> 24020 | M99: HP046 | N99: T | V99: 44930 | W99: 236423 | X99: 24020 | Y99: 305373 | AA99: =EXACT($E99,$Y99) -> TRUE | AC99: =HYPERLINK("#일위대가_호표!A536","HP046 →") -> HP046 →
A100: No.92 산딸나무 이식 | B100: H3.5xR12 | C100: 1 | D100: 주 | E100: =F100+H100+J100 -> 252669 | F100: ='일위대가_호표(신규)'!H544 -> 39580 | H100: ='일위대가_호표(신규)'!J544 -> 193437 | J100: ='일위대가_호표(신규)'!L544 -> 19652 | M100: HP047 | N100: T | V100: 39580 | W100: 193437 | X100: 19652 | Y100: 252669 | AA100: =EXACT($E100,$Y100) -> TRUE | AC100: =HYPERLINK("#일위대가_호표!A544","HP047 →") -> HP047 →
...

Sheet 일위대가_산근
A1: 일위대가_산근
A2: 산 출 근 거 | B2: 합 계 | C2: 재 료 비 | D2: 노 무 비 | E2: 경 비 | F2: 비 고
AA3: ※ 노란색 셀을 수정하고 툴바에서 수식 > 시트계산을 하면
A4: #1 폐기물집적 및 상차 | BH0.6m3|m3 | B4: =$B25 -> 5859 | C4: =$C25 -> 1054 | D4: =$D25 -> 3467 | E4: =$E25 -> 1338 | H4: NX1510 | K4: 1 | Y4: =EXACT($Z4,$B25) -> TRUE | Z4: 5859 | AA4: 엑셀 수식이 적용됩니다. (단축키 F9 키)
I6: 10 | K6: F
A8: 폐기물상차(백호우0.6M3):M3 | K8: '폐기물상차(백호우0.6M3):M3'
A10: =CONCATENATE(" q=",TEXT($AB10,"#,##0.0"),", k=",TEXT($AF10,"#,##0.00"),", E=",TEXT($AJ10,"#,##0.00")) -> q=0.6, k=0.55, E=0.35 | K10: =SUBSTITUTE(SUBSTITUTE(SUBSTITUTE(SUBSTITUTE(" q=0.6, k=0.55, E=0.35","0.6",TEXT($AB10,"#,##0.0"),1),"0.55",TEXT($AF10,"#,##0.00"),1),"0.35",TEXT($AJ10,"#,##0.00"),1),"_x001D_","'") -> q=0.6, k=0.55, E=0.35 | AA10: Q = | AB10: 0.6 | AC10: Q = | AD10: =$AB10 -> 0.6 | AE10: K = | AF10: 0.55 | AG10: K = | AH10: =$AF10 -> 0.55 | AI10: E = | AJ10: 0.35 | AK10: E = | AL10: =$AJ10 -> 0.35
A12: =CONCATENATE(" CM=",TEXT($AB12,"#,##0.00")," sec(135°) , f=",TEXT($AF12,"#,##0.00")) -> CM=18.00 sec(135°) , f=0.71 | K12: =SUBSTITUTE(SUBSTITUTE(SUBSTITUTE(" CM=18_x001D_sec(135°)_x001D_, f=0.71","18",TEXT($AB12,"#,##0"),1),"0.71",TEXT($AF12,"#,##0.00"),1),"_x001D_","'") -> CM=18'sec(135°)', f=0.71 | AA12: CM = | AB12: 18 | AC12: CM = | AD12: =$AB12 -> 18 | AE12: F = | AF12: 0.71 | AG12: F = | AH12: =$AF12 -> 0.71
A14: =CONCATENATE(" Q=(3600*",TEXT($AB14,"#,##0.00"),"*",TEXT($AF14,"#,##0.00"),"*",TEXT($AJ14,"#,##0.00"),"*",TEXT($AN14,"#,##0.00"),")/",TEXT($AR14,"#,##0.00"),"=",TEXT($AZ14,"#,##0.00")," M3/HR ") -> Q=(3600*0.60*0.55*0.71*0.35)/18.00=16.40 M3/HR | B14: =SUM($C14,$D14,$E14) -> 0 | K14: Q=(3600*{q}*{k}*{f}*{E})/{CM}=?'M3/HR' | AA14: 14_1_1+ = | AB14: =$AD10 -> 0.6 | AC14: 14_1_1 = | AD14: =$AB14 -> 0.6 | AE14: 14_1_2+ = | AF14: =$AH10 -> 0.55 | AG14: 14_1_2 = | AH14: =$AF14 -> 0.55 | AI14: 14_1_3+ = | AJ14: =$AH12 -> 0.71 | AK14: 14_1_3 = | AL14: =$AJ14 -> 0.71 | AM14: 14_1_4+ = | AN14: =$AL10 -> 0.35 | AO14: 14_1_4 = | AP14: =$AN14 -> 0.35 | AQ14: 14_1_5+ = | AR14: =$AD12 -> 18 | AS14: 14_1_5 = | AT14: =$AR14 -> 18 | AU14: Q+ = | AV14: =ROUND((3600*$AD14*$AH14*$AL14*$AP14)/$AT14,2) -> 16.4 | AW14: Q = | AX14: =$AV14 -> 16.4 | AY14: 14_1_6+ = | AZ14: =ROUND(ROUND((3600*$AD14*$AH14*$AL14*$AP14)/$AT14,2),2) -> 16.4 | BA14: 14_1_6 = | BB14: =$AZ14 -> 16.4
A17: =CONCATENATE(" 노 무 비 : _x001D_56,874_x001D_/",TEXT($AB17,"#,##0.00")," =",TEXT($AF17,"#,##0.0")) -> 노 무 비 : _x001D_56,874_x001D_/16.40 =3,467.9 | B17: =SUM($C17,$D17,$E17) -> 3467.9 | D17: =$AF17 -> 3467.9 | K17: '노 무 비 : '~E0002010060.L~/{Q} =?LA+ | AA17: 17_1_1+ = | AB17: =$AX14 -> 16.4 | AC17: 17_1_1 = | AD17: =$AB17 -> 16.4 | AE17: LA+ = | AF17: =TRUNC(중기사용료목록!F4/$AD17,1) -> 3467.9 | AG17: LA = | AH17: =$AF17 -> 3467.9
A19: =CONCATENATE(" 재 료 비 : _x001D_17,297_x001D_/",TEXT($AB19,"#,##0.00")," =",TEXT($AF19,"#,##0.0")) -> 재 료 비 : _x001D_17,297_x001D_/16.40 =1,054.6 | B19: =SUM($C19,$D19,$E19) -> 1054.6 | C19: =$AF19 -> 1054.6 | K19: '재 료 비 : '~E0002010060.M~/{Q} =?MA+ | AA19: 19_1_1+ = | AB19: =$AX14 -> 16.4 | AC19: 19_1_1 = | AD19: =$AB19 -> 16.4 | AE19: MA+ = | AF19: =TRUNC(중기사용료목록!E4/$AD19,1) -> 1054.6 | AG19: MA = | AH19: =$AF19 -> 1054.6
A21: =CONCATENATE(" 경 비 : _x001D_21,957_x001D_/",TEXT($AB21,"#,##0.00")," =",TEXT($AF21,"#,##0.0")) -> 경 비 : _x001D_21,957_x001D_/16.40 =1,338.8 | B21: =SUM($C21,$D21,$E21) -> 1338.8 | E21: =$AF21 -> 1338.8 | K21: '경 비 : '~E0002010060.E~/{Q} =?EQ+ | AA21: 21_1_1+ = | AB21: =$AX14 -> 16.4 | AC21: 21_1_1 = | AD21: =$AB21 -> 16.4 | AE21: EQ+ = | AF21: =TRUNC(중기사용료목록!G4/$AD21,1) -> 1338.8 | AG21: EQ = | AH21: =$AF21 -> 1338.8
A23: 계 : | B23: =SUM($C23,$D23,$E23) -> 5861.3 | C23: =$AB23 -> 1054.6 | D23: =$AD23 -> 3467.9 | E23: =$AF23 -> 1338.8 | K23: > ' 계 : ' | AA23: >MA = | AB23: =$AH19 -> 1054.6 | AC23: >LA = | AD23: =$AH17 -> 3467.9 | AE23: >EQ = | AF23: =$AH21 -> 1338.8
A25: 전체 합계 | B25: =SUM($C25,$D25,$E25) -> 5859 | C25: =TRUNC(SUM($AH19),0) -> 1054 | D25: =TRUNC(SUM($AH17),0) -> 3467 | E25: =TRUNC(SUM($AH21),0) -> 1338
A27: #2 터파기 | BH 0.6M3, 인력10%|m3 | B27: =$B56 -> 5009 | C27: =$C56 -> 300 | D27: =$D56 -> 4328 | E27: =$E56 -> 381 | H27: N1070 | K27: 1 | Y27: =EXACT($Z27,$B56) -> TRUE | Z27: 5009
I29: 30 | K29: F
A31: 터파기(백호우0.6M3 90%):M3 | K31: '터파기(백호우0.6M3 90%):M3 '
A33: =CONCATENATE(" q=",TEXT($AB33,"#,##0.0"),", K=",TEXT($AF33,"#,##0.00"),", E=",TEXT($AJ33,"#,##0.0")) -> q=0.6, K=0.90, E=0.6 | K33: =SUBSTITUTE(SUBSTITUTE(SUBSTITUTE(SUBSTITUTE(" q=0.6, K=0.90, E=0.6","0.6",TEXT($AB33,"#,##0.0"),1),"0.90",TEXT($AF33,"#,##0.00"),1),"0.6",TEXT($AJ33,"#,##0.0"),2),"_x001D_","'") -> q=0.6, K=0.90, E=0.6 | AA33: Q = | AB33: 0.6 | AC33: Q = | AD33: =$AB33 -> 0.6 | AE33: K = | AF33: 0.9 | AG33: K = | AH33: =$AF33 -> 0.9 | AI33: E = | AJ33: 0.6 | AK33: E = | AL33: =$AJ33 -> 0.6
A35: =CONCATENATE(" CM=",TEXT($AB35,"#,##0.00")," sec(90°) , F=",TEXT($AF35,"#,##0.0")) -> CM=18.00 sec(90°) , F=0.8 | K35: =SUBSTITUTE(SUBSTITUTE(SUBSTITUTE(" CM=18_x001D_sec(90°)_x001D_, F=0.8","18",TEXT($AB35,"#,##0"),1),"0.8",TEXT($AF35,"#,##0.0"),1),"_x001D_","'") -> CM=18'sec(90°)', F=0.8 | AA35: CM = | AB35: 18 | AC35: CM = | AD35: =$AB35 -> 18 | AE35: F = | AF35: 0.8 | AG35: F = | AH35: =$AF35 -> 0.8
A37: =CONCATENATE(" Q=(3600*",TEXT($AB37,"#,##0.00"),"*",TEXT($AF37,"#,##0.00"),"*",TEXT($AJ37,"#,##0.00"),"*",TEXT($AN37,"#,##0.00"),")/",TEXT($AR37,"#,##0.00"),"=",TEXT($AZ37,"#,##0.00")," M3/HR ") -> Q=(3600*0.60*0.90*0.80*0.60)/18.00=51.84 M3/HR | B37: =SUM($C37,$D37,$E37) -> 0 | K37: Q=(3600*{q}*{K}*{F}*{E})/{CM}=?'M3/HR' | AA37: 37_1_1+ = | AB37: =$AD33 -> 0.6 | AC37: 37_1_1 = | AD37: =$AB37 -> 0.6 | AE37: 37_1_2+ = | AF37: =$AH33 -> 0.9 | AG37: 37_1_2 = | AH37: =$AF37 -> 0.9 | AI37: 37_1_3+ = | AJ37: =$AH35 -> 0.8 | AK37: 37_1_3 = | AL37: =$AJ37 -> 0.8 | AM37: 37_1_4+ = | AN37: =$AL33 -> 0.6 | AO37: 37_1_4 = | AP37: =$AN37 -> 0.6 | AQ37: 37_1_5+ = | AR37: =$AD35 -> 18 | AS37: 37_1_5 = | AT37: =$AR37 -> 18 | AU37: Q+ = | AV37: =ROUND((3600*$AD37*$AH37*$AL37*$AP37)/$AT37,2) -> 51.84 | AW37: Q = | AX37: =$AV37 -> 51.84 | AY37: 37_1_6+ = | AZ37: =ROUND(ROUND((3600*$AD37*$AH37*$AL37*$AP37)/$AT37,2),2) -> 51.84 | BA37: 37_1_6 = | BB37: =$AZ37 -> 51.84
A40: =CONCATENATE(" 재 료 비 : _x001D_17,297_x001D_/",TEXT($AB40,"#,##0.00"),"*0.9 =",TEXT($AF40,"#,##0.0")) -> 재 료 비 : _x001D_17,297_x001D_/51.84*0.9 =300.2 | B40: =SUM($C40,$D40,$E40) -> 300.2 | C40: =$AF40 -> 300.2 | K40: '재 료 비 : '~E0002010060.M~/{Q}*0.9 =?MA+ | AA40: 40_1_1+ = | AB40: =$AX37 -> 51.84 | AC40: 40_1_1 = | AD40: =$AB40 -> 51.84 | AE40: MA+ = | AF40: =TRUNC(중기사용료목록!E4/$AD40*0.9,1) -> 300.2 | AG40: MA = | AH40: =$AF40 -> 300.2
A42: =CONCATENATE(" 노 무 비 : _x001D_56,874_x001D_/",TEXT($AB42,"#,##0.00"),"*0.9 =",TEXT($AF42,"#,##0.0")) -> 노 무 비 : _x001D_56,874_x001D_/51.84*0.9 =987.3 | B42: =SUM($C42,$D42,$E42) -> 987.3 | D42: =$AF42 -> 987.3 | K42: '노 무 비 : '~E0002010060.L~/{Q}*0.9 =?LA+ | AA42: 42_1_1+ = | AB42: =$AX37 -> 51.84 | AC42: 42_1_1 = | AD42: =$AB42 -> 51.84 | AE42: LA+ = | AF42: =TRUNC(중기사용료목록!F4/$AD42*0.9,1) -> 987.3 | AG42: LA = | AH42: =$AF42 -> 987.3
A44: =CONCATENATE(" 경 비 : _x001D_21,957_x001D_/",TEXT($AB44,"#,##0.00"),"*0.9 =",TEXT($AF44,"#,##0.0")) -> 경 비 : _x001D_21,957_x001D_/51.84*0.9 =381.1 | B44: =SUM($C44,$D44,$E44) -> 381.1 | E44: =$AF44 -> 381.1 | K44: '경 비 : '~E0002010060.E~/{Q}*0.9 =?EQ+ | AA44: 44_1_1+ = | AB44: =$AX37 -> 51.84 | AC44: 44_1_1 = | AD44: =$AB44 -> 51.84 | AE44: EQ+ = | AF44: =TRUNC(중기사용료목록!G4/$AD44*0.9,1) -> 381.1 | AG44: EQ = | AH44: =$AF44 -> 381.1
A46: 소계 : | B46: =SUM($C46,$D46,$E46) -> 1668.6 | C46: =$AB46 -> 300.2 | D46: =$AD46 -> 987.3 | E46: =$AF46 -> 381.1 | K46: > ' 소계 : ' | AA46: >MA = | AB46: =$AH40 -> 300.2 | AC46: >LA = | AD46: =$AH42 -> 987.3 | AE46: >EQ = | AF46: =$AH44 -> 381.1
A48: 터파기(인력10%):M3 | K48: '터파기(인력10%):M3 '
A50: =CONCATENATE(" 노 무 비 : _x001D_167,081_x001D_*0.2*0.1 =",TEXT($AB50,"#,##0.0")) -> 노 무 비 : _x001D_167,081_x001D_*0.2*0.1 =3,341.6 | B50: =SUM($C50,$D50,$E50) -> 3341.6 | D50: =$AB50 -> 3341.6 | K50: '노 무 비 : '~L085~*0.2*0.1 =?LA+ | AA50: LA+ = | AB50: =TRUNC(노임!D15*0.2*0.1,1) -> 3341.6 | AC50: LA = | AD50: =$AH42+$AB50 -> 4328.9
A52: 소계 : | B52: =SUM($C52,$D52,$E52) -> 3341.6 | C52: =$AB52 -> 0 | D52: =$AD52 -> 3341.6 | E52: =$AF52 -> 0 | K52: > ' 소계 : ' | AA52: >MA = | AB52: =$AH40-$AH40 -> 0 | AC52: >LA = | AD52: =$AD50-$AH42 -> 3341.6 | AE52: >EQ = | AF52: =$AH44-$AH44 -> 0
A54: 합계 : | B54: =SUM($C54,$D54,$E54) -> 5010.2 | C54: =$AB54 -> 300.2 | D54: =$AD54 -> 4328.9 | E54: =$AF54 -> 381.1 | K54: >> ' 합계 : ' | AA54: >>MA = | AB54: =$AH40 -> 300.2 | AC54: >>LA = | AD54: =$AD50 -> 4328.9 | AE54: >>EQ = | AF54: =$AH44 -> 381.1
A56: 전체 합계 | B56: =SUM($C56,$D56,$E56) -> 5009 | C56: =TRUNC(SUM($AH40),0) -> 300 | D56: =TRUNC(SUM($AD50),0) -> 4328 | E56: =TRUNC(SUM($AH44),0) -> 381
A58: #3 잔토처리 | BH 0.6M3|m3 | B58: =$B81 -> 1588 | C58: =$C81 -> 285 | D58: =$D81 -> 940 | E58: =$E81 -> 363 | H58: N0860 | K58: 1 | Y58: =EXACT($Z58,$B81) -> TRUE | Z58: 1588
I60: 10 | K60: F
A61: ◈ 잔토처리(잔토) (굴삭기0.6㎥,덤프15T)/M3 | K61: ' ◈ 잔토처리(잔토) (굴삭기0.6㎥,덤프15T)/M3'
A63: 1) 상 차 (굴삭기 0.6㎥) | K63: 1) 상 차 (굴삭기 0.6㎥)
A65: =CONCATENATE(" q=",TEXT($AB65,"#,##0.0"),", K=",TEXT($AF65,"#,##0.0"),", L=",TEXT($AJ65,"#,##0.00")) -> q=0.6, K=0.9, L=1.25 | K65: =SUBSTITUTE(SUBSTITUTE(SUBSTITUTE(SUBSTITUTE(" q = 0.6, K = 0.9, L = 1.25","0.6",TEXT($AB65,"#,##0.0"),1),"0.9",TEXT($AF65,"#,##0.0"),1),"1.25",TEXT($AJ65,"#,##0.00"),1),"_x001D_","'") -> q = 0.6, K = 0.9, L = 1.25 | AA65: Q = | AB65: 0.6 | AC65: Q = | AD65: =$AB65 -> 0.6 | AE65: K = | AF65: 0.9 | AG65: K = | AH65: =$AF65 -> 0.9 | AI65: L = | AJ65: 1.25 | AK65: L = | AL65: =$AJ65 -> 1.25
A67: =CONCATENATE(" f = 1/",TEXT($AB67,"#,##0.00")," = ",TEXT($AJ67,"#,##0.00")," , E1=",TEXT($AN67,"#,##0.0"),", Cm=",TEXT($AR67,"#,##0.00")," sec(135°) ") -> f = 1/1.25 = 0.80 , E1=0.7, Cm=18.00 sec(135°) | B67: =SUM($C67,$D67,$E67) -> 0 | K67: =SUBSTITUTE(SUBSTITUTE(SUBSTITUTE(" f = 1/{L} = ? , E1 = 0.7, Cm = 18_x001D_sec(135°)_x001D_","0.7",TEXT($AN67,"#,##0.0"),1),"18",TEXT($AR67,"#,##0"),1),"_x001D_","'") -> f = 1/{L} = ? , E1 = 0.7, Cm = 18'sec(135°)' | AA67: 67_1_1+ = | AB67: =$AL65 -> 1.25 | AC67: 67_1_1 = | AD67: =$AB67 -> 1.25 | AE67: F+ = | AF67: =ROUND(1/$AD67,2) -> 0.8 | AG67: F = | AH67: =$AF67 -> 0.8 | AI67: 67_1_2+ = | AJ67: =ROUND(ROUND(1/$AD67,2),2) -> 0.8 | AK67: 67_1_2 = | AL67: =$AJ67 -> 0.8 | AM67: E1 = | AN67: 0.7 | AO67: E1 = | AP67: =$AN67 -> 0.7 | AQ67: CM = | AR67: 18 | AS67: CM = | AT67: =$AR67 -> 18
A69: =CONCATENATE(" Q = 3600 * q * K * f * E1 / Cm = ",TEXT($AF69,"#,##0.00")," M3/HR") -> Q = 3600 * q * K * f * E1 / Cm = 60.48 M3/HR | B69: =SUM($C69,$D69,$E69) -> 0 | K69: Q = 3600 * q * K * f * E1 / Cm = {?}'M3/HR' | AA69: Q+ = | AB69: =ROUND(3600*$AD65*$AH65*$AH67*$AP67/$AT67,2) -> 60.48 | AC69: Q = | AD69: =$AB69 -> 60.48 | AE69: 69_1_1+ = | AF69: =ROUND(ROUND(3600*$AD65*$AH65*$AH67*$AP67/$AT67,2),2) -> 60.48 | AG69: 69_1_1 = | AH69: =$AF69 -> 60.48
A71: =CONCATENATE(" 재 료 비 : _x001D_17,297_x001D_/",TEXT($AB71,"#,##0.00")," =",TEXT($AF71,"#,##0.0")) -> 재 료 비 : _x001D_17,297_x001D_/60.48 =285.9 | B71: =SUM($C71,$D71,$E71) -> 285.9 | C71: =$AF71 -> 285.9 | K71: '재 료 비 : '~E0002010060.M~/{Q} =?MA+ | AA71: 71_1_1+ = | AB71: =$AD69 -> 60.48 | AC71: 71_1_1 = | AD71: =$AB71 -> 60.48 | AE71: MA+ = | AF71: =TRUNC(중기사용료목록!E4/$AD71,1) -> 285.9 | AG71: MA = | AH71: =$AF71 -> 285.9
A73: =CONCATENATE(" 노 무 비 : _x001D_56,874_x001D_/",TEXT($AB73,"#,##0.00")," =",TEXT($AF73,"#,##0.0")) -> 노 무 비 : _x001D_56,874_x001D_/60.48 =940.3 | B73: =SUM($C73,$D73,$E73) -> 940.3 | D73: =$AF73 -> 940.3 | K73: '노 무 비 : '~E0002010060.L~/{Q} =?LA+ | AA73: 73_1_1+ = | AB73: =$AD69 -> 60.48 | AC73: 73_1_1 = | AD73: =$AB73 -> 60.48 | AE73: LA+ = | AF73: =TRUNC(중기사용료목록!F4/$AD73,1) -> 940.3 | AG73: LA = | AH73: =$AF73 -> 940.3
A75: =CONCATENATE(" 경 비 : _x001D_21,957_x001D_/",TEXT($AB75,"#,##0.00")," =",TEXT($AF75,"#,##0.0")) -> 경 비 : _x001D_21,957_x001D_/60.48 =363.0 | B75: =SUM($C75,$D75,$E75) -> 363 | E75: =$AF75 -> 363 | K75: '경 비 : '~E0002010060.E~/{Q} =?EQ+ | AA75: 75_1_1+ = | AB75: =$AD69 -> 60.48 | AC75: 75_1_1 = | AD75: =$AB75 -> 60.48 | AE75: EQ+ = | AF75: =TRUNC(중기사용료목록!G4/$AD75,1) -> 363 | AG75: EQ = | AH75: =$AF75 -> 363
A79: 합계 : | B79: =SUM($C79,$D79,$E79) -> 1589.2 | C79: =$AB79 -> 285.9 | D79: =$AD79 -> 940.3 | E79: =$AF79 -> 363 | K79: >> ' 합계 : ' | AA79: >>MA = | AB79: =$AH71 -> 285.9 | AC79: >>LA = | AD79: =$AH73 -> 940.3 | AE79: >>EQ = | AF79: =$AH75 -> 363
A81: 전체 합계 | B81: =SUM($C81,$D81,$E81) -> 1588 | C81: =TRUNC(SUM($AH71),0) -> 285 | D81: =TRUNC(SUM($AH73),0) -> 940 | E81: =TRUNC(SUM($AH75),0) -> 363
A83: #4 되메우기및다짐 | BH 0.6M3, P.C 1.5ton, 인력10%|m3 | B83: =$B114 -> 7144 | C83: =$C114 -> 445 | D83: =$D114 -> 6329 | E83: =$E114 -> 370 | H83: N1010 | K83: 1 | Y83: =EXACT($Z83,$B114) -> TRUE | Z83: 7144
I85: 10 | K85: F
A86: 1. 되메우기(기계 90%, 인력 10%) | K86: 1. 되메우기(기계 90%, 인력 10%)
A88: 가. 기계(백호우 0.6㎥, 90%) | K88: 가. 기계(백호우 0.6㎥, 90%)
A89: =CONCATENATE(" q=",TEXT($AB89,"#,##0.0"),", K=",TEXT($AF89,"#,##0.0"),", f = 0.875/1.25 = ",TEXT($AN89,"#,##0.00")) -> q=0.6, K=1.1, f = 0.875/1.25 = 0.70 | B89: =SUM($C89,$D89,$E89) -> 0 | K89: =SUBSTITUTE(SUBSTITUTE(SUBSTITUTE(" q = 0.6, K = 1.1, f = 0.875/1.25 = ?","0.6",TEXT($AB89,"#,##0.0"),1),"1.1",TEXT($AF89,"#,##0.0"),1),"_x001D_","'") -> q = 0.6, K = 1.1, f = 0.875/1.25 = ? | AA89: Q = | AB89: 0.6 | AC89: Q = | AD89: =$AB89 -> 0.6 | AE89: K = | AF89: 1.1 | AG89: K = | AH89: =$AF89 -> 1.1 | AI89: F+ = | AJ89: =ROUND(0.875/1.25,2) -> 0.7 | AK89: F = | AL89: =$AJ89 -> 0.7 | AM89: 89_3_1+ = | AN89: =ROUND(ROUND(0.875/1.25,2),2) -> 0.7 | AO89: 89_3_1 = | AP89: =$AN89 -> 0.7
A90: =CONCATENATE(" Cm=",TEXT($AB90,"#,##0.00")," (90°) ,E=",TEXT($AF90,"#,##0.00")) -> Cm=18.00 (90°) ,E=0.70 | K90: =SUBSTITUTE(SUBSTITUTE(SUBSTITUTE(" Cm = 18_x001D_(90°)_x001D_,E = 0.70","18",TEXT($AB90,"#,##0"),1),"0.70",TEXT($AF90,"#,##0.00"),1),"_x001D_","'") -> Cm = 18'(90°)',E = 0.70 | AA90: CM = | AB90: 18 | AC90: CM = | AD90: =$AB90 -> 18 | AE90: E = | AF90: 0.7 | AG90: E = | AH90: =$AF90 -> 0.7
A91: =CONCATENATE(" Q = 3600 * q * f * K * E / Cm = ",TEXT($AF91,"#,##0.00")) -> Q = 3600 * q * f * K * E / Cm = 64.68 | B91: =SUM($C91,$D91,$E91) -> 0 | K91: Q = 3600 * q * f * K * E / Cm = ? | AA91: Q+ = | AB91: =ROUND(3600*$AD89*$AL89*$AH89*$AH90/$AD90,2) -> 64.68 | AC91: Q = | AD91: =$AB91 -> 64.68 | AE91: 91_1_1+ = | AF91: =ROUND(ROUND(3600*$AD89*$AL89*$AH89*$AH90/$AD90,2),2) -> 64.68 | AG91: 91_1_1 = | AH91: =$AF91 -> 64.68
A92: =CONCATENATE(" 노무비 : _x001D_56,874_x001D_ / Q * 0.9 = ",TEXT($AB92,"#,##0.0")) -> 노무비 : _x001D_56,874_x001D_ / Q * 0.9 = 791.3 | B92: =SUM($C92,$D92,$E92) -> 791.3 | D92: =$AB92 -> 791.3 | K92: ' 노무비 :'~E0002010060.L~ / Q * 0.9 = ?LA+ | AA92: LA+ = | AB92: =TRUNC(중기사용료목록!F4/$AD91*0.9,1) -> 791.3 | AC92: LA = | AD92: =$AB92 -> 791.3
A93: =CONCATENATE(" 재료비 : _x001D_17,297_x001D_ / Q * 0.9 = ",TEXT($AB93,"#,##0.0")) -> 재료비 : _x001D_17,297_x001D_ / Q * 0.9 = 240.6 | B93: =SUM($C93,$D93,$E93) -> 240.6 | C93: =$AB93 -> 240.6 | K93: ' 재료비 :'~E0002010060.M~ / Q * 0.9 = ?MA+ | AA93: MA+ = | AB93: =TRUNC(중기사용료목록!E4/$AD91*0.9,1) -> 240.6 | AC93: MA = | AD93: =$AB93 -> 240.6
A94: =CONCATENATE(" 경 비 : _x001D_21,957_x001D_ / Q * 0.9 = ",TEXT($AB94,"#,##0.0")) -> 경 비 : _x001D_21,957_x001D_ / Q * 0.9 = 305.5 | B94: =SUM($C94,$D94,$E94) -> 305.5 | E94: =$AB94 -> 305.5 | K94: ' 경 비 :'~E0002010060.E~ / Q * 0.9 = ?EQ+ | AA94: EQ+ = | AB94: =TRUNC(중기사용료목록!G4/$AD91*0.9,1) -> 305.5 | AC94: EQ = | AD94: =$AB94 -> 305.5
A95: 소계 | B95: =SUM($C95,$D95,$E95) -> 1337.4 | C95: =$AB95 -> 240.6 | D95: =$AD95 -> 791.3 | E95: =$AF95 -> 305.5 | K95: >'소계' | AA95: >MA = | AB95: =$AD93 -> 240.6 | AC95: >LA = | AD95: =$AD92 -> 791.3 | AE95: >EQ = | AF95: =$AD94 -> 305.5
A97: 나. 인력 10 % | K97: 나. 인력 10'%'
A98: =CONCATENATE(" 보통인부 _x001D_167,081_x001D_ * 0.1 * 0.1 = ",TEXT($AB98,"#,##0.0")) -> 보통인부 _x001D_167,081_x001D_ * 0.1 * 0.1 = 1,670.8 | B98: =SUM($C98,$D98,$E98) -> 1670.8 | D98: =$AB98 -> 1670.8 | K98: ' 보통인부' ~L085~ * 0.1 * 0.1 = ?la+ | AA98: LA+ = | AB98: =TRUNC(노임!D15*0.1*0.1,1) -> 1670.8 | AC98: LA = | AD98: =$AD92+$AB98 -> 2462.1
A99: 소계 | B99: =SUM($C99,$D99,$E99) -> 1670.8 | C99: =$AB99 -> 0 | D99: =$AD99 -> 1670.8 | E99: =$AF99 -> 0 | K99: >'소계' | AA99: >MA = | AB99: =$AD93-$AD93 -> 0 | AC99: >LA = | AD99: =$AD98-$AD92 -> 1670.8 | AE99: >EQ = | AF99: =$AD94-$AD94 -> 0
A101: 계 | B101: =SUM($C101,$D101,$E101) -> 3008.2 | C101: =$AB101 -> 240.6 | D101: =$AD101 -> 2462.1 | E101: =$AF101 -> 305.5 | K101: >>'계' | AA101: >>MA = | AB101: =$AD93 -> 240.6 | AC101: >>LA = | AD101: =$AD98 -> 2462.1 | AE101: >>EQ = | AF101: =$AD94 -> 305.5
A103: 2. 다짐(P.C 1.5TON) | K103: 2. 다짐(P.C 1.5TON)
A105: =CONCATENATE(" V=",TEXT($AB105,"#,##0.00")," Km/hr , W=",TEXT($AF105,"#,##0.00")," m , E=",TEXT($AJ105,"#,##0.0"),", N=",TEXT($AN105,"#,##0.00"),", D=",TEXT($AR105,"#,##0.0"),", f=1/1=",TEXT($AZ105,"#,##0.00")) -> V=1.00 Km/hr , W=0.45 m , E=0.6, N=3.00, D=0.1, f=1/1=1.00 | B105: =SUM($C105,$D105,$E105) -> 0 | K105: =SUBSTITUTE(SUBSTITUTE(SUBSTITUTE(SUBSTITUTE(SUBSTITUTE(SUBSTITUTE(" V=1_x001D_Km/hr_x001D_, W=0.45_x001D_m_x001D_, E=0.6, N=3, D=0.1, f=1/1=?","1",TEXT($AB105,"#,##0"),1),"0.45",TEXT($AF105,"#,##0.00"),1),"0.6",TEXT($AJ105,"#,##0.0"),1),"3",TEXT($AN105,"#,##0"),1),"0.1",TEXT($AR105,"#,##0.0"),1),"_x001D_","'") -> V=1'Km/hr', W=0.45'm', E=0.6, N=3, D=0.1, f=1/1=? | AA105: V = | AB105: 1 | AC105: V = | AD105: =$AB105 -> 1 | AE105: W = | AF105: 0.45 | AG105: W = | AH105: =$AF105 -> 0.45 | AI105: E = | AJ105: 0.6 | AK105: E = | AL105: =$AJ105 -> 0.6 | AM105: N = | AN105: 3 | AO105: N = | AP105: =$AN105 -> 3 | AQ105: D = | AR105: 0.1 | AS105: D = | AT105: =$AR105 -> 0.1 | AU105: F+ = | AV105: =ROUND(1/1,2) -> 1 | AW105: F = | AX105: =$AV105 -> 1 | AY105: 105_6_1+ = | AZ105: =ROUND(ROUND(1/1,2),2) -> 1 | BA105: 105_6_1 = | BB105: =$AZ105 -> 1
A106: =CONCATENATE(" Q = (1000*V*W*D*E)*f/N =",TEXT($AF106,"#,##0.00")," ㎥/HR ") -> Q = (1000*V*W*D*E)*f/N =9.00 ㎥/HR | B106: =SUM($C106,$D106,$E106) -> 0 | K106: Q = (1000*V*W*D*E)*f/N =? '㎥/HR' | AA106: Q+ = | AB106: =ROUND((1000*$AD105*$AH105*$AT105*$AL105)*$AX105/$AP105,2) -> 9 | AC106: Q = | AD106: =$AB106 -> 9 | AE106: 106_1_1+ = | AF106: =ROUND(ROUND((1000*$AD105*$AH105*$AT105*$AL105)*$AX105/$AP105,2),2) -> 9 | AG106: 106_1_1 = | AH106: =$AF106 -> 9
A107: =CONCATENATE(" 노무비 : _x001D_34,803_x001D_ / Q = ",TEXT($AB107,"#,##0.0")) -> 노무비 : _x001D_34,803_x001D_ / Q = 3,867.0 | B107: =SUM($C107,$D107,$E107) -> 3867 | D107: =$AB107 -> 3867 | K107: ' 노무비 :'~E0017300015.L~ / Q = ?LA+ | AA107: LA+ = | AB107: =TRUNC(중기사용료목록!F7/$AD106,1) -> 3867 | AC107: LA = | AD107: =$AD98+$AB107 -> 6329.1
A108: =CONCATENATE(" 재료비 : _x001D_1,845_x001D_ / Q = ",TEXT($AB108,"#,##0.0")) -> 재료비 : _x001D_1,845_x001D_ / Q = 205.0 | B108: =SUM($C108,$D108,$E108) -> 205 | C108: =$AB108 -> 205 | K108: ' 재료비 :'~E0017300015.M~ / Q = ?MA+ | AA108: MA+ = | AB108: =TRUNC(중기사용료목록!E7/$AD106,1) -> 205 | AC108: MA = | AD108: =$AD93+$AB108 -> 445.6
A109: =CONCATENATE(" 경 비 : _x001D_582_x001D_ / Q = ",TEXT($AB109,"#,##0.0")) -> 경 비 : _x001D_582_x001D_ / Q = 64.6 | B109: =SUM($C109,$D109,$E109) -> 64.6 | E109: =$AB109 -> 64.6 | K109: ' 경 비 :'~E0017300015.E~ / Q = ?EQ+ | AA109: EQ+ = | AB109: =TRUNC(중기사용료목록!G7/$AD106,1) -> 64.6 | AC109: EQ = | AD109: =$AD94+$AB109 -> 370.1
A110: 계 | B110: =SUM($C110,$D110,$E110) -> 4136.6 | C110: =$AB110 -> 205 | D110: =$AD110 -> 3867 | E110: =$AF110 -> 64.6 | K110: >>'계' | AA110: >>MA = | AB110: =$AD108-$AD93 -> 205 | AC110: >>LA = | AD110: =$AD107-$AD98 -> 3867 | AE110: >>EQ = | AF110: =$AD109-$AD94 -> 64.6
A112: 합계 | B112: =SUM($C112,$D112,$E112) -> 7144.8 | C112: =$AB112 -> 445.6 | D112: =$AD112 -> 6329.1 | E112: =$AF112 -> 370.1 | K112: >>>'합계' | AA112: >>>MA = | AB112: =$AD108 -> 445.6 | AC112: >>>LA = | AD112: =$AD107 -> 6329.1 | AE112: >>>EQ = | AF112: =$AD109 -> 370.1
A114: 전체 합계 | B114: =SUM($C114,$D114,$E114) -> 7144 | C114: =TRUNC(SUM($AD108),0) -> 445 | D114: =TRUNC(SUM($AD107),0) -> 6329 | E114: =TRUNC(SUM($AD109),0) -> 370
A116: #5 원지반 다짐 | P.C 1.5ton 3회|m2 | B116: =$B130 -> 412 | C116: =$C130 -> 20 | D116: =$D130 -> 386 | E116: =$E130 -> 6 | H116: N0800 | K116: 1 | Y116: =EXACT($Z116,$B130) -> TRUE | Z116: 412
A118: 원지반 다짐 | I118: 10 | K118: F
A119: ◈ 원지반다짐 (P.C 1.5TON,6회) : ㎡당 | K119: '◈ 원지반다짐 (P.C 1.5TON,6회) : ㎡당'
A121: =CONCATENATE(" V=",TEXT($AB121,"#,##0.00")," Km/hr , W=",TEXT($AF121,"#,##0.00")," m , E=",TEXT($AJ121,"#,##0.0"),", N=",TEXT($AN121,"#,##0.00")) -> V=1.00 Km/hr , W=0.45 m , E=0.6, N=3.00 | K121: =SUBSTITUTE(SUBSTITUTE(SUBSTITUTE(SUBSTITUTE(SUBSTITUTE(" V=1_x001D_Km/hr_x001D_, W=0.45_x001D_m_x001D_, E=0.6, N=3","1",TEXT($AB121,"#,##0"),1),"0.45",TEXT($AF121,"#,##0.00"),1),"0.6",TEXT($AJ121,"#,##0.0"),1),"3",TEXT($AN121,"#,##0"),1),"_x001D_","'") -> V=1'Km/hr', W=0.45'm', E=0.6, N=3 | AA121: V = | AB121: 1 | AC121: V = | AD121: =$AB121 -> 1 | AE121: W = | AF121: 0.45 | AG121: W = | AH121: =$AF121 -> 0.45 | AI121: E = | AJ121: 0.6 | AK121: E = | AL121: =$AJ121 -> 0.6 | AM121: N = | AN121: 3 | AO121: N = | AP121: =$AN121 -> 3
A122: =CONCATENATE(" Q = (1000*V*W*E)/N =",TEXT($AF122,"#,##0.00")," ㎡/HR ") -> Q = (1000*V*W*E)/N =90.00 ㎡/HR | B122: =SUM($C122,$D122,$E122) -> 0 | K122: Q = (1000*V*W*E)/N =? '㎡/HR' | AA122: Q+ = | AB122: =ROUND((1000*$AD121*$AH121*$AL121)/$AP121,2) -> 90 | AC122: Q = | AD122: =$AB122 -> 90 | AE122: 122_1_1+ = | AF122: =ROUND(ROUND((1000*$AD121*$AH121*$AL121)/$AP121,2),2) -> 90 | AG122: 122_1_1 = | AH122: =$AF122 -> 90
A124: =CONCATENATE(" 재료비: _x001D_1,845_x001D_ / Q =",TEXT($AB124,"#,##0.0")) -> 재료비: _x001D_1,845_x001D_ / Q =20.5 | B124: =SUM($C124,$D124,$E124) -> 20.5 | C124: =$AB124 -> 20.5 | K124: '재료비:' ~E0017300015.M~ / Q =?MA | AA124: MA+ = | AB124: =TRUNC(중기사용료목록!E7/$AD122,1) -> 20.5 | AC124: MA = | AD124: =$AB124 -> 20.5
A125: =CONCATENATE(" 노무비: _x001D_34,803_x001D_ / Q =",TEXT($AB125,"#,##0.0")) -> 노무비: _x001D_34,803_x001D_ / Q =386.7 | B125: =SUM($C125,$D125,$E125) -> 386.7 | D125: =$AB125 -> 386.7 | K125: '노무비:' ~E0017300015.L~ / Q =?LA | AA125: LA+ = | AB125: =TRUNC(중기사용료목록!F7/$AD122,1) -> 386.7 | AC125: LA = | AD125: =$AB125 -> 386.7
A126: =CONCATENATE(" 경 비: _x001D_582_x001D_ / Q =",TEXT($AB126,"#,##0.0")) -> 경 비: _x001D_582_x001D_ / Q =6.4 | B126: =SUM($C126,$D126,$E126) -> 6.4 | E126: =$AB126 -> 6.4 | K126: '경 비:' ~E0017300015.E~ / Q =?EQ | AA126: EQ+ = | AB126: =TRUNC(중기사용료목록!G7/$AD122,1) -> 6.4 | AC126: EQ = | AD126: =$AB126 -> 6.4
B128: =SUM($C128,$D128,$E128) -> 413.6 | C128: =$AB128 -> 20.5 | D128: =$AD128 -> 386.7 | E128: =$AF128 -> 6.4 | K128: > | AA128: >MA = | AB128: =$AD124 -> 20.5 | AC128: >LA = | AD128: =$AD125 -> 386.7 | AE128: >EQ = | AF128: =$AD126 -> 6.4
A130: 전체 합계 | B130: =SUM($C130,$D130,$E130) -> 412 | C130: =TRUNC(SUM($AD124),0) -> 20 | D130: =TRUNC(SUM($AD125),0) -> 386 | E130: =TRUNC(SUM($AD126),0) -> 6
A132: #6 혼합골재부설 및 다짐 | 기계:인력=9:1|m3 | B132: =$B166 -> 10971 | C132: =$C166 -> 1106 | D132: =$D166 -> 8824 | E132: =$E166 -> 1041 | H132: N0300 | K132: 1 | Y132: =EXACT($Z132,$B166) -> TRUE | Z132: 10971
I134: 10 | K134: F
A135: 1. 혼합골재 (현장도착도) | K135: '1. 혼합골재 (현장도착도)'
A136: 별산 | K136: '별산'
A138: 2. 포설(기계BH0.6㎥,90%) | K138: '2. 포설(기계BH0.6㎥,90%)'
A139: =CONCATENATE(" SQ=",TEXT($AB139,"#,##0.0"),", K=",TEXT($AF139,"#,##0.00")," , L=",TEXT($AJ139,"#,##0.00"),", F = 0.875/L = ",TEXT($AR139,"#,##0.00")) -> SQ=0.6, K=0.55 , L=1.25, F = 0.875/L = 0.70 | B139: =SUM($C139,$D139,$E139) -> 0 | K139: =SUBSTITUTE(SUBSTITUTE(SUBSTITUTE(SUBSTITUTE(" SQ = 0.6, K = 0.55 , L =1.25, F = 0.875/L = ?","0.6",TEXT($AB139,"#,##0.0"),1),"0.55",TEXT($AF139,"#,##0.00"),1),"1.25",TEXT($AJ139,"#,##0.00"),1),"_x001D_","'") -> SQ = 0.6, K = 0.55 , L =1.25, F = 0.875/L = ? | AA139: SQ = | AB139: 0.6 | AC139: SQ = | AD139: =$AB139 -> 0.6 | AE139: K = | AF139: 0.55 | AG139: K = | AH139: =$AF139 -> 0.55 | AI139: L = | AJ139: 1.25 | AK139: L = | AL139: =$AJ139 -> 1.25 | AM139: F+ = | AN139: =ROUND(0.875/$AL139,2) -> 0.7 | AO139: F = | AP139: =$AN139 -> 0.7 | AQ139: 139_4_1+ = | AR139: =ROUND(ROUND(0.875/$AL139,2),2) -> 0.7 | AS139: 139_4_1 = | AT139: =$AR139 -> 0.7
A140: =CONCATENATE(" E=",TEXT($AB140,"#,##0.00")," , CM=",TEXT($AF140,"#,##0.00")) -> E=0.55 , CM=18.00 | K140: =SUBSTITUTE(SUBSTITUTE(SUBSTITUTE(" E = 0.55 , CM = 18","0.55",TEXT($AB140,"#,##0.00"),1),"18",TEXT($AF140,"#,##0"),1),"_x001D_","'") -> E = 0.55 , CM = 18 | AA140: E = | AB140: 0.55 | AC140: E = | AD140: =$AB140 -> 0.55 | AE140: CM = | AF140: 18 | AG140: CM = | AH140: =$AF140 -> 18
A142: =CONCATENATE(" Q = 3600*SQ*K*F*E / CM = ",TEXT($AF142,"#,##0.00")," M3/HR ") -> Q = 3600*SQ*K*F*E / CM = 25.41 M3/HR | B142: =SUM($C142,$D142,$E142) -> 0 | K142: Q = 3600*SQ*K*F*E / CM = ?'M3/HR' | AA142: Q+ = | AB142: =ROUND(3600*$AD139*$AH139*$AP139*$AD140/$AH140,2) -> 25.41 | AC142: Q = | AD142: =$AB142 -> 25.41 | AE142: 142_1_1+ = | AF142: =ROUND(ROUND(3600*$AD139*$AH139*$AP139*$AD140/$AH140,2),2) -> 25.41 | AG142: 142_1_1 = | AH142: =$AF142 -> 25.41
A144: =CONCATENATE(" 경 비 : _x001D_21,957_x001D_ / Q * 0.9 = ",TEXT($AB144,"#,##0.0")) -> 경 비 : _x001D_21,957_x001D_ / Q * 0.9 = 777.6 | B144: =SUM($C144,$D144,$E144) -> 777.6 | E144: =$AB144 -> 777.6 | K144: '경 비 :'~E0002010060.E~ / Q * 0.9 = ?EQ+ | AA144: EQ+ = | AB144: =TRUNC(중기사용료목록!G4/$AD142*0.9,1) -> 777.6 | AC144: EQ = | AD144: =$AB144 -> 777.6
A145: =CONCATENATE(" 재 료 비 : _x001D_17,297_x001D_ / Q * 0.9 = ",TEXT($AB145,"#,##0.0")) -> 재 료 비 : _x001D_17,297_x001D_ / Q * 0.9 = 612.6 | B145: =SUM($C145,$D145,$E145) -> 612.6 | C145: =$AB145 -> 612.6 | K145: '재 료 비 :'~E0002010060.M~ / Q * 0.9 = ?MA+ | AA145: MA+ = | AB145: =TRUNC(중기사용료목록!E4/$AD142*0.9,1) -> 612.6 | AC145: MA = | AD145: =$AB145 -> 612.6
A146: =CONCATENATE(" 노 무 비 : _x001D_56,874_x001D_ / Q * 0.9 = ",TEXT($AB146,"#,##0.0")) -> 노 무 비 : _x001D_56,874_x001D_ / Q * 0.9 = 2,014.4 | B146: =SUM($C146,$D146,$E146) -> 2014.4 | D146: =$AB146 -> 2014.4 | K146: '노 무 비 :'~E0002010060.L~ / Q * 0.9 = ?LA+ | AA146: LA+ = | AB146: =TRUNC(중기사용료목록!F4/$AD142*0.9,1) -> 2014.4 | AC146: LA = | AD146: =$AB146 -> 2014.4
A147: 소 계 | B147: =SUM($C147,$D147,$E147) -> 3404.6 | C147: =$AB147 -> 612.6 | D147: =$AD147 -> 2014.4 | E147: =$AF147 -> 777.6 | K147: > '소 계' | AA147: >MA = | AB147: =$AD145 -> 612.6 | AC147: >LA = | AD147: =$AD146 -> 2014.4 | AE147: >EQ = | AF147: =$AD144 -> 777.6
A149: 3. 인력포설(10%) | K149: '3. 인력포설(10%)'
A150: =CONCATENATE("_x001D_167,081_x001D_ * 0.11 * 0.1 = ",TEXT($AB150,"#,##0.0")) -> _x001D_167,081_x001D_ * 0.11 * 0.1 = 1,837.8 | B150: =SUM($C150,$D150,$E150) -> 1837.8 | D150: =$AB150 -> 1837.8 | K150: ~L085~ * 0.11 * 0.1 = ?LA+ | AA150: LA+ = | AB150: =TRUNC(노임!D15*0.11*0.1,1) -> 1837.8 | AC150: LA = | AD150: =$AD146+$AB150 -> 3852.2
A151: 소 계 | B151: =SUM($C151,$D151,$E151) -> 1837.8 | C151: =$AB151 -> 0 | D151: =$AD151 -> 1837.8 | E151: =$AF151 -> 0 | K151: > '소 계' | AA151: >MA = | AB151: =$AD145-$AD145 -> 0 | AC151: >LA = | AD151: =$AD150-$AD146 -> 1837.8 | AE151: >EQ = | AF151: =$AD144-$AD144 -> 0
A153: 4. 다짐(진동롤러 핸드가드식 0.7TON) | K153: '4. 다짐(진동롤러 핸드가드식 0.7TON)'
A154: =CONCATENATE("N=",TEXT($AB154,"#,##0.00")," , V=",TEXT($AF154,"#,##0.0")," KM/HR , W=",TEXT($AJ154,"#,##0.0")) -> N=6.00 , V=1.0 KM/HR , W=0.7 | K154: =SUBSTITUTE(SUBSTITUTE(SUBSTITUTE(SUBSTITUTE("N=6 , V=1.0_x001D_KM/HR_x001D_ , W=0.7 ,","6",TEXT($AB154,"#,##0"),1),"1.0",TEXT($AF154,"#,##0.0"),1),"0.7",TEXT($AJ154,"#,##0.0"),1),"_x001D_","'") -> N=6 , V=1.0'KM/HR' , W=0.7 , | AA154: N = | AB154: 6 | AC154: N = | AD154: =$AB154 -> 6 | AE154: V = | AF154: 1 | AG154: V = | AH154: =$AF154 -> 1 | AI154: W = | AJ154: 0.7 | AK154: W = | AL154: =$AJ154 -> 0.7
A155: =CONCATENATE("E=",TEXT($AB155,"#,##0.0")," , f = 1/1=",TEXT($AJ155,"#,##0.00")," , D=",TEXT($AN155,"#,##0.0")) -> E=0.6 , f = 1/1=1.00 , D=0.1 | B155: =SUM($C155,$D155,$E155) -> 0 | K155: =SUBSTITUTE(SUBSTITUTE(SUBSTITUTE("E=0.6 , f = 1/1=? , D = 0.1","0.6",TEXT($AB155,"#,##0.0"),1),"0.1",TEXT($AN155,"#,##0.0"),1),"_x001D_","'") -> E=0.6 , f = 1/1=? , D = 0.1 | AA155: E = | AB155: 0.6 | AC155: E = | AD155: =$AB155 -> 0.6 | AE155: F+ = | AF155: =ROUND(1/1,2) -> 1 | AG155: F = | AH155: =$AF155 -> 1 | AI155: 155_2_1+ = | AJ155: =ROUND(ROUND(1/1,2),2) -> 1 | AK155: 155_2_1 = | AL155: =$AJ155 -> 1 | AM155: D = | AN155: 0.1 | AO155: D = | AP155: =$AN155 -> 0.1
A157: =CONCATENATE("Q= 1000 * V * W * D * E * f / N = ",TEXT($AF157,"#,##0.00")," M3/HR ") -> Q= 1000 * V * W * D * E * f / N = 7.00 M3/HR | B157: =SUM($C157,$D157,$E157) -> 0 | K157: Q= 1000 * V * W * D * E * f / N = ?'M3/HR' | AA157: Q+ = | AB157: =ROUND(1000*$AH154*$AL154*$AP155*$AD155*$AH155/$AD154,2) -> 7 | AC157: Q = | AD157: =$AB157 -> 7 | AE157: 157_1_1+ = | AF157: =ROUND(ROUND(1000*$AH154*$AL154*$AP155*$AD155*$AH155/$AD154,2),2) -> 7 | AG157: 157_1_1 = | AH157: =$AF157 -> 7
A159: =CONCATENATE(" 재료비: _x001D_3,455_x001D_ / ",TEXT($AB159,"#,##0.00")," =",TEXT($AF159,"#,##0.0")) -> 재료비: _x001D_3,455_x001D_ / 7.00 =493.5 | B159: =SUM($C159,$D159,$E159) -> 493.5 | C159: =$AF159 -> 493.5 | K159: '재료비:'~E0013050007.M~ / {Q} =?MA+ | AA159: 159_1_1+ = | AB159: =$AD157 -> 7 | AC159: 159_1_1 = | AD159: =$AB159 -> 7 | AE159: MA+ = | AF159: =TRUNC(중기사용료목록!E6/$AD159,1) -> 493.5 | AG159: MA = | AH159: =$AD145+$AF159 -> 1106.1
A160: =CONCATENATE(" 노무비: _x001D_34,803_x001D_ / ",TEXT($AB160,"#,##0.00")," =",TEXT($AF160,"#,##0.0")) -> 노무비: _x001D_34,803_x001D_ / 7.00 =4,971.8 | B160: =SUM($C160,$D160,$E160) -> 4971.8 | D160: =$AF160 -> 4971.8 | K160: '노무비:'~E0013050007.L~ / {Q} =?LA+ | AA160: 160_1_1+ = | AB160: =$AD157 -> 7 | AC160: 160_1_1 = | AD160: =$AB160 -> 7 | AE160: LA+ = | AF160: =TRUNC(중기사용료목록!F6/$AD160,1) -> 4971.8 | AG160: LA = | AH160: =$AD150+$AF160 -> 8824
A161: =CONCATENATE(" 경 비: _x001D_1,846_x001D_ / ",TEXT($AB161,"#,##0.00")," =",TEXT($AF161,"#,##0.0")) -> 경 비: _x001D_1,846_x001D_ / 7.00 =263.7 | B161: =SUM($C161,$D161,$E161) -> 263.7 | E161: =$AF161 -> 263.7 | K161: '경 비:'~E0013050007.E~ / {Q} =?EQ+ | AA161: 161_1_1+ = | AB161: =$AD157 -> 7 | AC161: 161_1_1 = | AD161: =$AB161 -> 7 | AE161: EQ+ = | AF161: =TRUNC(중기사용료목록!G6/$AD161,1) -> 263.7 | AG161: EQ = | AH161: =$AD144+$AF161 -> 1041.3
A162: 소 계 | B162: =SUM($C162,$D162,$E162) -> 5729 | C162: =$AB162 -> 493.5 | D162: =$AD162 -> 4971.8 | E162: =$AF162 -> 263.7 | K162: > '소 계' | AA162: >MA = | AB162: =$AH159-$AD145 -> 493.5 | AC162: >LA = | AD162: =$AH160-$AD150 -> 4971.8 | AE162: >EQ = | AF162: =$AH161-$AD144 -> 263.7
A164: 총 계 | B164: =SUM($C164,$D164,$E164) -> 10971.4 | C164: =$AB164 -> 1106.1 | D164: =$AD164 -> 8824 | E164: =$AF164 -> 1041.3 | K164: >> '총 계' | AA164: >>MA = | AB164: =$AH159 -> 1106.1 | AC164: >>LA = | AD164: =$AH160 -> 8824 | AE164: >>EQ = | AF164: =$AH161 -> 1041.3
A166: 전체 합계 | B166: =SUM($C166,$D166,$E166) -> 10971 | C166: =TRUNC(SUM($AH159),0) -> 1106 | D166: =TRUNC(SUM($AH160),0) -> 8824 | E166: =TRUNC(SUM($AH161),0) -> 1041

Sheet 중기사용료목록
A1: 중기사용료목록
A2: 공 종 명 | B2: 규 격 | C2: 수 량 | D2: 단 위 | E2: 재 료 비 | F2: 노 무 비 | G2: 경 비 | H2: 합 계 | I2: 비 고
A3: 굴삭기(무한궤도) | B3: 0.4 M3 | C3: 1 | D3: HR | E3: =중기사용료!G10 -> 16788 | F3: =중기사용료!G12 -> 56874 | G3: =중기사용료!G7 -> 16378 | H3: =E3+F3+G3 -> 90040 | K3: E0002010040 | O3: =HYPERLINK("#중기사용료!A3","E0002010040 →") -> E0002010040 →
A4: 굴삭기(무한궤도) | B4: 0.6 M3 | C4: 1 | D4: HR | E4: =중기사용료!G22 -> 17297 | F4: =중기사용료!G24 -> 56874 | G4: =중기사용료!G19 -> 21957 | H4: =E4+F4+G4 -> 96128 | K4: E0002010060 | O4: =HYPERLINK("#중기사용료!A15","E0002010060 →") -> E0002010060 →
A5: 굴삭기(타이어) | B5: 0.6 M3 | C5: 1 | D5: HR | E5: =중기사용료!G34 -> 19993 | F5: =중기사용료!G36 -> 56874 | G5: =중기사용료!G31 -> 25680 | H5: =E5+F5+G5 -> 102547 | K5: E0002110060 | O5: =HYPERLINK("#중기사용료!A27","E0002110060 →") -> E0002110060 →
A6: 진동 롤러 (핸드가이드식) | B6: 0.7 톤 | C6: 1 | D6: HR | E6: =중기사용료!G46 -> 3455 | F6: =중기사용료!G48 -> 34803 | G6: =중기사용료!G43 -> 1846 | H6: =E6+F6+G6 -> 40104 | K6: E0013050007 | O6: =HYPERLINK("#중기사용료!A39","E0013050007 →") -> E0013050007 →
A7: 플레이트 콤팩터 | B7: 1.5 TON | C7: 1 | D7: HR | E7: =중기사용료!G58 -> 1845 | F7: =중기사용료!G60 -> 34803 | G7: =중기사용료!G55 -> 582 | H7: =E7+F7+G7 -> 37230 | K7: E0017300015 | O7: =HYPERLINK("#중기사용료!A51","E0017300015 →") -> E0017300015 →
A8: 크레인(타이어) | B8: 10 TON | C8: 1 | D8: HR | E8: =중기사용료!G70 -> 7341 | F8: =중기사용료!G72 -> 56874 | G8: =중기사용료!G67 -> 30103 | H8: =E8+F8+G8 -> 94318 | K8: E0021040010 | O8: =HYPERLINK("#중기사용료!A63","E0021040010 →") -> E0021040010 →
A9: 크레인(타이어) | B9: 15 TON | C9: 1 | D9: HR | E9: =중기사용료!G82 -> 9080 | F9: =중기사용료!G84 -> 56874 | G9: =중기사용료!G79 -> 40854 | H9: =E9+F9+G9 -> 106808 | K9: E0021040015 | O9: =HYPERLINK("#중기사용료!A75","E0021040015 →") -> E0021040015 →
A10: 크레인(타이어) | B10: 25 TON | C10: 1 | D10: HR | E10: =중기사용료!G94 -> 11785 | F10: =중기사용료!G96 -> 56874 | G10: =중기사용료!G91 -> 56030 | H10: =E10+F10+G10 -> 124689 | K10: E0021040025 | O10: =HYPERLINK("#중기사용료!A87","E0021040025 →") -> E0021040025 →
A11: 크레인(타이어) | B11: 50 TON | C11: 1 | D11: HR | E11: =중기사용료!G106 -> 21823 | F11: =중기사용료!G108 -> 56874 | G11: =중기사용료!G103 -> 85675 | H11: =E11+F11+G11 -> 164372 | K11: E0021040050 | O11: =HYPERLINK("#중기사용료!A99","E0021040050 →") -> E0021040050 →
A12: 물탱크(살수차) | B12: 5500 L | C12: 1 | D12: HR | E12: =중기사용료!G118 -> 16805 | F12: =중기사용료!G120 -> 48741 | G12: =중기사용료!G115 -> 9470 | H12: =E12+F12+G12 -> 75016 | K12: E0072040055 | O12: =HYPERLINK("#중기사용료!A111","E0072040055 →") -> E0072040055 →

Sheet 중기사용료
A1: 중기사용료
A3: 중 기 명 | B3: 굴삭기(무한궤도) 0.4 M3 | J3: E0002010040
A4: 중기가격 | B4: 78,556 천원
A5: 명 칭 | C5: 규 격 | D5: 수 량 | E5: 단 위 | F5: 단 가 | G5: 금 액 | H5: 비 고
A6: 경 비 | B6: 굴삭기(무한궤도) | C6: 0.4 M3 | D6: =(900 + 700 + 485)*10^-4 -> 0.2085 | E6: 천원 | F6: =중기기초자료!F3 -> 78556 | G6: =TRUNC(F6*D6, 1) -> 16378.9 | K6: 10 | M6: G02010040 | N6: .sang=900, jung=700, kwan=485_x000D_ | AG6: =HYPERLINK("#중기기초자료!A3","G02010040 →") -> G02010040 →
B7: 소 계 | G7: =TRUNC(G6, 0) -> 16378
A8: 재 료 비 | B8: 경 유 | D8: 9.9 | E8: L | F8: =중기기초자료!D17 -> 1390 | G8: =TRUNC(F8*D8, 1) -> 13761 | K8: 40 | M8: M9366005 | AG8: =HYPERLINK("#중기기초자료!A17","M9366005 →") -> M9366005 →
B9: 잡 품 | D9: 22 | E9: % | F9: 0 | G9: =TRUNC((G8) * D9/100, 1) -> 3027.4 | K9: 50 | M9: F/M1
B10: 소 계 | G10: =TRUNC(G8+G9, 0) -> 16788
A11: 노 무 비 | B11: 건설기계운전사 | C11: 구)건설기계운전기사 | D11: 1 | E11: 인 | F11: =TRUNC(중기기초자료!E13 * 중기전역변수!C18, 1) -> 56874.1 | G11: =TRUNC(F11*D11, 1) -> 56874.1 | K11: 15 | M11: L086 | AG11: =HYPERLINK("#중기기초자료!A13","L086 →") -> L086 →
B12: 소 계 | G12: =TRUNC(G11, 0) -> 56874
B13: 총 계 | G13: =TRUNC(G7+G10+G12, 0) -> 90040
