Workbook
Name ______JHY1: 수목중량!______JHY1
Name ______JHY1: 폐기목중량!______JHY1
Name ______JHY1: [0]!______JHY1
Name ______JHY2: 수목중량!______JHY2
Name ______JHY2: 폐기목중량!______JHY2
Name ______JHY2: [0]!______JHY2
Name ______LKS1: 수목중량!______LKS1
Name ______LKS1: 폐기목중량!______LKS1
Name ______LKS1: [0]!______LKS1
Name ______LKS2: 수목중량!______LKS2
Name ______LKS2: 폐기목중량!______LKS2
Name ______LKS2: [0]!______LKS2
Name _____a10: 수목중량!_____a10
Name _____a10: 폐기목중량!_____a10
Name _____a10: [0]!_____a10
Name _____a11: 수목중량!_____a11
Name _____a11: 폐기목중량!_____a11
Name _____a11: [0]!_____a11
Name _____a12: 수목중량!_____a12
Name _____a12: 폐기목중량!_____a12
Name _____a12: [0]!_____a12
Name _____a13: 수목중량!_____a13
Name _____a13: 폐기목중량!_____a13
Name _____a13: [0]!_____a13
Name _____a14: 수목중량!_____a14
Name _____a14: 폐기목중량!_____a14
Name _____a14: [0]!_____a14
Name _____a15: 수목중량!_____a15
Name _____a15: 폐기목중량!_____a15
Name _____a15: [0]!_____a15
Name _____a16: 수목중량!_____a16
Name _____a16: 폐기목중량!_____a16
Name _____a16: [0]!_____a16
Name _____a17: 수목중량!_____a17
Name _____a17: 폐기목중량!_____a17
Name _____a17: [0]!_____a17
Name _____a2: 수목중량!_____a2
Name _____a2: 폐기목중량!_____a2
Name _____a2: [0]!_____a2
Name _____a3: 수목중량!_____a3
Name _____a3: 폐기목중량!_____a3
Name _____a3: [0]!_____a3
Name _____a4: 수목중량!_____a4
Name _____a4: 폐기목중량!_____a4
Name _____a4: [0]!_____a4
Name _____a5: 수목중량!_____a5
Name _____a5: 폐기목중량!_____a5
Name _____a5: [0]!_____a5
Name _____a6: 수목중량!_____a6
Name _____a6: 폐기목중량!_____a6
Name _____a6: [0]!_____a6
Name _____a7: 수목중량!_____a7
Name _____a7: 폐기목중량!_____a7
Name _____a7: [0]!_____a7
Name _____a8: 수목중량!_____a8
Name _____a8: 폐기목중량!_____a8
Name _____a8: [0]!_____a8
Name _____a9: 수목중량!_____a9
Name _____a9: 폐기목중량!_____a9
Name _____a9: [0]!_____a9

Sheet 관급자재총괄집계표
A1: ■관급자재 총괄집계표-1
A2: 공 종 명 | B2: 규 격 | C2: 단 위 | D2: 수 량 | E2: =시설공관급자재집계표1!E2 -> 파고라 | G2: =시설공관급자재집계표1!G2 -> 등의자 | I2: =시설공관급자재집계표1!I2 -> 목재데크(m2) | K2: =시설공관급자재집계표1!K2 -> 디자인형휀스 | O2: =시설공관급자재집계표1!O2 -> 볼라드 | Q2: 비 고
E3: =시설공관급자재집계표1!E3 -> 4000x3600xH2710 | G3: =시설공관급자재집계표1!G3 -> 1600x580xH700 | I3: =시설공관급자재집계표1!I3 -> 90xT21 | K3: =시설공관급자재집계표1!K3 -> W1500×H1200mm | O3: =시설공관급자재집계표1!O3 -> D110x850
E4: 단위수량 | F4: 합계수량 | G4: 단위수량 | H4: 합계수량 | I4: 단위수량 | J4: 합계수량 | K4: 단위수량 | L4: 합계수량 | M4: 단위수량 | N4: 합계수량 | O4: 단위수량 | P4: 합계수량
A5: 식재공 | C5: 식 | D5: 1 | H5: =D5*G5 -> 0 | J5: =D5*I5 -> 0 | L5: =D5*K5 -> 0 | N5: =D5*M5 -> 0 | P5: =D5*O5 -> 0
A6: 시설공 | C6: 식 | D6: 1 | E6: =시설공관급자재집계표1!E37 -> 3 | F6: =D6*E6 -> 3 | G6: =시설공관급자재집계표1!G37 -> 21 | H6: =D6*G6 -> 21 | I6: =시설공관급자재집계표1!I37 -> 139 | J6: =D6*I6 -> 139 | K6: =시설공관급자재집계표1!K37 -> 36 | L6: =D6*K6 -> 36 | M6: =시설공관급자재집계표1!M37 -> 0 | N6: =D6*M6 -> 0 | O6: =시설공관급자재집계표1!O37 -> 10 | P6: =D6*O6 -> 10
A7: 포장공 | C7: 식 | D7: 1 | H7: =D7*G7 -> 0 | J7: =D7*I7 -> 0 | L7: =D7*K7 -> 0 | N7: =D7*M7 -> 0 | O7: =포장공관급자재집계표!Q18 -> 0 | P7: =D7*O7 -> 0
A8: 합계 | F8: =SUM(F5:F7) -> 3 | H8: =SUM(H5:H7) -> 21 | J8: =SUM(J5:J7) -> 139 | L8: =SUM(L5:L7) -> 36 | N8: =SUM(N5:N7) -> 0 | P8: =SUM(P5:P7) -> 10
A10: 공 종 명 | B10: 규 격 | C10: 단 위 | D10: 수 량 | E10: =시설공관급자재집계표2!E2 -> 트윈트위스트 | G10: =시설공관급자재집계표2!G2 -> 바디싣업 | I10: =시설공관급자재집계표2!I2 -> 크로스컨트리 | K10: =시설공관급자재집계표2!K2 -> 레그프레스 | M10: =시설공관급자재집계표2!M2 -> 스트레칭롤러 | O10: =시설공관급자재집계표2!O2 -> 워밍암 | Q10: 비 고
E11: =시설공관급자재집계표2!E3 -> 1845x590x1917 | G11: =시설공관급자재집계표2!G3 -> 1433x1349x1917 | I11: =시설공관급자재집계표2!I3 -> 2602x610x1917 | K11: =시설공관급자재집계표2!K3 -> 2404x440x1917 | M11: =시설공관급자재집계표2!M3 -> 1647x780x1917 | O11: =시설공관급자재집계표2!O3 -> 1078x934x2007
E12: 단위수량 | F12: 합계수량 | G12: 단위수량 | H12: 합계수량 | I12: 단위수량 | J12: 합계수량 | K12: 단위수량 | L12: 합계수량 | M12: 단위수량 | N12: 합계수량 | O12: 단위수량 | P12: 합계수량
A13: 식재공 | C13: 식 | D13: 1 | F13: =D13*E13 -> 0 | H13: =D13*G13 -> 0 | J13: =D13*I13 -> 0 | L13: =D13*K13 -> 0 | N13: =D13*M13 -> 0 | P13: =D13*O13 -> 0
A14: 시설공 | C14: 식 | D14: 1 | E14: =시설공관급자재집계표2!E37 -> 1 | F14: =D14*E14 -> 1 | G14: =시설공관급자재집계표2!G36 -> 1 | H14: =D14*G14 -> 1 | I14: =시설공관급자재집계표2!I36 -> 1 | J14: =D14*I14 -> 1 | K14: =시설공관급자재집계표2!K36 -> 1 | L14: =D14*K14 -> 1 | M14: =시설공관급자재집계표2!M36 -> 1 | N14: =D14*M14 -> 1 | O14: =시설공관급자재집계표2!O36 -> 1 | P14: =D14*O14 -> 1
A15: 포장공 | C15: 식 | D15: 1 | F15: =D15*E15 -> 0 | H15: =D15*G15 -> 0 | J15: =D15*I15 -> 0 | L15: =D15*K15 -> 0 | M15: =포장공관급자재집계표!O26 -> 0 | N15: =D15*M15 -> 0 | O15: =포장공관급자재집계표!Q26 -> 0 | P15: =D15*O15 -> 0
A16: 합계 | F16: =SUM(F13:F15) -> 1 | H16: =SUM(H13:H15) -> 1 | J16: =SUM(J13:J15) -> 1 | L16: =SUM(L13:L15) -> 1 | N16: =SUM(N13:N15) -> 1 | P16: =SUM(P13:P15) -> 1
A18: 공 종 명 | B18: 규 격 | C18: 단 위 | D18: 수 량 | E18: =시설공관급자재집계표3!E2 -> 종합안내판 | G18: =시설공관급자재집계표3!G2 -> 공원이용안내판 | I18: =시설공관급자재집계표3!I2 -> 공원시설안내판 | K18: =시설공관급자재집계표3!K2 -> 방향안내판 | M18: =시설공관급자재집계표3!M2 -> 촉지안내판 | O18: =시설공관급자재집계표3!O2 -> 촉지도 | Q18: 비 고
E19: =시설공관급자재집계표3!E3 -> 2100x2100 | G19: =시설공관급자재집계표3!G3 -> 300x1500 | I19: =시설공관급자재집계표3!I3 -> 400x1800 | K19: =시설공관급자재집계표3!K3 -> 600x150 | M19: =시설공관급자재집계표3!M3 -> 600x1200 | O19: =시설공관급자재집계표3!O3 -> 550x450
E20: 단위수량 | F20: 합계수량 | G20: 단위수량 | H20: 합계수량 | I20: 단위수량 | J20: 합계수량 | K20: 단위수량 | L20: 합계수량 | M20: 단위수량 | N20: 합계수량 | O20: 단위수량 | P20: 합계수량
A21: 식재공 | C21: 식 | D21: 1 | F21: =D21*E21 -> 0 | H21: =D21*G21 -> 0 | J21: =D21*I21 -> 0 | L21: =D21*K21 -> 0 | N21: =D21*M21 -> 0 | P21: =D21*O21 -> 0
A22: 시설공 | C22: 식 | D22: 1 | E22: =시설공관급자재집계표3!E37 -> 1 | F22: =D22*E22 -> 1 | G22: =시설공관급자재집계표3!G37 -> 1 | H22: =D22*G22 -> 1 | I22: =시설공관급자재집계표3!I37 -> 5 | J22: =D22*I22 -> 5 | K22: =시설공관급자재집계표3!K37 -> 4 | L22: =D22*K22 -> 4 | M22: =시설공관급자재집계표3!M37 -> 1 | N22: =D22*M22 -> 1 | O22: =시설공관급자재집계표3!O37 -> 1 | P22: =D22*O22 -> 1
A23: 포장공 | C23: 식 | D23: 1 | F23: =D23*E23 -> 0 | H23: =D23*G23 -> 0 | J23: =D23*I23 -> 0 | L23: =D23*K23 -> 0 | M23: =포장공관급자재집계표!O34 -> 0 | N23: =D23*M23 -> 0 | O23: =포장공관급자재집계표!Q34 -> 0 | P23: =D23*O23 -> 0
A24: 합계 | F24: =SUM(F21:F23) -> 1 | H24: =SUM(H21:H23) -> 1 | J24: =SUM(J21:J23) -> 5 | L24: =SUM(L21:L23) -> 4 | N24: =SUM(N21:N23) -> 1 | P24: =SUM(P21:P23) -> 1
A26: 공 종 명 | B26: 규 격 | C26: 단 위 | D26: 수 량 | E26: 레미콘 | G26: 이형철근 | I26: =시설공관급자재집계표4!E2 -> 조경블록(마감) | K26: =시설공관급자재집계표4!G2 -> 조경블록(본체) | M26: =시설공관급자재집계표4!I2 -> 보강토연결핀 | Q26: 비 고
E27: 25-18-8 | G27: D13 | I27: =시설공관급자재집계표4!E3 -> T75 | K27: =시설공관급자재집계표4!G3 -> T150 | M27: =시설공관급자재집계표4!I3 -> 12.3x133
E28: 단위수량 | F28: 합계수량 | G28: 단위수량 | H28: 합계수량 | I28: 단위수량 | J28: 합계수량 | K28: 단위수량 | L28: 합계수량 | M28: 단위수량 | N28: 합계수량
A29: 식재공 | C29: 식 | D29: 1 | H29: =D29*G29 -> 0 | J29: =D29*I29 -> 0 | L29: =D29*K29 -> 0 | N29: =D29*M29 -> 0
A30: 시설공 | C30: 식 | D30: 1 | E30: =시설공관급자재집계표4!$K$37 -> 182 | F30: =D30*E30 -> 182 | G30: =시설공관급자재집계표4!$M$37 -> 4.083 | H30: =D30*G30 -> 4.083 | I30: =시설공관급자재집계표4!E37 -> 182 | J30: =D30*I30 -> 182 | K30: =시설공관급자재집계표4!G37 -> 212 | L30: =D30*K30 -> 212 | M30: =시설공관급자재집계표4!I37 -> 8362 | N30: =$D$30*M30 -> 8362
A31: 포장공 | C31: 식 | D31: 1 | E31: =포장공관급자재집계표!$M$18 -> 137 | F31: =D31*E31 -> 137 | H31: =D31*G31 -> 0 | J31: =D31*I31 -> 0 | L31: =D31*K31 -> 0 | N31: =F31*M31 -> 0
A32: 합계 | F32: =SUM(F29:F31) -> 319 | H32: =SUM(H29:H31) -> 4.083 | J32: =SUM(J29:J31) -> 182 | L32: =SUM(L29:L31) -> 212 | N32: =SUM(N29:N31) -> 8362
A34: ■관급자재 총괄집계표-2
A35: 공 종 명 | B35: 규 격 | C35: 단 위 | D35: 수 량 | E35: =포장공관급자재집계표!E2 -> 인조화강석블럭(m2) | G35: =포장공관급자재집계표!G2 -> 인조잔디포장 | I35: =포장공관급자재집계표!I2 -> 화강석경계석(직선,m) | K35: =포장공관급자재집계표!K2 -> 화강석경계석(곡선,m) | Q35: 비 고
E36: =포장공관급자재집계표!E3 -> 200x200xT60 | G36: =포장공관급자재집계표!G3 -> T19 | I36: =포장공관급자재집계표!I3 -> 150x150x1000 | K36: =포장공관급자재집계표!K3 -> 150x150x1000
E37: 단위수량 | F37: 합계수량 | G37: 단위수량 | H37: 합계수량 | I37: 단위수량 | J37: 합계수량 | K37: 단위수량 | L37: 합계수량
A38: 식재공 | C38: 식 | D38: 1 | F38: =D38*E38 -> 0 | H38: =D38*G38 -> 0 | J38: =F38*I38 -> 0 | L38: =D38*K38 -> 0
A39: 시설공 | C39: 식 | D39: 1 | F39: =D39*E39 -> 0 | H39: =D39*G39 -> 0 | J39: =F39*I39 -> 0 | L39: =D39*K39 -> 0
A40: 포장공 | C40: 식 | D40: 1 | E40: =포장공관급자재집계표!E18 -> 3588 | F40: =D40*E40 -> 3588 | G40: =포장공관급자재집계표!G18 -> 648 | H40: =D40*G40 -> 648 | I40: =포장공관급자재집계표!I18 -> 1541 | J40: =D40*I40 -> 1541 | K40: =포장공관급자재집계표!K18 -> 303 | L40: =D40*K40 -> 303
A41: 합계 | F41: =SUM(F38:F40) -> 3588 | H41: =SUM(H38:H40) -> 648 | J41: =SUM(J38:J40) -> 1541 | L41: =SUM(L38:L40) -> 303
A43: 공 종 명 | B43: 규 격 | C43: 단 위 | D43: 수 량 | E43: =식재공관급자재집계표!E2 -> 유기질비료 (20kg/포) | Q43: 비 고
E44: 20kg/포
E45: 단위수량 | F45: 합계수량
A46: 식재공 | C46: 식 | D46: 1 | E46: =식재공관급자재집계표!E118 -> 1136 | F46: =D46*E46 -> 1136 | J46: =D46*I46 -> 0 | L46: =D46*K46 -> 0 | N46: =D46*M46 -> 0 | P46: =D46*O46 -> 0
A47: 시설공 | C47: 식 | D47: 1 | F47: =D47*E47 -> 0 | J47: =D47*I47 -> 0 | L47: =D47*K47 -> 0 | N47: =D47*M47 -> 0 | P47: =D47*O47 -> 0
A48: 포장공 | C48: 식 | D48: 1 | F48: =D48*E48 -> 0 | J48: =D48*I48 -> 0 | L48: =D48*K48 -> 0 | N48: =D48*M48 -> 0 | P48: =D48*O48 -> 0
A49: 합계 | F49: =SUM(F46:F48) -> 1136 | J49: =SUM(J46:J48) -> 0 | L49: =SUM(L46:L48) -> 0 | N49: =SUM(N46:N48) -> 0 | P49: =SUM(P46:P48) -> 0

Sheet 하차총괄집계표
A1: ■하차 총괄집계표
A2: 공 종 명 | B2: 규 격 | C2: 단위 | D2: 수량 | E2: =포장공하차집계표!$E$2 -> 인조화강석블럭포장 | G2: =포장공하차집계표!$G$2 -> 화강석경계석(ton) | I2: 조경블록(마감) | K2: 조경블록(본체) | Q2: 비 고
E3: =포장공하차집계표!$E$3 -> 200x200xT60 | G3: =포장공하차집계표!$G$3 -> 150x150x1000 | I3: T75 | K3: T150
E4: 단위수량 | F4: 합계수량 | G4: 단위수량 | H4: 합계수량 | I4: 단위수량 | J4: 합계수량 | K4: 단위수량 | L4: 합계수량
A5: 시설공 | C5: 식 | D5: 1 | F5: =$D5*E5 -> 0 | H5: =$D5*G5 -> 0 | I5: =시설공하차집계표!E23 -> 10.659264 | J5: =$D5*I5 -> 10.659264 | K5: =시설공하차집계표!G23 -> 132.9741 | L5: =$D5*K5 -> 132.9741 | N5: =$D5*M5 -> 0 | P5: =$D5*O5 -> 0
A6: 포장공 | C6: 식 | D6: 1 | E6: =포장공하차집계표!E16 -> 621 | F6: =$D6*E6 -> 621 | G6: =포장공하차집계표!G16 -> 107 | H6: =$D6*G6 -> 107 | I6: =포장공하차집계표!I16 -> 0 | J6: =$D6*I6 -> 0
A12: 소계 | E12: =SUM(F5:F6) -> 621 | G12: =SUM(H5:H6) -> 107 | I12: =SUM(J5:J6) -> 10.659264 | K12: =SUM(L5:L6) -> 132.9741 | M12: =SUM(N5:N6) -> 0 | O12: =SUM(P5:P6) -> 0
A13: 합계 | E13: =E12+G12+I12+K12 -> 871.63336 | M13: =SUM(N6:N7) -> 0 | O13: =SUM(P6:P7) -> 0

Sheet 자재운반총괄집계표
A1: ■자재운반 총괄집계표
A2: 공 종 명 | B2: 규 격 | C2: 단 위 | D2: 수 량 | E2: 양중(ton) | G2: 지게운반 | M2: 비 고
G3: 230M | I3: 190M | K3: 70M
E4: 단위중량 | F4: 합계 | G4: 단위중량 | H4: 합계 | I4: 단위중량 | J4: 합계 | K4: 단위중량 | L4: 합계
A5: 식재공 | C5: 식 | D5: 1 | E5: =식재공운반집계표!F34*0.001 -> #REF! | F5: =D5*E5 -> #REF! | G5: =식재공운반집계표!J34 -> #REF! | H5: =$D5*G5 -> #REF! | J5: =$D5*I5 -> 0 | K5: =식재공운반집계표!L34 -> #REF! | L5: =$D5*K5 -> #REF!
A6: 시설공 | C6: 식 | D6: 1 | E6: =시설공운반집계표!F27*0.001 -> 51.658 | F6: =D6*E6 -> 51.658 | H6: =$D6*G6 -> 0 | I6: =시설공운반집계표!H27 -> 0 | J6: =$D6*I6 -> 0 | K6: =시설공운반집계표!L27 -> 0 | L6: =$D6*K6 -> 0
A7: 포장공 | C7: 식 | D7: 1 | E7: =포장공운반집계표!F19*0.001 -> #REF! | F7: =D7*E7 -> #REF! | H7: =$D7*G7 -> 0 | I7: =포장공운반집계표!J19 -> #REF! | J7: =$D7*I7 -> #REF! | L7: =$D7*K7 -> 0
A8: 설비공 | C8: 식 | D8: 1
A9: 합계(kg) | E9: =ROUNDUP(SUM(F5:F8),-1) -> #REF! | G9: =ROUNDUP(SUM(H5:H8),-1) -> #REF! | I9: =ROUNDUP(SUM(J5:J8),-1) -> #REF! | K9: =ROUNDUP(SUM(L5:L8),-1) -> #REF!

Sheet 토공 총괄집계표
A1: ■토공 총괄집계표
A2: 포 장 명 | B2: 규 격 | C2: 단 위 | D2: 수 량 | E2: 터파기/토사(m3) | G2: 잔토처리/토사(m3) | I2: 되메우기(m3) | K2: 성토 | M2: 절토 | O2: 비 고
E3: 기계 | G3: 기계 | I3: 기계
A4: 철거공 | C4: 식 | D4: 1 | F4: =D4*E4 -> 0 | H4: =D4*G4 -> 0 | J4: =D4*I4 -> 0
A5: 식재공 | C5: 식 | D5: 1 | F5: =D5*E5 -> 0 | H5: =D5*G5 -> 0 | J5: =D5*I5 -> 0
A6: 시설공 | C6: 식 | D6: 1 | E6: =시설공토공집계표!E21 -> 340.61 | F6: =D6*E6 -> 340.61 | G6: =시설공토공집계표!G21 -> 264.52 | H6: =D6*G6 -> 264.52 | I6: =시설공토공집계표!I21 -> 83.23 | J6: =D6*I6 -> 83.23
A7: 포장공 | C7: 식 | D7: 1 | E7: =포장공토공집계표!E16 -> 2002.9 | F7: =D7*E7 -> 2002.9 | G7: =포장공토공집계표!I16 -> 1806 | H7: =D7*G7 -> 1806 | I7: =포장공토공집계표!M16 -> 196.9 | J7: =D7*I7 -> 196.9
A12: 합계 | E12: =SUM(F4:F11) -> 2343.51 | G12: =SUM(H4:H11) -> 2070.52 | I12: =SUM(J4:J11) -> 280.13
A13: 사토처리(토목이기) | E13: =G12 -> 2070.52

Sheet 토공
G8: 토공

Sheet 토적표
A1: ■토적표
A2: 측점 | D2: 거리(m) | E2: 절토량 | G2: 성토량 | I2: 사토량 | J2: 비 고
E3: A(m2) | F3: V(m3) | G3: A(m2) | H3: V(m3) | I3: V(m3)
A4: 1 | B4: +
A5: 2 | B5: +
A6: 2 | B6: +
A7: 3 | B7: +
A8: 3 | B8: +
A9: 소계 | E9: =SUM(F5:F8) -> 0 | G9: =SUM(H5:H8) -> 0 | I9: =E9-G9 -> 0
A11: 4 | B11: +
A12: 4 | B12: +
A13: 4 | B13: +
A14: 소계 | E14: =SUM(F11:F13) -> 0 | G14: =SUM(H11:H13) -> 0 | I14: =E14-G14 -> 0
A16: 5 | B16: +
A17: 5 | B17: +
A18: 5 | B18: +
A19: 5 | B19: +
A20: 5 | B20: +
A21: 5 | B21: +
A22: 소계 | E22: =SUM(F16:F21) -> 0 | G22: =SUM(H16:H21) -> 0 | I22: =E22-G22 -> 0
A24: 합계 | E24: =E9+E14+E22 -> 0 | G24: =G9+G14+G22 -> 0 | I24: =I9+I14+I22 -> 0
A25: 사토처리(토목이기) | E25: =E24-G24 -> 0

Sheet 철거공
G8: 철거공

Sheet 철거공수량집계표
A1: ■철거공수량집계표
A2: 시 설 명 | B2: 규 격 | C2: 단 위 | D2: 수 량 | E2: 비 고
A4: 소나무 | B4: H8.0xW3.0xR8 | C4: 주 | D4: 3
A5: 소나무 | B5: H5.0xW3.0xR25 | C5: 주 | D5: 1
A6: 스트로브잣나무 | B6: H10.0xR30 | C6: 주 | D6: 2
A7: 스트로브잣나무 | B7: H8.0xR18 | C7: 주 | D7: 18
A8: 스트로브잣나무 | B8: H7.0xR24 | C8: 주 | D8: 7
A9: 스트로브잣나무 | B9: H7.0xR22 | C9: 주 | D9: 12
A10: 스트로브잣나무 | B10: H7.0xR20 | C10: 주 | D10: 4
A11: 스트로브잣나무 | B11: H7.0xR15 | C11: 주 | D11: 15
A12: 스트로브잣나무 | B12: H6.0xR18 | C12: 주 | D12: 33
A13: 스트로브잣나무 | B13: H4.0xR15 | C13: 주 | D13: 11
A14: 전나무 | B14: H7.0xW2.0 | C14: 주 | D14: 4
A15: 전나무 | B15: H7.0xR18 | C15: 주 | D15: 10
... A50: 참나무 | B50: H6.0xR20 | C50: 주 | D50: 3

Sheet 철거공폐기물집계표
A1: ■철거공폐기물집계표
A2: 시 설 명 | B2: 규 격 | C2: 단위 | D2: 수 량 | E2: 폐콘크리트 | G2: 혼합폐기물 | I2: 폐목재 | K2: 폐기물운반 | L2: 비 고
E3: 단위수량 | F3: 소계 | G3: 단위수량 | H3: 소계 | I3: 단위수량 | J3: 소계
A4: =철거공수량집계표!#REF! -> #REF! | B4: =철거공수량집계표!#REF! -> #REF! | C4: =철거공수량집계표!#REF! -> #REF! | D4: =철거공수량집계표!#REF! -> #REF! | E4: =철거공수량산출서!F20 -> 0.1325 | F4: =D4*E4 -> #REF! | H4: =D4*G4 -> #REF! | J4: =D4*I4 -> #REF! | K4: =F4+H4+J4 -> #REF!
A7: 합계(ton) | E7: =SUM(F4:F6) -> #REF! | G7: =SUM(H5:H5) -> 0 | I7: =SUM(J5:J5) -> 0 | K7: =SUM(K4:K6) -> #REF!

Sheet 철거공수량산출서
A1: ■ | B1: =철거공수량집계표!#REF! -> #REF! | C1: =철거공수량집계표!#REF! -> #REF! | E1: =철거공수량집계표!#REF! -> #REF! | F1: 1
A2: NO | B2: 공 종 명 | C2: 규 격 | D2: 산 출 근 거 | E2: 단위 | F2: 수 량 | G2: 비 고
A18: 1 | B18: 무근콘크리트깨기 | D18: (0.35*0.4*1)-(0.3*0.3*1) | E18: m3 | F18: =(0.35*0.4*1)-(0.3*0.3*1) -> 0.05
A19: 2 | B19: 페기물 집적 및 상차 | C19: 폐콘크리트 | D19: (0.35*0.4*1)-(0.3*0.3*1) | E19: m3 | F19: =(0.35*0.4*1)-(0.3*0.3*1) -> 0.05
A20: 3 | B20: 폐기물 처리 | C20: 폐콘크리트 | D20: 0.05*2.65(단위중량) | E20: TON | F20: =0.05*2.65 -> 0.1325

Sheet 철거공임목폐기물집계표
A1: ■철거공임목폐기물집계표
A2: 수종명 | B2: 규 격 | C2: 단 위 | D2: 수량 | E2: 임목폐기물운반,처리 | G2: 임목폐기물상차 | I2: 비 고
E3: 단위중량(kg) | F3: 소계 | G3: 단위체적(m3) | H3: 소계
A4: =철거공수량집계표!A4 -> 소나무 | B4: =철거공수량집계표!B4 -> H8.0xW3.0xR8 | C4: =철거공수량집계표!C4 -> 주 | D4: =철거공수량집계표!D4 -> 3 | E4: ='폐기목 중량환산표1'!$F$6 -> 11.764706 | F4: =D4*E4 -> 35.294118 | G4: ='폐기목 중량환산표1'!$F$7 -> 0.01 | H4: =D4*G4 -> 0.03
A5: =철거공수량집계표!A5 -> 소나무 | B5: =철거공수량집계표!B5 -> H5.0xW3.0xR25 | C5: =철거공수량집계표!C5 -> 주 | D5: =철거공수량집계표!D5 -> 1 | E5: ='폐기목 중량환산표1'!$F$16 -> 230.9 | F5: =D5*E5 -> 230.9 | G5: ='폐기목 중량환산표1'!$F$17 -> 0.201 | H5: =D5*G5 -> 0.201
A6: =철거공수량집계표!A6 -> 스트로브잣나무 | B6: =철거공수량집계표!B6 -> H10.0xR30 | C6: =철거공수량집계표!C6 -> 주 | D6: =철거공수량집계표!D6 -> 2 | E6: ='폐기목 중량환산표1'!$K$16 -> 332.5 | F6: =D6*E6 -> 665 | G6: ='폐기목 중량환산표1'!$K$17 -> 0.289 | H6: =D6*G6 -> 0.578
A7: =철거공수량집계표!A7 -> 스트로브잣나무 | B7: =철거공수량집계표!B7 -> H8.0xR18 | C7: =철거공수량집계표!C7 -> 주 | D7: =철거공수량집계표!D7 -> 18 | E7: ='폐기목 중량환산표1'!$P$6 -> 95.764706 | F7: =D7*E7 -> 1723.7647 | G7: ='폐기목 중량환산표1'!$P$7 -> 0.084 | H7: =D7*G7 -> 1.512
A8: =철거공수량집계표!A8 -> 스트로브잣나무 | B8: =철거공수량집계표!B8 -> H7.0xR24 | C8: =철거공수량집계표!C8 -> 주 | D8: =철거공수량집계표!D8 -> 7 | E8: ='폐기목 중량환산표1'!$E$16 -> 191.5 | F8: =D8*E8 -> 1340.5 | G8: ='폐기목 중량환산표1'!$E$17 -> 0.167 | H8: =D8*G8 -> 1.169
A9: =철거공수량집계표!A9 -> 스트로브잣나무 | B9: =철거공수량집계표!B9 -> H7.0xR22 | C9: =철거공수량집계표!C9 -> 주 | D9: =철거공수량집계표!D9 -> 12 | E9: ='폐기목 중량환산표1'!$C$16 -> 160.9 | F9: =D9*E9 -> 1930.8 | G9: ='폐기목 중량환산표1'!$C$17 -> 0.14 | H9: =D9*G9 -> 1.68
A10: =철거공수량집계표!A10 -> 스트로브잣나무 | B10: =철거공수량집계표!B10 -> H7.0xR20 | C10: =철거공수량집계표!C10 -> 주 | D10: =철거공수량집계표!D10 -> 4 | E10: ='폐기목 중량환산표1'!$R$6 -> 118.23529 | F10: =D10*E10 -> 472.94118 | G10: ='폐기목 중량환산표1'!$R$7 -> 0.103 | H10: =D10*G10 -> 0.412
A11: =철거공수량집계표!A11 -> 스트로브잣나무 | B11: =철거공수량집계표!B11 -> H7.0xR15 | C11: =철거공수량집계표!C11 -> 주 | D11: =철거공수량집계표!D11 -> 15 | E11: ='폐기목 중량환산표1'!$M$6 -> 58.235294 | F11: =D11*E11 -> 873.52941 | G11: ='폐기목 중량환산표1'!$M$7 -> 0.051 | H11: =D11*G11 -> 0.765
A12: =철거공수량집계표!A12 -> 스트로브잣나무 | B12: =철거공수량집계표!B12 -> H6.0xR18 | C12: =철거공수량집계표!C12 -> 주 | D12: =철거공수량집계표!D12 -> 33 | E12: ='폐기목 중량환산표1'!$P$6 -> 95.764706 | F12: =D12*E12 -> 3160.2353 | G12: ='폐기목 중량환산표1'!$P$7 -> 0.084 | H12: =D12*G12 -> 2.772
A13: =철거공수량집계표!A13 -> 스트로브잣나무 | B13: =철거공수량집계표!B13 -> H4.0xR15 | C13: =철거공수량집계표!C13 -> 주 | D13: =철거공수량집계표!D13 -> 11 | E13: ='폐기목 중량환산표1'!$M$6 -> 58.235294 | F13: =D13*E13 -> 640.58824 | G13: ='폐기목 중량환산표1'!$M$7 -> 0.051 | H13: =D13*G13 -> 0.561
A14: =철거공수량집계표!A14 -> 전나무 | B14: =철거공수량집계표!B14 -> H7.0xW2.0 | C14: =철거공수량집계표!C14 -> 주 | D14: =철거공수량집계표!D14 -> 4 | E14: ='폐기목 중량환산표2'!$F$6 -> 912.35294 | F14: =D14*E14 -> 3649.4118 | G14: ='폐기목 중량환산표2'!$F$7 -> 0.792 | H14: =D14*G14 -> 3.168
A15: =철거공수량집계표!A15 -> 전나무 | B15: =철거공수량집계표!B15 -> H7.0xR18 | C15: =철거공수량집계표!C15 -> 주 | D15: =철거공수량집계표!D15 -> 10 | E15: ='폐기목 중량환산표1'!$P$6 -> 95.764706 | F15: =D15*E15 -> 957.64706 | G15: ='폐기목 중량환산표1'!$P$7 -> 0.084 | H15: =D15*G15 -> 0.84
A16: =철거공수량집계표!A16 -> 전나무 | B16: =철거공수량집계표!B16 -> H5.5xW3.0 | C16: =철거공수량집계표!C16 -> 주 | D16: =철거공수량집계표!D16 -> 3 | E16: ='폐기목 중량환산표1'!$P$16 -> 497.8 | F16: =D16*E16 -> 1493.4 | G16: ='폐기목 중량환산표1'!$P$17 -> 0.432 | H16: =D16*G16 -> 1.296
A17: =철거공수량집계표!A17 -> 전나무 | B17: =철거공수량집계표!B17 -> H5.0xR20 | C17: =철거공수량집계표!C17 -> 주 | D17: =철거공수량집계표!D17 -> 3 | E17: ='폐기목 중량환산표1'!$R$6 -> 118.23529 | F17: =D17*E17 -> 354.70588 | G17: ='폐기목 중량환산표1'!$R$7 -> 0.103 | H17: =D17*G17 -> 0.309
A18: =철거공수량집계표!A18 -> 전나무 | B18: =철거공수량집계표!B18 -> H3.5xW1.8 | C18: =철거공수량집계표!C18 -> 주 | D18: =철거공수량집계표!D18 -> 6 | E18: ='폐기목 중량환산표1'!$N$6 -> 66.235294 | F18: =D18*E18 -> 397.41176 | G18: ='폐기목 중량환산표1'!$N$7 -> 0.058 | H18: =D18*G18 -> 0.348
A19: =철거공수량집계표!A19 -> 전나무 | B19: =철거공수량집계표!B19 -> H3.0xW1.5 | C19: =철거공수량집계표!C19 -> 주 | D19: =철거공수량집계표!D19 -> 11 | E19: ='폐기목 중량환산표1'!$J$6 -> 31.882353 | F19: =D19*E19 -> 350.70588 | G19: ='폐기목 중량환산표1'!$J$7 -> 0.028 | H19: =D19*G19 -> 0.308
A20: =철거공수량집계표!A20 -> 주목 | B20: =철거공수량집계표!B20 -> H2.5xW2.0 | C20: =철거공수량집계표!C20 -> 주 | D20: =철거공수량집계표!D20 -> 3 | E20: ='폐기목 중량환산표1'!$G$6 -> 14.941176 | F20: =D20*E20 -> 44.823529 | G20: ='폐기목 중량환산표1'!$G$7 -> 0.014 | H20: =D20*G20 -> 0.042
A21: =철거공수량집계표!A21 -> 주목 | B21: =철거공수량집계표!B21 -> H2.5xW1.2 | C21: =철거공수량집계표!C21 -> 주 | D21: =철거공수량집계표!D21 -> 2 | E21: ='폐기목 중량환산표1'!$E$6 -> 9.0588235 | F21: =D21*E21 -> 18.117647 | G21: ='폐기목 중량환산표1'!$E$7 -> 0.009 | H21: =D21*G21 -> 0.018
A22: =철거공수량집계표!A22 -> 소나무묘목 | B22: =철거공수량집계표!B22 -> H0.8xR3 | C22: =철거공수량집계표!C22 -> 주 | D22: =철거공수량집계표!D22 -> 100 | E22: ='폐기목 중량환산표1'!$B$6 -> 2.3529412 | F22: =D22*E22 -> 235.29412 | G22: ='폐기목 중량환산표1'!$B$7 -> 0.003 | H22: =D22*G22 -> 0.3
A23: =철거공수량집계표!A23 -> 가중나무 | B23: =철거공수량집계표!B23 -> H3.5xB6 | C23: =철거공수량집계표!C23 -> 주 | D23: =철거공수량집계표!D23 -> 9 | E23: ='폐기목 중량환산표1'!$F$6 -> 11.764706 | F23: =D23*E23 -> 105.88235 | G23: ='폐기목 중량환산표1'!$F$7 -> 0.01 | H23: =D23*G23 -> 0.09
A24: =철거공수량집계표!A24 -> 감나무 | B24: =철거공수량집계표!B24 -> H2.0xR4 | C24: =철거공수량집계표!C24 -> 주 | D24: =철거공수량집계표!D24 -> 2 | E24: ='폐기목 중량환산표1'!$B$6 -> 2.3529412 | F24: =D24*E24 -> 4.7058824 | G24: ='폐기목 중량환산표1'!$B$7 -> 0.003 | H24: =D24*G24 -> 0.006
A25: =철거공수량집계표!A25 -> 단풍나무 | B25: =철거공수량집계표!B25 -> H5.0xR20 | C25: =철거공수량집계표!C25 -> 주 | D25: =철거공수량집계표!D25 -> 3 | E25: ='폐기목 중량환산표1'!$R$6 -> 118.23529 | F25: =D25*E25 -> 354.70588 | G25: ='폐기목 중량환산표1'!$R$7 -> 0.103 | H25: =D25*G25 -> 0.309
A26: =철거공수량집계표!A26 -> 당단풍 | B26: =철거공수량집계표!B26 -> H3.0xR13 | C26: =철거공수량집계표!C26 -> 주 | D26: =철거공수량집계표!D26 -> 1 | E26: ='폐기목 중량환산표1'!$K$6 -> 37.411765 | F26: =D26*E26 -> 37.411765 | G26: ='폐기목 중량환산표1'!$K$7 -> 0.033 | H26: =D26*G26 -> 0.033
A27: =철거공수량집계표!A27 -> 대추나무 | B27: =철거공수량집계표!B27 -> H2.0xR4 | C27: =철거공수량집계표!C27 -> 주 | D27: =철거공수량집계표!D27 -> 13 | E27: ='폐기목 중량환산표1'!$B$6 -> 2.3529412 | F27: =D27*E27 -> 30.588235 | G27: ='폐기목 중량환산표1'!$B$7 -> 0.003 | H27: =D27*G27 -> 0.039
A28: =철거공수량집계표!A28 -> 백목련 | B28: =철거공수량집계표!B28 -> H3.5xR15 | C28: =철거공수량집계표!C28 -> 주 | D28: =철거공수량집계표!D28 -> 3 | E28: ='폐기목 중량환산표1'!$M$6 -> 58.235294 | F28: =D28*E28 -> 174.70588 | G28: ='폐기목 중량환산표1'!$M$7 -> 0.051 | H28: =D28*G28 -> 0.153
A29: =철거공수량집계표!A29 -> 버드나무 | B29: =철거공수량집계표!B29 -> H14.0xR69 | C29: =철거공수량집계표!C29 -> 주 | D29: =철거공수량집계표!D29 -> 1 | E29: ='폐기목 중량환산표2'!$P$16 -> 4221.1 | F29: =D29*E29 -> 4221.1 | G29: ='폐기목 중량환산표2'!$P$17 -> 3.663 | H29: =D29*G29 -> 3.663
A30: =철거공수량집계표!A30 -> 버드나무 | B30: =철거공수량집계표!B30 -> H13.0xR36 | C30: =철거공수량집계표!C30 -> 주 | D30: =철거공수량집계표!D30 -> 1 | E30: ='폐기목 중량환산표1'!$Q$16 -> 574.5 | F30: =D30*E30 -> 574.5 | G30: ='폐기목 중량환산표1'!$Q$17 -> 0.499 | H30: =D30*G30 -> 0.499
A31: =철거공수량집계표!A31 -> 버드나무 | B31: =철거공수량집계표!B31 -> H12.0xR22 | C31: =철거공수량집계표!C31 -> 주 | D31: =철거공수량집계표!D31 -> 6 | E31: ='폐기목 중량환산표1'!$C$16 -> 160.9 | F31: =D31*E31 -> 965.4 | G31: ='폐기목 중량환산표1'!$C$17 -> 0.14 | H31: =D31*G31 -> 0.84
A32: =철거공수량집계표!A32 -> 버드나무 | B32: =철거공수량집계표!B32 -> H10.0xR36 | C32: =철거공수량집계표!C32 -> 주 | D32: =철거공수량집계표!D32 -> 1 | E32: ='폐기목 중량환산표1'!$Q$16 -> 574.5 | F32: =D32*E32 -> 574.5 | G32: ='폐기목 중량환산표1'!$Q$17 -> 0.499 | H32: =D32*G32 -> 0.499
A33: =철거공수량집계표!A33 -> 버드나무 | B33: =철거공수량집계표!B33 -> H8.0xR16 | C33: =철거공수량집계표!C33 -> 주 | D33: =철거공수량집계표!D33 -> 5 | E33: ='폐기목 중량환산표1'!$N$6 -> 66.235294 | F33: =D33*E33 -> 331.17647 | G33: ='폐기목 중량환산표1'!$N$7 -> 0.058 | H33: =D33*G33 -> 0.29
A34: =철거공수량집계표!A34 -> 버드나무 | B34: =철거공수량집계표!B34 -> H7.0xR22 | C34: =철거공수량집계표!C34 -> 주 | D34: =철거공수량집계표!D34 -> 2 | E34: ='폐기목 중량환산표1'!$C$16 -> 160.9 | F34: =D34*E34 -> 321.8 | G34: ='폐기목 중량환산표1'!$C$17 -> 0.14 | H34: =D34*G34 -> 0.28
A35: =철거공수량집계표!A35 -> 버드나무 | B35: =철거공수량집계표!B35 -> H5.0xR10 | C35: =철거공수량집계표!C35 -> 주 | D35: =철거공수량집계표!D35 -> 9 | E35: ='폐기목 중량환산표1'!$K$6 -> 37.411765 | F35: =D35*E35 -> 336.70588 | G35: ='폐기목 중량환산표1'!$K$7 -> 0.033 | H35: =D35*G35 -> 0.297
A36: =철거공수량집계표!A36 -> 버드나무 | B36: =철거공수량집계표!B36 -> H14.0xW6.0xR44 | C36: =철거공수량집계표!C36 -> 주 | D36: =철거공수량집계표!D36 -> 1 | E36: ='폐기목 중량환산표2'!$H$6 -> 1001.2941 | F36: =D36*E36 -> 1001.2941 | G36: ='폐기목 중량환산표2'!$H$7 -> 0.869 | H36: =D36*G36 -> 0.869
A37: =철거공수량집계표!A37 -> 버드나무 | B37: =철거공수량집계표!B37 -> H5.0xW2.0xR10 | C37: =철거공수량집계표!C37 -> 주 | D37: =철거공수량집계표!D37 -> 5 | E37: ='폐기목 중량환산표1'!$K$6 -> 37.411765 | F37: =D37*E37 -> 187.05882 | G37: ='폐기목 중량환산표1'!$K$7 -> 0.033 | H37: =D37*G37 -> 0.165
A38: =철거공수량집계표!A38 -> 산수유 | B38: =철거공수량집계표!B38 -> H3.0xR12 | C38: =철거공수량집계표!C38 -> 주 | D38: =철거공수량집계표!D38 -> 1 | E38: ='폐기목 중량환산표1'!$J$6 -> 31.882353 | F38: =D38*E38 -> 31.882353 | G38: ='폐기목 중량환산표1'!$J$7 -> 0.028 | H38: =D38*G38 -> 0.028
A39: =철거공수량집계표!A39 -> 신갈나무 | B39: =철거공수량집계표!B39 -> H13.0xW6.0xR32 | C39: =철거공수량집계표!C39 -> 주 | D39: =철거공수량집계표!D39 -> 1 | E39: ='폐기목 중량환산표1'!$M$16 -> 416.1 | F39: =D39*E39 -> 416.1 | G39: ='폐기목 중량환산표1'!$M$17 -> 0.361 | H39: =D39*G39 -> 0.361
A40: =철거공수량집계표!A40 -> 아까시나무 | B40: =철거공수량집계표!B40 -> H7.0xR25 | C40: =철거공수량집계표!C40 -> 주 | D40: =철거공수량집계표!D40 -> 2 | E40: ='폐기목 중량환산표1'!$F$16 -> 230.9 | F40: =D40*E40 -> 461.8 | G40: ='폐기목 중량환산표1'!$F$17 -> 0.201 | H40: =D40*G40 -> 0.402
A41: =철거공수량집계표!A41 -> 아까시나무 | B41: =철거공수량집계표!B41 -> H7.0xR10 | C41: =철거공수량집계표!C41 -> 주 | D41: =철거공수량집계표!D41 -> 4 | E41: ='폐기목 중량환산표1'!$K$6 -> 37.411765 | F41: =D41*E41 -> 149.64706 | G41: ='폐기목 중량환산표1'!$K$7 -> 0.033 | H41: =D41*G41 -> 0.132
A42: =철거공수량집계표!A42 -> 왕벚나무 | B42: =철거공수량집계표!B42 -> H5.0xR15 | C42: =철거공수량집계표!C42 -> 주 | D42: =철거공수량집계표!D42 -> 1 | E42: ='폐기목 중량환산표1'!$M$6 -> 58.235294 | F42: =D42*E42 -> 58.235294 | G42: ='폐기목 중량환산표1'!$M$7 -> 0.051 | H42: =D42*G42 -> 0.051
A43: =철거공수량집계표!A43 -> 은행나무 | B43: =철거공수량집계표!B43 -> H8.0xW4.0xR24 | C43: =철거공수량집계표!C43 -> 주 | D43: =철거공수량집계표!D43 -> 2 | E43: ='폐기목 중량환산표1'!$E$16 -> 191.5 | F43: =D43*E43 -> 383 | G43: ='폐기목 중량환산표1'!$E$17 -> 0.167 | H43: =D43*G43 -> 0.334
A44: =철거공수량집계표!A44 -> 은행나무 | B44: =철거공수량집계표!B44 -> H7.0xR22 | C44: =철거공수량집계표!C44 -> 주 | D44: =철거공수량집계표!D44 -> 1 | E44: ='폐기목 중량환산표1'!$C$16 -> 160.9 | F44: =D44*E44 -> 160.9 | G44: ='폐기목 중량환산표1'!$C$17 -> 0.14 | H44: =D44*G44 -> 0.14
A45: =철거공수량집계표!A45 -> 은행나무 | B45: =철거공수량집계표!B45 -> H6.0xR12 | C45: =철거공수량집계표!C45 -> 주 | D45: =철거공수량집계표!D45 -> 1 | E45: ='폐기목 중량환산표1'!$J$6 -> 31.882353 | F45: =D45*E45 -> 31.882353 | G45: ='폐기목 중량환산표1'!$J$7 -> 0.028 | H45: =D45*G45 -> 0.028
A46: =철거공수량집계표!A46 -> 이팝나무 | B46: =철거공수량집계표!B46 -> H5.0xR15 | C46: =철거공수량집계표!C46 -> 주 | D46: =철거공수량집계표!D46 -> 4 | E46: ='폐기목 중량환산표1'!$M$6 -> 58.235294 | F46: =D46*E46 -> 232.94118 | G46: ='폐기목 중량환산표1'!$M$7 -> 0.051 | H46: =D46*G46 -> 0.204
A47: =철거공수량집계표!A47 -> 이팝나무 | B47: =철거공수량집계표!B47 -> H5.0xR12 | C47: =철거공수량집계표!C47 -> 주 | D47: =철거공수량집계표!D47 -> 1 | E47: ='폐기목 중량환산표1'!$J$6 -> 31.882353 | F47: =D47*E47 -> 31.882353 | G47: ='폐기목 중량환산표1'!$J$7 -> 0.028 | H47: =D47*G47 -> 0.028
A48: =철거공수량집계표!A48 -> 참나무 | B48: =철거공수량집계표!B48 -> H13.0xW6.0xR44 | C48: =철거공수량집계표!C48 -> 주 | D48: =철거공수량집계표!D48 -> 1 | E48: ='폐기목 중량환산표2'!$H$6 -> 1001.2941 | F48: =D48*E48 -> 1001.2941 | G48: ='폐기목 중량환산표2'!$H$7 -> 0.869 | H48: =D48*G48 -> 0.869
A49: =철거공수량집계표!A49 -> 참나무 | B49: =철거공수량집계표!B49 -> H10.0xR26 | C49: =철거공수량집계표!C49 -> 주 | D49: =철거공수량집계표!D49 -> 4 | E49: ='폐기목 중량환산표1'!$G$16 -> 249.8 | F49: =D49*E49 -> 999.2 | G49: ='폐기목 중량환산표1'!$G$17 -> 0.217 | H49: =D49*G49 -> 0.868
A50: =철거공수량집계표!A50 -> 참나무 | B50: =철거공수량집계표!B50 -> H6.0xR20 | C50: =철거공수량집계표!C50 -> 주 | D50: =철거공수량집계표!D50 -> 3 | E50: ='폐기목 중량환산표1'!$R$6 -> 118.23529 | F50: =D50*E50 -> 354.70588 | G50: ='폐기목 중량환산표1'!$R$7 -> 0.103 | H50: =D50*G50 -> 0.309
A52: 합계 | D52: =SUM(D4:D51) -> 336 | E52: =SUM(F4:F51) -> 32110.076 | G52: =SUM(H4:H51) -> 28.095
A53: 단위환산(ton) | E53: =ROUND(E52/1000,2) -> 32.11

Sheet 폐기목중량
A1: ■ 임목폐기물 중량계산 | P1: 주1) 조경공사적산기준(2020) 4.3.2. 수목운반 참조 | R1: 조경공사적산기준 | T1: 접시분(천근성) | U1: 보통분 | V1: 조개분(심근성) | W1: (산림청)
B2: * 지상부 중량 W1 (kg) = K x 3.14 x (B/2)2 x H x W x (1+p) [ W : 수간의 단위체적중량 1,200(kg/m3), P : 지엽에 과다에 의한 보합률(0.2) ] | R2: 뿌리분 형태 | S2: 뿌리분 체적(m3) | T2: 0.3927 | U2: 0.4581 | V2: 0.5236 | W2: 가로수 조성관리 매뉴얼
B3: * 지하부(뿌리분) 체적 V (m3) = 3.14 x (D/2)2 x (D/2) + 3.14 x (D/2)2 x (D') x (1/3) [ D' : 뿌리분형상, 접시분(0), 보통분(D/4), 조개(팽이)분(D/2) ]
B4: * 지하부(뿌리분) 중량 W2 (kg) = V x W' [ V : 뿌리분체적(m3), W' : 뿌리분단위중량, 1300(kg/m3) ]
B5: * 벌근부 중량 W2' (kg) = W2 x 20 (%, 실제 계측수량 비율)
A7: 구 분 | C7: K | D7: B | F7: H | G7: W | H7: P | I7: W1 | J7: D | L7: W' | M7: W2 | N7: W2' | O7: W1+W2' | P7: 비고
C8: 수간 형상 계수 | D8: 흉고 직경 (cm) | E8: 흉고 (m) | F8: 수고 (m) | G8: 단위 중량 (kg) | H8: 보합률 | I8: 지상부 중량 (kg) | J8: 근원 직경 (R,cm) | K8: D=4R (m) | L8: 뿌리분 단위중량(kg) | M8: 지하부 중량(kg) | N8: 벌근부 중량(kg) | O8: 임목폐기물 중량(kg)
A9: 교 목 | B9: 소나무/ 참나무류 | C9: 0.5 | D9: =J9/1.2 -> 20.833333 | E9: =D9*0.01 -> 0.20833333 | F9: 7 | G9: 1200 | H9: 0.2 | I9: =TRUNC((C9*3.14*((E9/2)^2)*F9*G9*(1+H9)),3) -> 171.718 | J9: 25 | K9: =J9*4*0.01 -> 1 | L9: 1300 | M9: =$U$2*K9^3*1300 -> 595.53 | N9: =M9*0.2 -> 119.106 | O9: =I9+N9 -> 290.824
A11: 관 목

Sheet 폐기목 중량환산표1
A1: ■ 폐기목 중량 환산표 1
A2: 구분 | B2: 수목규격
A3: 근원직경R(cm) | B3: =수목제원표1!B3 -> 4 | C3: =수목제원표1!C3 -> 5 | D3: =수목제원표1!D3 -> 6 | E3: =수목제원표1!E3 -> 7 | F3: =수목제원표1!F3 -> 8 | G3: =수목제원표1!G3 -> 9 | H3: =수목제원표1!H3 -> 10 | I3: =수목제원표1!I3 -> 11 | ... R3: =수목제원표1!R3 -> 20
A4: 흉고직경B(cm) | B4: =수목제원표1!B4 -> 3.2 | C4: =수목제원표1!C4 -> 4 | D4: =수목제원표1!D4 -> 4.8 | E4: =수목제원표1!E4 -> 5.6 | F4: =수목제원표1!F4 -> 6.4 | G4: =수목제원표1!G4 -> 7.2 | H4: =수목제원표1!H4 -> 8 | I4: =수목제원표1!I4 -> 8.8 | ... R4: =수목제원표1!R4 -> 16
A5: 수고H(m) | B5: =수목제원표1!B5 -> 2 | C5: =수목제원표1!C5 -> 2 | D5: =수목제원표1!D5 -> 2 | E5: =수목제원표1!E5 -> 2.5 | F5: =수목제원표1!F5 -> 2.5 | G5: =수목제원표1!G5 -> 2.5 | H5: =수목제원표1!H5 -> 2.5 | I5: =수목제원표1!I5 -> 3 | ... R5: =수목제원표1!R5 -> 4
A6: 폐기목 전체중량 | B6: =B8/$C23 -> 2.3529412 | C6: =C8/$C23 -> 3.6470588 | D6: =D8/$C23 -> 5.2941176 | E6: =E8/$C23 -> 9.0588235 | F6: =F8/$C23 -> 11.764706 | G6: =G8/$C23 -> 14.941176 | H6: =H8/$C23 -> 18.470588 | I6: =I8/$C23 -> 26.823529 | ... R6: =R8/$C23 -> 118.23529
A7: 폐기목 전체제적 | B7: =B9+B11 -> 0.003 | C7: =C9+C11 -> 0.004 | D7: =D9+D11 -> 0.005 | E7: =E9+E11 -> 0.009 | F7: =F9+F11 -> 0.01 | G7: =G9+G11 -> 0.014 | H7: =H9+H11 -> 0.017 | I7: =I9+I11 -> 0.024 | ... R7: =R9+R11 -> 0.103
A8: 지상부 중량(kg) | B8: =수목제원표1!B10 -> 2 | C8: =수목제원표1!C10 -> 3.1 | D8: =수목제원표1!D10 -> 4.5 | E8: =수목제원표1!E10 -> 7.7 | F8: =수목제원표1!F10 -> 10 | G8: =수목제원표1!G10 -> 12.7 | H8: =수목제원표1!H10 -> 15.7 | I8: =수목제원표1!I10 -> 22.8 | ... R8: =수목제원표1!R10 -> 100.5
A9: 지상부 제적(㎥) | B9: =수목제원표1!B11 -> 0.002 | C9: =수목제원표1!C11 -> 0.003 | D9: =수목제원표1!D11 -> 0.004 | E9: =수목제원표1!E11 -> 0.007 | F9: =수목제원표1!F11 -> 0.008 | G9: =수목제원표1!G11 -> 0.011 | H9: =수목제원표1!H11 -> 0.013 | I9: =수목제원표1!I11 -> 0.019 | ... R9: =수목제원표1!R11 -> 0.081
A10: 지하부 중량(kg) | B10: =ROUND(B6*$C24,1) -> 0.4 | C10: =ROUND(C6*$C24,1) -> 0.5 | D10: =ROUND(D6*$C24,1) -> 0.8 | E10: =ROUND(E6*$C24,1) -> 1.4 | F10: =ROUND(F6*$C24,1) -> 1.8 | G10: =ROUND(G6*$C24,1) -> 2.2 | H10: =ROUND(H6*$C24,1) -> 2.8 | I10: =ROUND(I6*$C24,1) -> 4 | ... R10: =ROUND(R6*$C24,1) -> 17.7
A11: 지하부 제적(㎥) | B11: =ROUND(B10/800,3) -> 0.001 | C11: =ROUND(C10/800,3) -> 0.001 | D11: =ROUND(D10/800,3) -> 0.001 | E11: =ROUND(E10/800,3) -> 0.002 | F11: =ROUND(F10/800,3) -> 0.002 | G11: =ROUND(G10/800,3) -> 0.003 | H11: =ROUND(H10/800,3) -> 0.004 | I11: =ROUND(I10/800,3) -> 0.005 | ... R11: =ROUND(R10/800,3) -> 0.022
A12: 구분 | B12: 수목규격
A13: 근원직경R(cm) | B13: =수목제원표1!B22 -> 21 | C13: ='[211]수목 제원표1'!C22 -> 22 | D13: ='[211]수목 제원표1'!D22 -> 23 | E13: ='[211]수목 제원표1'!E22 -> 24 | F13: ='[211]수목 제원표1'!F22 -> 25 | G13: ='[211]수목 제원표1'!G22 -> 26 | H13: ='[211]수목 제원표1'!H22 -> 27 | I13: ='[211]수목 제원표1'!I22 -> 28 | J13: ='[211]수목 제원표1'!J22 -> 29 | ... R13: ='[211]수목 제원표1'!R22 -> 37
A14: 흉고직경B(cm) | B14: =수목제원표1!B23 -> 16.8 | C14: =C13*0.8 -> 17.6 | D14: =D13*0.8 -> 18.4 | E14: =E13*0.8 -> 19.2 | F14: =F13*0.8 -> 20 | G14: =G13*0.8 -> 20.8 | H14: =H13*0.8 -> 21.6 | I14: =I13*0.8 -> 22.4 | J14: =J13*0.8 -> 23.2 | ... R14: =R13*0.8 -> 29.6
A15: 수고H(m) | B15: =수목제원표1!B24 -> 4.5 | C15: ='[211]수목 제원표1'!C24 -> 4.5 | D15: ='[211]수목 제원표1'!D24 -> 4.5 | E15: ='[211]수목 제원표1'!E24 -> 4.5 | F15: ='[211]수목 제원표1'!F24 -> 5 | G15: ='[211]수목 제원표1'!G24 -> 5 | H15: ='[211]수목 제원표1'!H24 -> 5 | I15: ='[211]수목 제원표1'!I24 -> 5 | J15: ='[211]수목 제원표1'!J24 -> 5 | ... R15: ='[211]수목 제원표1'!R24 -> 6
A16: 폐기목 전체중량 | B16: =ROUND(B18/$C23,1) -> 146.6 | C16: =ROUND(C18/$C23,1) -> 160.9 | D16: =ROUND(D18/$C23,1) -> 175.9 | E16: =ROUND(E18/$C23,1) -> 191.5 | F16: =ROUND(F18/$C23,1) -> 230.9 | G16: =ROUND(G18/$C23,1) -> 249.8 | H16: =ROUND(H18/$C23,1) -> 269.3 | I16: =ROUND(I18/$C23,1) -> 289.6 | ... R16: =ROUND(R18/$C23,1) -> 606.8
A17: 폐기목 전체제적 | B17: =B19+B21 -> 0.128 | C17: =C19+C21 -> 0.14 | D17: =D19+D21 -> 0.153 | E17: =E19+E21 -> 0.167 | F17: =F19+F21 -> 0.201 | G17: =G19+G21 -> 0.217 | H17: =H19+H21 -> 0.235 | I17: =I19+I21 -> 0.251 | ... R17: =R19+R21 -> 0.527
A18: 지상부 중량(kg) | B18: =수목제원표1!B29 -> 124.6 | C18: =수목제원표1!C29 -> 136.8 | D18: =수목제원표1!D29 -> 149.5 | E18: =수목제원표1!E29 -> 162.8 | F18: =수목제원표1!F29 -> 196.3 | G18: =수목제원표1!G29 -> 212.3 | H18: =수목제원표1!H29 -> 228.9 | I18: =수목제원표1!I29 -> 246.2 | ... R18: =수목제원표1!R29 -> 515.8
A19: 지상부 제적(㎥) | B19: =수목제원표1!B30 -> 0.1 | C19: =수목제원표1!C30 -> 0.11 | D19: =수목제원표1!D30 -> 0.12 | E19: =수목제원표1!E30 -> 0.131 | F19: =수목제원표1!F30 -> 0.158 | G19: =수목제원표1!G30 -> 0.17 | H19: =수목제원표1!H30 -> 0.184 | I19: =수목제원표1!I30 -> 0.197 | ... R19: =수목제원표1!R30 -> 0.413
A20: 지하부 중량(kg) | B20: =ROUND(B16*$C24,1) -> 22 | C20: =ROUND(C16*$C24,1) -> 24.1 | D20: =ROUND(D16*$C24,1) -> 26.4 | E20: =ROUND(E16*$C24,1) -> 28.7 | F20: =ROUND(F16*$C24,1) -> 34.6 | G20: =ROUND(G16*$C24,1) -> 37.5 | H20: =ROUND(H16*$C24,1) -> 40.4 | I20: =ROUND(I16*$C24,1) -> 43.4 | ... R20: =ROUND(R16*$C24,1) -> 91
A21: 지하부 제적(㎥) | B21: =ROUND(B20/800,3) -> 0.028 | C21: =ROUND(C20/800,3) -> 0.03 | D21: =ROUND(D20/800,3) -> 0.033 | E21: =ROUND(E20/800,3) -> 0.036 | F21: =ROUND(F20/800,3) -> 0.043 | G21: =ROUND(G20/800,3) -> 0.047 | H21: =ROUND(H20/800,3) -> 0.051 | I21: =ROUND(I20/800,3) -> 0.054 | ... R21: =ROUND(R20/800,3) -> 0.114
A22: * 각 부분 분배비 (참고: 산림생태학_이경준외 4인)
A23: 지상부중량 | B23: : | C23: =G23+G24+G25 -> 0.85 | E23: 줄기 | F23: : | G23: 0.45
A24: 지하부중량 | B24: : | C24: =G26 -> 0.15 | E24: 가지 | F24: : | G24: 0.15
A25: 전체중량 | B25: : | C25: =C23+C24 -> 1 | E25: 잎 | F25: : | G25: 0.25
E26: 뿌리분 | F26: : | G26: 0.15

Sheet 폐기목 중량환산표2
A1: ■ 폐기목 중량 환산표 2
A2: 구분 | B2: 수목규격
A3: 근원직경R(cm) | B3: =수목제원표2!B3 -> 38 | C3: =수목제원표2!C3 -> 39 | D3: =수목제원표2!D3 -> 40 | E3: =수목제원표2!E3 -> 41 | F3: =수목제원표2!F3 -> 42 | G3: =수목제원표2!G3 -> 43 | H3: =수목제원표2!H3 -> 44 | I3: =수목제원표2!I3 -> 45 | ... R3: =수목제원표2!R3 -> 54
A4: 흉고직경B(cm) | B4: =수목제원표2!B4 -> 30.4 | C4: =수목제원표2!C4 -> 31.2 | D4: =수목제원표2!D4 -> 32 | E4: =수목제원표2!E4 -> 32.8 | F4: =수목제원표2!F4 -> 33.6 | G4: =수목제원표2!G4 -> 34.4 | H4: =수목제원표2!H4 -> 35.2 | I4: =수목제원표2!I4 -> 36 | ... R4: =수목제원표2!R4 -> 43.2
A5: 수고H(m) | B5: =수목제원표2!B5 -> 6 | C5: =수목제원표2!C5 -> 6 | D5: =수목제원표2!D5 -> 7 | E5: =수목제원표2!E5 -> 7 | F5: =수목제원표2!F5 -> 7 | G5: =수목제원표2!G5 -> 7 | H5: =수목제원표2!H5 -> 7 | I5: =수목제원표2!I5 -> 8 | ... R5: =수목제원표2!R5 -> 9
A6: 폐기목 전체중량 | B6: =B8/$C23 -> 640.11765 | C6: =C8/$C23 -> 674.23529 | D6: =D8/$C23 -> 827.52941 | E6: =E8/$C23 -> 869.41176 | F6: =F8/$C23 -> 912.35294 | G6: =G8/$C23 -> 956.23529 | H6: =H8/$C23 -> 1001.2941 | I6: =I8/$C23 -> 1196.9412 | ... R6: =R8/$C23 -> 1938.9412
A7: 폐기목 전체제적 | B7: =B9+B11 -> 0.556 | C7: =C9+C11 -> 0.585 | D7: =D9+D11 -> 0.718 | E7: =E9+E11 -> 0.755 | F7: =F9+F11 -> 0.792 | G7: =G9+G11 -> 0.83 | H7: =H9+H11 -> 0.869 | I7: =I9+I11 -> 1.038 | ... R7: =R9+R11 -> 1.683
A8: 지상부 중량(kg) | B8: =수목제원표2!B10 -> 544.1 | C8: =수목제원표2!C10 -> 573.1 | D8: =수목제원표2!D10 -> 703.4 | E8: =수목제원표2!E10 -> 739 | F8: =수목제원표2!F10 -> 775.5 | G8: =수목제원표2!G10 -> 812.8 | H8: =수목제원표2!H10 -> 851.1 | I8: =수목제원표2!I10 -> 1017.4 | ... R8: =수목제원표2!R10 -> 1648.1
A9: 지상부 제적(㎥) | B9: =수목제원표2!B11 -> 0.436 | C9: =수목제원표2!C11 -> 0.459 | D9: =수목제원표2!D11 -> 0.563 | E9: =수목제원표2!E11 -> 0.592 | F9: =수목제원표2!F11 -> 0.621 | G9: =수목제원표2!G11 -> 0.651 | H9: =수목제원표2!H11 -> 0.681 | I9: =수목제원표2!I11 -> 0.814 | ... R9: =수목제원표2!R11 -> 1.319
A10: 지하부 중량(kg) | B10: =ROUND(B6*$C24,1) -> 96 | C10: =ROUND(C6*$C24,1) -> 101.1 | D10: =ROUND(D6*$C24,1) -> 124.1 | E10: =ROUND(E6*$C24,1) -> 130.4 | F10: =ROUND(F6*$C24,1) -> 136.9 | G10: =ROUND(G6*$C24,1) -> 143.4 | H10: =ROUND(H6*$C24,1) -> 150.2 | I10: =ROUND(I6*$C24,1) -> 179.5 | ... R10: =ROUND(R6*$C24,1) -> 290.8
A11: 지하부 제적(㎥) | B11: =ROUND(B10/800,3) -> 0.12 | C11: =ROUND(C10/800,3) -> 0.126 | D11: =ROUND(D10/800,3) -> 0.155 | E11: =ROUND(E10/800,3) -> 0.163 | F11: =ROUND(F10/800,3) -> 0.171 | G11: =ROUND(G10/800,3) -> 0.179 | H11: =ROUND(H10/800,3) -> 0.188 | I11: =ROUND(I10/800,3) -> 0.224 | ... R11: =ROUND(R10/800,3) -> 0.364
A12: 구분 | B12: 수목규격
A13: 근원직경R(cm) | B13: =수목제원표2!B22 -> 55 | C13: ='[211]수목 제원표2'!C22 -> 56 | D13: ='[211]수목 제원표2'!D22 -> 57 | E13: ='[211]수목 제원표2'!E22 -> 58 | F13: ='[211]수목 제원표2'!F22 -> 59 | G13: ='[211]수목 제원표2'!G22 -> 60 | H13: ='[211]수목 제원표2'!H22 -> 61 | I13: ='[211]수목 제원표2'!I22 -> 62 | J13: ='[211]수목 제원표2'!J22 -> 63 | ... R13: ='[211]수목 제원표2'!R22 -> 71
A14: 흉고직경B(cm) | B14: =수목제원표2!B23 -> 44 | C14: =C13*0.8 -> 44.8 | D14: =D13*0.8 -> 45.6 | E14: =E13*0.8 -> 46.4 | F14: =F13*0.8 -> 47.2 | G14: =G13*0.8 -> 48 | H14: =H13*0.8 -> 48.8 | I14: =I13*0.8 -> 49.6 | J14: =J13*0.8 -> 50.4 | ... R14: =R13*0.8 -> 56.8
A15: 수고H(m) | B15: =수목제원표2!B24 -> 10 | C15: ='[211]수목 제원표2'!C24 -> 10 | D15: ='[211]수목 제원표2'!D24 -> 10 | E15: ='[211]수목 제원표2'!E24 -> 10 | F15: ='[211]수목 제원표2'!F24 -> 10 | G15: ='[211]수목 제원표2'!G24 -> 11 | H15: ='[211]수목 제원표2'!H24 -> 11 | I15: ='[211]수목 제원표2'!I24 -> 11 | J15: ='[211]수목 제원표2'!J24 -> 11 | ... R15: ='[211]수목 제원표2'!R24 -> 13
A16: 폐기목 전체중량 | B16: =ROUND(B18/$C23,1) -> 2234.9 | C16: =ROUND(C18/$C23,1) -> 2316.9 | D16: =ROUND(D18/$C23,1) -> 2400.5 | E16: =ROUND(E18/$C23,1) -> 2485.4 | F16: =ROUND(F18/$C23,1) -> 2571.9 | G16: =ROUND(G18/$C23,1) -> 2925.8 | H16: =ROUND(H18/$C23,1) -> 3024.1 | I16: =ROUND(I18/$C23,1) -> 3124 | ... R16: =ROUND(R18/$C23,1) -> 4841.8
A17: 폐기목 전체제적 | B17: =B19+B21 -> 1.939 | C17: =C19+C21 -> 2.01 | D17: =D19+D21 -> 2.083 | E17: =E19+E21 -> 2.157 | F17: =F19+F21 -> 2.231 | G17: =G19+G21 -> 2.539 | H17: =H19+H21 -> 2.624 | I17: =I19+I21 -> 2.711 | ... R17: =R19+R21 -> 4.201
A18: 지상부 중량(kg) | B18: =수목제원표2!B29 -> 1899.7 | C18: =수목제원표2!C29 -> 1969.4 | D18: =수목제원표2!D29 -> 2040.4 | E18: =수목제원표2!E29 -> 2112.6 | F18: =수목제원표2!F29 -> 2186.1 | G18: =수목제원표2!G29 -> 2486.9 | H18: =수목제원표2!H29 -> 2570.5 | I18: =수목제원표2!I29 -> 2655.4 | ... R18: =수목제원표2!R29 -> 4115.5
A19: 지상부 제적(㎥) | B19: =수목제원표2!B30 -> 1.52 | C19: =수목제원표2!C30 -> 1.576 | D19: =수목제원표2!D30 -> 1.633 | E19: =수목제원표2!E30 -> 1.691 | F19: =수목제원표2!F30 -> 1.749 | G19: =수목제원표2!G30 -> 1.99 | H19: =수목제원표2!H30 -> 2.057 | I19: =수목제원표2!I30 -> 2.125 | ... R19: =수목제원표2!R30 -> 3.293
A20: 지하부 중량(kg) | B20: =ROUND(B16*$C24,1) -> 335.2 | C20: =ROUND(C16*$C24,1) -> 347.5 | D20: =ROUND(D16*$C24,1) -> 360.1 | E20: =ROUND(E16*$C24,1) -> 372.8 | F20: =ROUND(F16*$C24,1) -> 385.8 | G20: =ROUND(G16*$C24,1) -> 438.9 | H20: =ROUND(H16*$C24,1) -> 453.6 | I20: =ROUND(I16*$C24,1) -> 468.6 | ... R20: =ROUND(R16*$C24,1) -> 726.3
A21: 지하부 제적(㎥) | B21: =ROUND(B20/800,3) -> 0.419 | C21: =ROUND(C20/800,3) -> 0.434 | D21: =ROUND(D20/800,3) -> 0.45 | E21: =ROUND(E20/800,3) -> 0.466 | F21: =ROUND(F20/800,3) -> 0.482 | G21: =ROUND(G20/800,3) -> 0.549 | H21: =ROUND(H20/800,3) -> 0.567 | I21: =ROUND(I20/800,3) -> 0.586 | ... R21: =ROUND(R20/800,3) -> 0.908
A22: * 각 부분 분배비 (참고: 산림생태학_이경준외 4인)
A23: 지상부중량 | B23: : | C23: =G23+G24+G25 -> 0.85 | E23: 줄기 | F23: : | G23: 0.45
A24: 지하부중량 | B24: : | C24: =G26 -> 0.15 | E24: 가지 | F24: : | G24: 0.15
A25: 전체중량 | B25: : | C25: =C23+C24 -> 1 | E25: 잎 | F25: : | G25: 0.25
E26: 뿌리분 | F26: : | G26: 0.15

Sheet 수목제원표1
A1: 수목 제원표 1
A2: 구분 | B2: 수목규격
A3: 근원직경R(cm) | B3: 4 | C3: 5 | D3: 6 | E3: 7 | F3: 8 | G3: 9 | H3: 10 | I3: 11 | J3: 12 | K3: 13 | L3: 14 | M3: 15 | N3: 16 | O3: 17 | P3: 18 | Q3: 19 | R3: 20
A4: 흉고직경B(cm) | B4: =B3*0.8 -> 3.2 | C4: =C3*0.8 -> 4 | D4: =D3*0.8 -> 4.8 | E4: =E3*0.8 -> 5.6 | F4: =F3*0.8 -> 6.4 | G4: =G3*0.8 -> 7.2 | H4: =H3*0.8 -> 8 | I4: =I3*0.8 -> 8.8 | ... R4: =R3*0.8 -> 16
A5: 수고H(m) | B5: 2 | C5: 2 | D5: 2 | E5: 2.5 | F5: 2.5 | G5: 2.5 | H5: 2.5 | I5: 3 | J5: 3 | K5: 3 | L5: 3 | M5: 3.5 | N5: 3.5 | O5: 3.5 | P5: 4 | Q5: 4 | R5: 4
A6: 수간형상계수(k) | B6: 0.5 | C6: 0.5 | D6: 0.5 | E6: 0.5 | F6: 0.5 | G6: 0.5 | H6: 0.5 | I6: 0.5 | J6: 0.5 | K6: 0.5 | L6: 0.5 | M6: 0.5 | N6: 0.5 | O6: 0.5 | P6: 0.5 | Q6: 0.5 | R6: 0.5
A7: 원 주 율(π) | B7: 3.14 | C7: 3.14 | D7: 3.14 | E7: 3.14 | F7: 3.14 | G7: 3.14 | H7: 3.14 | I7: 3.14 | J7: 3.14 | K7: 3.14 | L7: 3.14 | M7: 3.14 | N7: 3.14 | O7: 3.14 | P7: 3.14 | Q7: 3.14 | R7: 3.14
A8: 수목생체단위중량(w1, kg/㎥) | B8: 1250 | C8: 1250 | D8: 1250 | E8: 1250 | F8: 1250 | G8: 1250 | H8: 1250 | I8: 1250 | J8: 1250 | K8: 1250 | L8: 1250 | M8: 1250 | N8: 1250 | O8: 1250 | P8: 1250 | Q8: 1250 | R8: 1250
A9: 보합률(P,고립) | B9: 1 | C9: 1 | D9: 1 | E9: 1 | F9: 1 | G9: 1 | H9: 1 | I9: 1 | J9: 1 | K9: 1 | L9: 1 | M9: 1 | N9: 1 | O9: 1 | P9: 1 | Q9: 1 | R9: 1
A10: 지상부 중량(kg) | B10: =ROUND(B6*B7*(B4/2)^2*B5*B8*(1+B9)/10000,1) -> 2 | C10: =ROUND(C6*C7*(C4/2)^2*C5*C8*(1+C9)/10000,1) -> 3.1 | D10: =ROUND(D6*D7*(D4/2)^2*D5*D8*(1+D9)/10000,1) -> 4.5 | E10: =ROUND(E6*E7*(E4/2)^2*E5*E8*(1+E9)/10000,1) -> 7.7 | F10: =ROUND(F6*F7*(F4/2)^2*F5*F8*(1+F9)/10000,1) -> 10 | G10: =ROUND(G6*G7*(G4/2)^2*G5*G8*(1+G9)/10000,1) -> 12.7 | H10: =ROUND(H6*H7*(H4/2)^2*H5*H8*(1+H9)/10000,1) -> 15.7 | I10: =ROUND(I6*I7*(I4/2)^2*I5*I8*(1+I9)/10000,1) -> 22.8 | ... R10: =ROUND(R6*R7*(R4/2)^2*R5*R8*(1+R9)/10000,1) -> 100.5
A11: 지상부 제적(㎥) | B11: =ROUNDUP(B10/B8,3) -> 0.002 | C11: =ROUNDUP(C10/C8,3) -> 0.003 | D11: =ROUNDUP(D10/D8,3) -> 0.004 | E11: =ROUNDUP(E10/E8,3) -> 0.007 | F11: =ROUNDUP(F10/F8,3) -> 0.008 | G11: =ROUNDUP(G10/G8,3) -> 0.011 | H11: =ROUNDUP(H10/H8,3) -> 0.013 | I11: =ROUNDUP(I10/I8,3) -> 0.019 | ... R11: =ROUNDUP(R10/R8,3) -> 0.081
A12: 뿌리분직경(D,cm,5배분) | B12: =B3*5 -> 20 | C12: =C3*5 -> 25 | D12: =D3*5 -> 30 | E12: =E3*5 -> 35 | F12: =F3*5 -> 40 | G12: =G3*5 -> 45 | H12: =H3*5 -> 50 | I12: =I3*5 -> 55 | ... R12: =R3*5 -> 100
A13: 분체적(V, ㎥) | B13: =ROUND(7/48*B7*(B12/100)^3,4) -> 0.0037 | C13: =ROUND(7/48*C7*(C12/100)^3,4) -> 0.0072 | D13: =ROUND(7/48*D7*(D12/100)^3,4) -> 0.0124 | E13: =ROUND(7/48*E7*(E12/100)^3,4) -> 0.0196 | F13: =ROUND(7/48*F7*(F12/100)^3,4) -> 0.0293 | G13: =ROUND(7/48*G7*(G12/100)^3,4) -> 0.0417 | H13: =ROUND(7/48*H7*(H12/100)^3,4) -> 0.0572 | I13: =ROUND(7/48*I7*(I12/100)^3,4) -> 0.0762 | ... R13: =ROUND(7/48*R7*(R12/100)^3,4) -> 0.4579
A14: 뿌리분단위당중량(t/㎥) | B14: 1.3 | C14: 1.3 | D14: 1.3 | E14: 1.3 | F14: 1.3 | G14: 1.3 | H14: 1.3 | I14: 1.3 | J14: 1.3 | K14: 1.3 | L14: 1.3 | M14: 1.3 | N14: 1.3 | O14: 1.3 | P14: 1.3 | Q14: 1.3 | R14: 1.3
A15: 수목의 지하부 중량(kg) | B15: =ROUND(B13*B14*1000,1) -> 4.8 | C15: =ROUND(C13*C14*1000,1) -> 9.4 | D15: =ROUND(D13*D14*1000,1) -> 16.1 | E15: =ROUND(E13*E14*1000,1) -> 25.5 | F15: =ROUND(F13*F14*1000,1) -> 38.1 | G15: =ROUND(G13*G14*1000,1) -> 54.2 | H15: =ROUND(H13*H14*1000,1) -> 74.4 | I15: =ROUND(I13*I14*1000,1) -> 99.1 | ... R15: =ROUND(R13*R14*1000,1) -> 595.3
A16: 전제 중량(kg) | B16: =B10+B15 -> 6.8 | C16: =C10+C15 -> 12.5 | D16: =D10+D15 -> 20.6 | E16: =E10+E15 -> 33.2 | F16: =F10+F15 -> 48.1 | G16: =G10+G15 -> 66.9 | H16: =H10+H15 -> 90.1 | I16: =I10+I15 -> 121.9 | ... R16: =R10+R15 -> 695.8
A17: 전체 부피(㎥) | B17: =B11+B13 -> 0.0057 | C17: =C11+C13 -> 0.0102 | D17: =D11+D13 -> 0.0164 | E17: =E11+E13 -> 0.0266 | F17: =F11+F13 -> 0.0373 | G17: =G11+G13 -> 0.0527 | H17: =H11+H13 -> 0.0702 | I17: =I11+I13 -> 0.0952 | ... R17: =R11+R13 -> 0.5389
A18: 수목 면적(㎡) | B18: =ROUND(3.14*(B5*0.8/2*B5*0.8/2),2) -> 2.01 | C18: =ROUND(3.14*(C5*0.8/2*C5*0.8/2),2) -> 2.01 | D18: =ROUND(3.14*(D5*0.8/2*D5*0.8/2),2) -> 2.01 | E18: =ROUND(3.14*(E5*0.8/2*E5*0.8/2),2) -> 3.14 | F18: =ROUND(3.14*(F5*0.8/2*F5*0.8/2),2) -> 3.14 | G18: =ROUND(3.14*(G5*0.8/2*G5*0.8/2),2) -> 3.14 | H18: =ROUND(3.14*(H5*0.8/2*H5*0.8/2),2) -> 3.14 | I18: =ROUND(3.14*(I5*0.8/2*I5*0.8/2),2) -> 4.52 | ... R18: =ROUND(3.14*(R5*0.8/2*R5*0.8/2),2) -> 8.04
A19: 전정잔재물 (지상부x30%)(Kg) | B19: =ROUND(B10*30%,2) -> 0.6 | C19: =ROUND(C10*30%,2) -> 0.93 | D19: =ROUND(D10*30%,2) -> 1.35 | E19: =ROUND(E10*30%,2) -> 2.31 | F19: =ROUND(F10*30%,2) -> 3 | G19: =ROUND(G10*30%,2) -> 3.81 | H19: =ROUND(H10*30%,2) -> 4.71 | I19: =ROUND(I10*30%,2) -> 6.84 | ... R19: =ROUND(R10*30%,2) -> 30.15
A20: 전정부피- 적사(M3) | B20: =ROUND(B19/1000/0.5,3) -> 0.001 | C20: =ROUND(C19/1000/0.5,3) -> 0.002 | D20: =ROUND(D19/1000/0.5,3) -> 0.003 | E20: =ROUND(E19/1000/0.5,3) -> 0.005 | F20: =ROUND(F19/1000/0.5,3) -> 0.006 | G20: =ROUND(G19/1000/0.5,3) -> 0.008 | H20: =ROUND(H19/1000/0.5,3) -> 0.009 | I20: =ROUND(I19/1000/0.5,3) -> 0.014 | ... R20: =ROUND(R19/1000/0.5,3) -> 0.06
A21: 구분 | B21: 수목규격
A22: 근원직경R(cm) | B22: 21 | C22: 22 | D22: 23 | E22: 24 | F22: 25 | G22: 26 | H22: 27 | I22: 28 | J22: 29 | K22: 30 | L22: 31 | M22: 32 | N22: 33 | O22: 34 | P22: 35 | Q22: 36 | R22: 37
A23: 흉고직경B(cm) | B23: =B22*0.8 -> 16.8 | C23: =C22*0.8 -> 17.6 | D23: =D22*0.8 -> 18.4 | E23: =E22*0.8 -> 19.2 | F23: =F22*0.8 -> 20 | G23: =G22*0.8 -> 20.8 | H23: =H22*0.8 -> 21.6 | I23: =I22*0.8 -> 22.4 | ... R23: =R22*0.8 -> 29.6
A24: 수고H(m) | B24: 4.5 | C24: 4.5 | D24: 4.5 | E24: 4.5 | F24: 5 | G24: 5 | H24: 5 | I24: 5 | J24: 5 | K24: 5 | L24: 5.5 | M24: 5.5 | N24: 5.5 | O24: 5.5 | P24: 5.5 | Q24: 6 | R24: 6
A25: 수간형상계수(f) | B25: 0.5 | C25: 0.5 | D25: 0.5 | E25: 0.5 | F25: 0.5 | G25: 0.5 | H25: 0.5 | I25: 0.5 | J25: 0.5 | K25: 0.5 | L25: 0.5 | M25: 0.5 | N25: 0.5 | O25: 0.5 | P25: 0.5 | Q25: 0.5 | R25: 0.5
A26: 원 주 율(π) | B26: 3.14 | C26: 3.14 | D26: 3.14 | E26: 3.14 | F26: 3.14 | G26: 3.14 | H26: 3.14 | I26: 3.14 | J26: 3.14 | K26: 3.14 | L26: 3.14 | M26: 3.14 | N26: 3.14 | O26: 3.14 | P26: 3.14 | Q26: 3.14 | R26: 3.14
A27: 수목생체단위중량(w1, kg/㎥) | B27: 1250 | C27: 1250 | D27: 1250 | E27: 1250 | F27: 1250 | G27: 1250 | H27: 1250 | I27: 1250 | J27: 1250 | K27: 1250 | L27: 1250 | M27: 1250 | N27: 1250 | O27: 1250 | P27: 1250 | Q27: 1250 | R27: 1250
A28: 보합률(P,고립) | B28: 1 | C28: 1 | D28: 1 | E28: 1 | F28: 1 | G28: 1 | H28: 1 | I28: 1 | J28: 1 | K28: 1 | L28: 1 | M28: 1 | N28: 1 | O28: 1 | P28: 1 | Q28: 1 | R28: 1
A29: 지상부 중량(kg) | B29: =ROUND(B25*B26*(B23/2)^2*B24*B27*(1+B28)/10000,1) -> 124.6 | C29: =ROUND(C25*C26*(C23/2)^2*C24*C27*(1+C28)/10000,1) -> 136.8 | D29: =ROUND(D25*D26*(D23/2)^2*D24*D27*(1+D28)/10000,1) -> 149.5 | E29: =ROUND(E25*E26*(E23/2)^2*E24*E27*(1+E28)/10000,1) -> 162.8 | F29: =ROUND(F25*F26*(F23/2)^2*F24*F27*(1+F28)/10000,1) -> 196.3 | G29: =ROUND(G25*G26*(G23/2)^2*G24*G27*(1+G28)/10000,1) -> 212.3 | H29: =ROUND(H25*H26*(H23/2)^2*H24*H27*(1+H28)/10000,1) -> 228.9 | I29: =ROUND(I25*I26*(I23/2)^2*I24*I27*(1+I28)/10000,1) -> 246.2 | ... R29: =ROUND(R25*R26*(R23/2)^2*R24*R27*(1+R28)/10000,1) -> 515.8
A30: 지상부 제적(㎥) | B30: =ROUNDUP(B29/B27,3) -> 0.1 | C30: =ROUNDUP(C29/C27,3) -> 0.11 | D30: =ROUNDUP(D29/D27,3) -> 0.12 | E30: =ROUNDUP(E29/E27,3) -> 0.131 | F30: =ROUNDUP(F29/F27,3) -> 0.158 | G30: =ROUNDUP(G29/G27,3) -> 0.17 | H30: =ROUNDUP(H29/H27,3) -> 0.184 | I30: =ROUNDUP(I29/I27,3) -> 0.197 | ... R30: =ROUNDUP(R29/R27,3) -> 0.413
A31: 뿌리분직경(D,cm,5배분) | B31: =B22*5 -> 105 | C31: =C22*5 -> 110 | D31: =D22*5 -> 115 | E31: =E22*5 -> 120 | F31: =F22*5 -> 125 | G31: =G22*5 -> 130 | H31: =H22*5 -> 135 | I31: =I22*5 -> 140 | ... R31: =R22*5 -> 185
A32: 분체적(V, ㎥) | B32: =ROUND(7/48*B26*(B31/100)^3,4) -> 0.5301 | C32: =ROUND(7/48*C26*(C31/100)^3,4) -> 0.6095 | D32: =ROUND(7/48*D26*(D31/100)^3,4) -> 0.6964 | E32: =ROUND(7/48*E26*(E31/100)^3,4) -> 0.7913 | F32: =ROUND(7/48*F26*(F31/100)^3,4) -> 0.8944 | G32: =ROUND(7/48*G26*(G31/100)^3,4) -> 1.006 | H32: =ROUND(7/48*H26*(H31/100)^3,4) -> 1.1266 | I32: =ROUND(7/48*I26*(I31/100)^3,4) -> 1.2565 | ... R32: =ROUND(7/48*R26*(R31/100)^3,4) -> 2.8994
A33: 뿌리분단위당중량(t/㎥) | B33: 1.3 | C33: 1.3 | D33: 1.3 | E33: 1.3 | F33: 1.3 | G33: 1.3 | H33: 1.3 | I33: 1.3 | J33: 1.3 | K33: 1.3 | L33: 1.3 | M33: 1.3 | N33: 1.3 | O33: 1.3 | P33: 1.3 | Q33: 1.3 | R33: 1.3
A34: 수목의 지하부 중량(kg) | B34: =ROUND(B32*B33*1000,1) -> 689.1 | C34: =ROUND(C32*C33*1000,1) -> 792.4 | D34: =ROUND(D32*D33*1000,1) -> 905.3 | E34: =ROUND(E32*E33*1000,1) -> 1028.7 | F34: =ROUND(F32*F33*1000,1) -> 1162.7 | G34: =ROUND(G32*G33*1000,1) -> 1307.8 | H34: =ROUND(H32*H33*1000,1) -> 1464.6 | I34: =ROUND(I32*I33*1000,1) -> 1633.5 | ... R34: =ROUND(R32*R33*1000,1) -> 3769.2
A35: 전제 중량(kg) | B35: =B29+B34 -> 813.7 | C35: =C29+C34 -> 929.2 | D35: =D29+D34 -> 1054.8 | E35: =E29+E34 -> 1191.5 | F35: =F29+F34 -> 1359 | G35: =G29+G34 -> 1520.1 | H35: =H29+H34 -> 1693.5 | I35: =I29+I34 -> 1879.7 | ... R35: =R29+R34 -> 4285
A36: 전체 부피(㎥) | B36: =B30+B32 -> 0.6301 | C36: =C30+C32 -> 0.7195 | D36: =D30+D32 -> 0.8164 | E36: =E30+E32 -> 0.9223 | F36: =F30+F32 -> 1.0524 | G36: =G30+G32 -> 1.176 | H36: =H30+H32 -> 1.3106 | I36: =I30+I32 -> 1.4535 | ... R36: =R30+R32 -> 3.3124
A37: 수목 면적(㎡) | B37: =ROUND(3.14*(B24*0.8/2*B24*0.8/2),2) -> 10.17 | C37: =ROUND(3.14*(C24*0.8/2*C24*0.8/2),2) -> 10.17 | D37: =ROUND(3.14*(D24*0.8/2*D24*0.8/2),2) -> 10.17 | E37: =ROUND(3.14*(E24*0.8/2*E24*0.8/2),2) -> 10.17 | F37: =ROUND(3.14*(F24*0.8/2*F24*0.8/2),2) -> 12.56 | G37: =ROUND(3.14*(G24*0.8/2*G24*0.8/2),2) -> 12.56 | H37: =ROUND(3.14*(H24*0.8/2*H24*0.8/2),2) -> 12.56 | I37: =ROUND(3.14*(I24*0.8/2*I24*0.8/2),2) -> 12.56 | ... R37: =ROUND(3.14*(R24*0.8/2*R24*0.8/2),2) -> 18.09
A38: 전정잔재물 (지상부x30%)(Kg) | B38: =ROUND(B29*30%,2) -> 37.38 | C38: =ROUND(C29*30%,2) -> 41.04 | D38: =ROUND(D29*30%,2) -> 44.85 | E38: =ROUND(E29*30%,2) -> 48.84 | F38: =ROUND(F29*30%,2) -> 58.89 | G38: =ROUND(G29*30%,2) -> 63.69 | H38: =ROUND(H29*30%,2) -> 68.67 | I38: =ROUND(I29*30%,2) -> 73.86 | ... R38: =ROUND(R29*30%,2) -> 154.74
A39: 전정부피- 적사(M3) | B39: =ROUND(B38/1000/0.5,3) -> 0.075 | C39: =ROUND(C38/1000/0.5,3) -> 0.082 | D39: =ROUND(D38/1000/0.5,3) -> 0.09 | E39: =ROUND(E38/1000/0.5,3) -> 0.098 | F39: =ROUND(F38/1000/0.5,3) -> 0.118 | G39: =ROUND(G38/1000/0.5,3) -> 0.127 | H39: =ROUND(H38/1000/0.5,3) -> 0.137 | I39: =ROUND(I38/1000/0.5,3) -> 0.148 | ... R39: =ROUND(R38/1000/0.5,3) -> 0.309
A40: ※지상부 중량 산출근거: | B40: k*3.14*(B/2)^2*h*w1*(1+p) | H40: ※지하부 중량 산출근거: | J40: 분체적*단위중량
B41: B,h=조경설계기준 참고,(일반적으로 B=근원직경*0.8) | J41: 분체적=7/48*3.14*D^3 | M41: (D=근원직경*분 배수)
B42: w1=수간의 단위체적당 중량(1250kg/㎥적용) | H42: 지하부 단위체적당 중량(1300kg/㎥적용)
B43: p=지엽의 과다에 의한 보합률(임목:0.3, 고립목:1.0) | H43: * 전정시 우죽의 실 적재 부피 산출 = 0.5ton/1m3당, 2m3/1ton 적용값 (적사시)
B44: k=수간형상계수 | H44: * 중량의 부피환산 = 우죽 또는 지상부중량x0.33ton 적용한 값임 (집재된 수량 적용시)
B45: 상수리, 졸참, 회양목, 호랑가시 등 : 1340이상 | H45: * 지상부 단위중량 기준: 1250 kg
B46: 느티, 목련, 쪽동백, 참느릅 : 1300~1340이상 | H46: * 뿌리분 단위중량 기준: 1300 kg
B47: 곰솔, 산벗, 단풍, 은행, 향 : 1250~1300이상 | H47: * 전정 잔재물량은 전정의 정도 15~50% 수식 변경하여 수식대입
B48: 소나무, 침엽수 : 1210~1250 | H48: >> 에: 약전정 15~20%, 강전정 20~30%, 두목전정 30~50%
B49: 가문비, 녹, 삼, 왜금송 : 1170~1210

Sheet 수목제원표2
A1: 수목 제원표 2
A2: 구분 | B2: 수목규격
A3: 근원직경R(cm) | B3: 38 | C3: 39 | D3: 40 | E3: 41 | F3: 42 | G3: 43 | H3: 44 | I3: 45 | J3: 46 | K3: 47 | L3: 48 | M3: 49 | N3: 50 | O3: 51 | P3: 52 | Q3: 53 | R3: 54
A4: 흉고직경B(cm) | B4: =B3*0.8 -> 30.4 | C4: =C3*0.8 -> 31.2 | D4: =D3*0.8 -> 32 | E4: =E3*0.8 -> 32.8 | F4: =F3*0.8 -> 33.6 | G4: =G3*0.8 -> 34.4 | H4: =H3*0.8 -> 35.2 | I4: =I3*0.8 -> 36 | ... R4: =R3*0.8 -> 43.2
A5: 수고H(m) | B5: 6 | C5: 6 | D5: 7 | E5: 7 | F5: 7 | G5: 7 | H5: 7 | I5: 8 | J5: 8 | K5: 8 | L5: 8 | M5: 8 | N5: 9 | O5: 9 | P5: 9 | Q5: 9 | R5: 9
A6: 수간형상계수(k) | B6: 0.5 | C6: 0.5 | D6: 0.5 | E6: 0.5 | F6: 0.5 | G6: 0.5 | H6: 0.5 | I6: 0.5 | J6: 0.5 | K6: 0.5 | L6: 0.5 | M6: 0.5 | N6: 0.5 | O6: 0.5 | P6: 0.5 | Q6: 0.5 | R6: 0.5
A7: 원 주 율(π) | B7: 3.14 | C7: 3.14 | D7: 3.14 | E7: 3.14 | F7: 3.14 | G7: 3.14 | H7: 3.14 | I7: 3.14 | J7: 3.14 | K7: 3.14 | L7: 3.14 | M7: 3.14 | N7: 3.14 | O7: 3.14 | P7: 3.14 | Q7: 3.14 | R7: 3.14
A8: 수목생체단위중량(w1, kg/㎥) | B8: 1250 | C8: 1250 | D8: 1250 | E8: 1250 | F8: 1250 | G8: 1250 | H8: 1250 | I8: 1250 | J8: 1250 | K8: 1250 | L8: 1250 | M8: 1250 | N8: 1250 | O8: 1250 | P8: 1250 | Q8: 1250 | R8: 1250
A9: 보합률(P,고립) | B9: 1 | C9: 1 | D9: 1 | E9: 1 | F9: 1 | G9: 1 | H9: 1 | I9: 1 | J9: 1 | K9: 1 | L9: 1 | M9: 1 | N9: 1 | O9: 1 | P9: 1 | Q9: 1 | R9: 1
A10: 지상부 중량(kg) | B10: =ROUND(B6*B7*(B4/2)^2*B5*B8*(1+B9)/10000,1) -> 544.1 | C10: =ROUND(C6*C7*(C4/2)^2*C5*C8*(1+C9)/10000,1) -> 573.1 | D10: =ROUND(D6*D7*(D4/2)^2*D5*D8*(1+D9)/10000,1) -> 703.4 | E10: =ROUND(E6*E7*(E4/2)^2*E5*E8*(1+E9)/10000,1) -> 739 | F10: =ROUND(F6*F7*(F4/2)^2*F5*F8*(1+F9)/10000,1) -> 775.5 | G10: =ROUND(G6*G7*(G4/2)^2*G5*G8*(1+G9)/10000,1) -> 812.8 | H10: =ROUND(H6*H7*(H4/2)^2*H5*H8*(1+H9)/10000,1) -> 851.1 | I10: =ROUND(I6*I7*(I4/2)^2*I5*I8*(1+I9)/10000,1) -> 1017.4 | ... R10: =ROUND(R6*R7*(R4/2)^2*R5*R8*(1+R9)/10000,1) -> 1648.1
A11: 지상부 제적(㎥) | B11: =ROUNDUP(B10/B8,3) -> 0.436 | C11: =ROUNDUP(C10/C8,3) -> 0.459 | D11: =ROUNDUP(D10/D8,3) -> 0.563 | E11: =ROUNDUP(E10/E8,3) -> 0.592 | F11: =ROUNDUP(F10/F8,3) -> 0.621 | G11: =ROUNDUP(G10/G8,3) -> 0.651 | H11: =ROUNDUP(H10/H8,3) -> 0.681 | I11: =ROUNDUP(I10/I8,3) -> 0.814 | ... R11: =ROUNDUP(R10/R8,3) -> 1.319
A12: 뿌리분직경(D,cm,5배분) | B12: =B3*5 -> 190 | C12: =C3*5 -> 195 | D12: =D3*5 -> 200 | E12: =E3*5 -> 205 | F12: =F3*5 -> 210 | G12: =G3*5 -> 215 | H12: =H3*5 -> 220 | I12: =I3*5 -> 225 | ... R12: =R3*5 -> 270
A13: 분체적(V, ㎥) | B13: =ROUND(7/48*B7*(B12/100)^3,4) -> 3.1409 | C13: =ROUND(7/48*C7*(C12/100)^3,4) -> 3.3954 | D13: =ROUND(7/48*D7*(D12/100)^3,4) -> 3.6633 | E13: =ROUND(7/48*E7*(E12/100)^3,4) -> 3.945 | F13: =ROUND(7/48*F7*(F12/100)^3,4) -> 4.2408 | G13: =ROUND(7/48*G7*(G12/100)^3,4) -> 4.5509 | H13: =ROUND(7/48*H7*(H12/100)^3,4) -> 4.8759 | I13: =ROUND(7/48*I7*(I12/100)^3,4) -> 5.216 | ... R13: =ROUND(7/48*R7*(R12/100)^3,4) -> 9.0132
A14: 뿌리분단위당중량(t/㎥) | B14: 1.3 | C14: 1.3 | D14: 1.3 | E14: 1.3 | F14: 1.3 | G14: 1.3 | H14: 1.3 | I14: 1.3 | J14: 1.3 | K14: 1.3 | L14: 1.3 | M14: 1.3 | N14: 1.3 | O14: 1.3 | P14: 1.3 | Q14: 1.3 | R14: 1.3
A15: 수목의 지하부 중량(kg) | B15: =ROUND(B13*B14*1000,1) -> 4083.2 | C15: =ROUND(C13*C14*1000,1) -> 4414 | D15: =ROUND(D13*D14*1000,1) -> 4762.3 | E15: =ROUND(E13*E14*1000,1) -> 5128.5 | F15: =ROUND(F13*F14*1000,1) -> 5513 | G15: =ROUND(G13*G14*1000,1) -> 5916.2 | H15: =ROUND(H13*H14*1000,1) -> 6338.7 | I15: =ROUND(I13*I14*1000,1) -> 6780.8 | ... R15: =ROUND(R13*R14*1000,1) -> 11717.2
A16: 전제 중량(kg) | B16: =B10+B15 -> 4627.3 | C16: =C10+C15 -> 4987.1 | D16: =D10+D15 -> 5465.7 | E16: =E10+E15 -> 5867.5 | F16: =F10+F15 -> 6288.5 | G16: =G10+G15 -> 6729 | H16: =H10+H15 -> 7189.8 | I16: =I10+I15 -> 7798.2 | ... R16: =R10+R15 -> 13365.3
A17: 전체 부피(㎥) | B17: =B11+B13 -> 3.5769 | C17: =C11+C13 -> 3.8544 | D17: =D11+D13 -> 4.2263 | E17: =E11+E13 -> 4.537 | F17: =F11+F13 -> 4.8618 | G17: =G11+G13 -> 5.2019 | H17: =H11+H13 -> 5.5569 | I17: =I11+I13 -> 6.03 | ... R17: =R11+R13 -> 10.3322
A18: 수목 면적(㎡) | B18: =ROUND(3.14*(B5*0.8/2*B5*0.8/2),2) -> 18.09 | C18: =ROUND(3.14*(C5*0.8/2*C5*0.8/2),2) -> 18.09 | D18: =ROUND(3.14*(D5*0.8/2*D5*0.8/2),2) -> 24.62 | E18: =ROUND(3.14*(E5*0.8/2*E5*0.8/2),2) -> 24.62 | F18: =ROUND(3.14*(F5*0.8/2*F5*0.8/2),2) -> 24.62 | G18: =ROUND(3.14*(G5*0.8/2*G5*0.8/2),2) -> 24.62 | H18: =ROUND(3.14*(H5*0.8/2*H5*0.8/2),2) -> 24.62 | I18: =ROUND(3.14*(I5*0.8/2*I5*0.8/2),2) -> 32.15 | ... R18: =ROUND(3.14*(R5*0.8/2*R5*0.8/2),2) -> 40.69
A19: 전정잔재물 (지상부x30%)(Kg) | B19: =ROUND(B10*30%,2) -> 163.23 | C19: =ROUND(C10*30%,2) -> 171.93 | D19: =ROUND(D10*30%,2) -> 211.02 | E19: =ROUND(E10*30%,2) -> 221.7 | F19: =ROUND(F10*30%,2) -> 232.65 | G19: =ROUND(G10*30%,2) -> 243.84 | H19: =ROUND(H10*30%,2) -> 255.33 | I19: =ROUND(I10*30%,2) -> 305.22 | ... R19: =ROUND(R10*30%,2) -> 494.43
A20: 전정부피- 적사(M3) | B20: =ROUND(B19/1000/0.5,3) -> 0.326 | C20: =ROUND(C19/1000/0.5,3) -> 0.344 | D20: =ROUND(D19/1000/0.5,3) -> 0.422 | E20: =ROUND(E19/1000/0.5,3) -> 0.443 | F20: =ROUND(F19/1000/0.5,3) -> 0.465 | G20: =ROUND(G19/1000/0.5,3) -> 0.488 | H20: =ROUND(H19/1000/0.5,3) -> 0.511 | I20: =ROUND(I19/1000/0.5,3) -> 0.61 | ... R20: =ROUND(R19/1000/0.5,3) -> 0.989
A21: 구분 | B21: 수목규격
A22: 근원직경R(cm) | B22: 55 | C22: 56 | D22: 57 | E22: 58 | F22: 59 | G22: 60 | H22: 61 | I22: 62 | J22: 63 | K22: 64 | L22: 65 | M22: 66 | N22: 67 | O22: 68 | P22: 69 | Q22: 70 | R22: 71
A23: 흉고직경B(cm) | B23: =B22*0.8 -> 44 | C23: =C22*0.8 -> 44.8 | D23: =D22*0.8 -> 45.6 | E23: =E22*0.8 -> 46.4 | F23: =F22*0.8 -> 47.2 | G23: =G22*0.8 -> 48 | H23: =H22*0.8 -> 48.8 | I23: =I22*0.8 -> 49.6 | ... R23: =R22*0.8 -> 56.8
A24: 수고H(m) | B24: 10 | C24: 10 | D24: 10 | E24: 10 | F24: 10 | G24: 11 | H24: 11 | I24: 11 | J24: 11 | K24: 11 | L24: 12 | M24: 12 | N24: 12 | O24: 12 | P24: 12 | Q24: 13 | R24: 13
A25: 수간형상계수(f) | B25: 0.5 | C25: 0.5 | D25: 0.5 | E25: 0.5 | F25: 0.5 | G25: 0.5 | H25: 0.5 | I25: 0.5 | J25: 0.5 | K25: 0.5 | L25: 0.5 | M25: 0.5 | N25: 0.5 | O25: 0.5 | P25: 0.5 | Q25: 0.5 | R25: 0.5
A26: 원 주 율(π) | B26: 3.14 | C26: 3.14 | D26: 3.14 | E26: 3.14 | F26: 3.14 | G26: 3.14 | H26: 3.14 | I26: 3.14 | J26: 3.14 | K26: 3.14 | L26: 3.14 | M26: 3.14 | N26: 3.14 | O26: 3.14 | P26: 3.14 | Q26: 3.14 | R26: 3.14
A27: 수목생체단위중량(w1, kg/㎥) | B27: 1250 | C27: 1250 | D27: 1250 | E27: 1250 | F27: 1250 | G27: 1250 | H27: 1250 | I27: 1250 | J27: 1250 | K27: 1250 | L27: 1250 | M27: 1250 | N27: 1250 | O27: 1250 | P27: 1250 | Q27: 1250 | R27: 1250
A28: 보합률(P,고립) | B28: 1 | C28: 1 | D28: 1 | E28: 1 | F28: 1 | G28: 1 | H28: 1 | I28: 1 | J28: 1 | K28: 1 | L28: 1 | M28: 1 | N28: 1 | O28: 1 | P28: 1 | Q28: 1 | R28: 1
A29: 지상부 중량(kg) | B29: =ROUND(B25*B26*(B23/2)^2*B24*B27*(1+B28)/10000,1) -> 1899.7 | C29: =ROUND(C25*C26*(C23/2)^2*C24*C27*(1+C28)/10000,1) -> 1969.4 | D29: =ROUND(D25*D26*(D23/2)^2*D24*D27*(1+D28)/10000,1) -> 2040.4 | E29: =ROUND(E25*E26*(E23/2)^2*E24*E27*(1+E28)/10000,1) -> 2112.6 | F29: =ROUND(F25*F26*(F23/2)^2*F24*F27*(1+F28)/10000,1) -> 2186.1 | G29: =ROUND(G25*G26*(G23/2)^2*G24*G27*(1+G28)/10000,1) -> 2486.9 | H29: =ROUND(H25*H26*(H23/2)^2*H24*H27*(1+H28)/10000,1) -> 2570.5 | I29: =ROUND(I25*I26*(I23/2)^2*I24*I27*(1+I28)/10000,1) -> 2655.4 | ... R29: =ROUND(R25*R26*(R23/2)^2*R24*R27*(1+R28)/10000,1) -> 4115.5
A30: 지상부 제적(㎥) | B30: =ROUNDUP(B29/B27,3) -> 1.52 | C30: =ROUNDUP(C29/C27,3) -> 1.576 | D30: =ROUNDUP(D29/D27,3) -> 1.633 | E30: =ROUNDUP(E29/E27,3) -> 1.691 | F30: =ROUNDUP(F29/F27,3) -> 1.749 | G30: =ROUNDUP(G29/G27,3) -> 1.99 | H30: =ROUNDUP(H29/H27,3) -> 2.057 | I30: =ROUNDUP(I29/I27,3) -> 2.125 | ... R30: =ROUNDUP(R29/R27,3) -> 3.293
A31: 뿌리분직경(D,cm,5배분) | B31: =B22*5 -> 275 | C31: =C22*5 -> 280 | D31: =D22*5 -> 285 | E31: =E22*5 -> 290 | F31: =F22*5 -> 295 | G31: =G22*5 -> 300 | H31: =H22*5 -> 305 | I31: =I22*5 -> 310 | ... R31: =R22*5 -> 355
A32: 분체적(V, ㎥) | B32: =ROUND(7/48*B26*(B31/100)^3,4) -> 9.5232 | C32: =ROUND(7/48*C26*(C31/100)^3,4) -> 10.0522 | D32: =ROUND(7/48*D26*(D31/100)^3,4) -> 10.6004 | E32: =ROUND(7/48*E26*(E31/100)^3,4) -> 11.1681 | F32: =ROUND(7/48*F26*(F31/100)^3,4) -> 11.7558 | G32: =ROUND(7/48*G26*(G31/100)^3,4) -> 12.3638 | H32: =ROUND(7/48*H26*(H31/100)^3,4) -> 12.9923 | I32: =ROUND(7/48*I26*(I31/100)^3,4) -> 13.6418 | ... R32: =ROUND(7/48*R26*(R31/100)^3,4) -> 20.4867
A33: 뿌리분단위당중량(t/㎥) | B33: 1.3 | C33: 1.3 | D33: 1.3 | E33: 1.3 | F33: 1.3 | G33: 1.3 | H33: 1.3 | I33: 1.3 | J33: 1.3 | K33: 1.3 | L33: 1.3 | M33: 1.3 | N33: 1.3 | O33: 1.3 | P33: 1.3 | Q33: 1.3 | R33: 1.3
A34: 수목의 지하부 중량(kg) | B34: =ROUND(B32*B33*1000,1) -> 12380.2 | C34: =ROUND(C32*C33*1000,1) -> 13067.9 | D34: =ROUND(D32*D33*1000,1) -> 13780.5 | E34: =ROUND(E32*E33*1000,1) -> 14518.5 | F34: =ROUND(F32*F33*1000,1) -> 15282.5 | G34: =ROUND(G32*G33*1000,1) -> 16072.9 | H34: =ROUND(H32*H33*1000,1) -> 16890 | I34: =ROUND(I32*I33*1000,1) -> 17734.3 | ... R34: =ROUND(R32*R33*1000,1) -> 26632.7
A35: 전제 중량(kg) | B35: =B29+B34 -> 14279.9 | C35: =C29+C34 -> 15037.3 | D35: =D29+D34 -> 15820.9 | E35: =E29+E34 -> 16631.1 | F35: =F29+F34 -> 17468.6 | G35: =G29+G34 -> 18559.8 | H35: =H29+H34 -> 19460.5 | I35: =I29+I34 -> 20389.7 | ... R35: =R29+R34 -> 30748.2
A36: 전체 부피(㎥) | B36: =B30+B32 -> 11.0432 | C36: =C30+C32 -> 11.6282 | D36: =D30+D32 -> 12.2334 | E36: =E30+E32 -> 12.8591 | F36: =F30+F32 -> 13.5048 | G36: =G30+G32 -> 14.3538 | H36: =H30+H32 -> 15.0493 | I36: =I30+I32 -> 15.7668 | ... R36: =R30+R32 -> 23.7797
A37: 수목 면적(㎡) | B37: =ROUND(3.14*(B24*0.8/2*B24*0.8/2),2) -> 50.24 | C37: =ROUND(3.14*(C24*0.8/2*C24*0.8/2),2) -> 50.24 | D37: =ROUND(3.14*(D24*0.8/2*D24*0.8/2),2) -> 50.24 | E37: =ROUND(3.14*(E24*0.8/2*E24*0.8/2),2) -> 50.24 | F37: =ROUND(3.14*(F24*0.8/2*F24*0.8/2),2) -> 50.24 | G37: =ROUND(3.14*(G24*0.8/2*G24*0.8/2),2) -> 60.79 | H37: =ROUND(3.14*(H24*0.8/2*H24*0.8/2),2) -> 60.79 | I37: =ROUND(3.14*(I24*0.8/2*I24*0.8/2),2) -> 60.79 | ... R37: =ROUND(3.14*(R24*0.8/2*R24*0.8/2),2) -> 84.91
A38: 전정잔재물 (지상부x30%)(Kg) | B38: =ROUND(B29*30%,2) -> 569.91 | C38: =ROUND(C29*30%,2) -> 590.82 | D38: =ROUND(D29*30%,2) -> 612.12 | E38: =ROUND(E29*30%,2) -> 633.78 | F38: =ROUND(F29*30%,2) -> 655.83 | G38: =ROUND(G29*30%,2) -> 746.07 | H38: =ROUND(H29*30%,2) -> 771.15 | I38: =ROUND(I29*30%,2) -> 796.62 | ... R38: =ROUND(R29*30%,2) -> 1234.65
A39: 전정부피- 적사(M3) | B39: =ROUND(B38/1000/0.5,3) -> 1.14 | C39: =ROUND(C38/1000/0.5,3) -> 1.182 | D39: =ROUND(D38/1000/0.5,3) -> 1.224 | E39: =ROUND(E38/1000/0.5,3) -> 1.268 | F39: =ROUND(F38/1000/0.5,3) -> 1.312 | G39: =ROUND(G38/1000/0.5,3) -> 1.492 | H39: =ROUND(H38/1000/0.5,3) -> 1.542 | I39: =ROUND(I38/1000/0.5,3) -> 1.593 | ... R39: =ROUND(R38/1000/0.5,3) -> 2.469
A40: ※지상부 중량 산출근거: | B40: k*3.14*(B/2)^2*h*w1*(1+p) | H40: ※지하부 중량 산출근거: | J40: 분체적*단위중량
B41: B,h=조경설계기준 참고,(일반적으로 B=근원직경*0.8) | J41: 분체적=7/48*3.14*D^3 | M41: (D=근원직경*분 배수)
B42: w1=수간의 단위체적당 중량(1250kg/㎥적용) | H42: 지하부 단위체적당 중량(1300kg/㎥적용)
B43: p=지엽의 과다에 의한 보합률(임목:0.3, 고립목:1.0) | H43: * 전정시 우죽의 실 적재 부피 산출 = 0.5ton/1m3당, 2m3/1ton 적용값 (적사시)
B44: k=수간형상계수 | H44: * 중량의 부피환산 = 우죽 또는 지상부중량x0.33ton 적용한 값임 (집재된 수량 적용시)
B45: 상수리, 졸참, 회양목, 호랑가시 등 : 1340이상 | H45: * 지상부 단위중량 기준: 1250 kg
B46: 느티, 목련, 쪽동백, 참느릅 : 1300~1340이상 | H46: * 뿌리분 단위중량 기준: 1300 kg
B47: 곰솔, 산벗, 단풍, 은행, 향 : 1250~1300이상 | H47: * 전정 잔재물량은 전정의 정도 15~50% 수식 변경하여 수식대입
B48: 소나무, 침엽수 : 1210~1250 | H48: >> 에: 약전정 15~20%, 강전정 20~30%, 두목전정 30~50%
B49: 가문비, 녹, 삼, 왜금송 : 1170~1210

Sheet 식재공
G8: 식재공

Sheet 식재공수량집계
A1: ■식재공수량집계표
A2: 품 명 | B2: 규 격 | C2: 단위 | D2: 수량(주) | E2: 단위중량(kg) | F2: 수목중량(kg) | G2: 비 고
A4: 1)이식 | E4: =수목중량!N9 -> 3290.4653 | F4: =D4*E4 -> 0
A5: 금송 | B5: H8.0xR25 | C5: 주 | D5: 2 | E5: =수목중량!N10 -> 55.33852 | F5: =D5*E5 -> 110.67704
A6: 금송 | B6: H7.0xW3.5 | C6: 주 | D6: 3 | E6: =수목중량!N11 -> 29.840522 | F6: =D6*E6 -> 89.521567
A7: 금송 | B7: H5.0xW2.5 | C7: 주 | D7: 2 | E7: =수목중량!N12 -> 1352.84 | F7: =D7*E7 -> 2705.6801
A8: 소나무 | B8: H14.0xR40 | C8: 주 | D8: 5
A9: 소나무 | B9: H10.0xW5.0xR36 | C9: 주 | D9: 6 | E9: =수목중량!N13 -> 182.35188 | F9: =D9*E9 -> 1094.1113
A10: 소나무 | B10: H10.0xW4.0xR28 | C10: 주 | D10: 10
A11: 소나무 | B11: H5.5xW2.5xR25 | C11: 주 | D11: 2
A12: 소나무 | B12: H3.5xR20 | C12: 주 | D12: 39
A13: 소나무 | B13: H2.5xR10 | C13: 주 | D13: 3
A14: 스트로브잣나무 | B14: H10.0xR26 | C14: 주 | D14: 2
A15: 스트로브잣나무 | B15: H8.0xR18 | C15: 주 | D15: 7
A16: 스트로브잣나무 | B16: H7.0xR22 | C16: 주 | D16: 12
A17: 스트로브잣나무 | B17: H6.0xR18 | C17: 주 | D17: 36
A18: 전나무 | B18: H16.0xW6.0xR44 | C18: 주 | D18: 8
A19: 전나무 | B19: H16.0xW5.0xR58 | C19: 주 | D19: 2
A20: 전나무 | B20: H16.0xR46 | C20: 주 | D20: 2
A21: 주목 | B21: H3.0xW2.0 | C21: 주 | D21: 4
... A74: 칠엽수 | B74: H5.0xW3.5xR12 | C74: 주 | D74: 3
A75: 2)교목식재 | E75: =수목중량!N14 -> 29.840522 | F75: =D75*E75 -> 0
A76: 계수나무 | B76: H4.5xR15 | C76: 주 | D76: 29
A77: 꽃사과 | B77: H3.0xR8 | C77: 주 | D77: 36
A78: 느티나무 | B78: H5.0xR30 | C78: 주 | D78: 3
A79: 때죽나무 | B79: H3.5xR10 | C79: 주 | D79: 19
A80: 매화나무 | B80: H3.5xR10 | C80: 주 | D80: 6
A81: 산딸나무 | B81: H3.5xR12 | C81: 주 | D81: 41
A82: 산수유 | B82: H3.5xR15 | C82: 주 | D82: 17
A83: 왕벚나무 | B83: H4.0xB12 | C83: 주 | D83: 20
A84: 참나무 | B84: H5.0xR25 | C84: 주 | D84: 10
A85: 청단풍 | B85: H3.5xR15 | C85: 주 | D85: 20
A86: 팥배나무 | B86: H4.0xR12 | C86: 주 | D86: 10
A87: 팽나무 | B87: H6.0xR30 | C87: 주 | D87: 1
A88: 팽나무 | B88: H5.0xR20 | C88: 주 | D88: 5
A89: 3)관목식재 | E89: =수목중량!N39 -> 0 | F89: =D89*E89 -> 0
A90: 남천 | B90: H1.0x3가지 | C90: 주 | D90: 400
A91: 피라칸사스 | B91: H1.0xW0.3 | C91: 주 | D91: 700
A92: 회양목 | B92: H0.3xW0.3 | C92: 주 | D92: 700
A93: 낙상홍 | B93: H1.0xW0.4 | C93: 주 | D93: 200
A94: 박태기 | B94: H1.0xW0.3 | C94: 주 | D94: 840
A95: 백철쭉 | B95: H0.3xW0.3 | C95: 주 | D95: 700
A96: 산수국 | B96: H0.3xW0.4 | C96: 주 | D96: 1000
A97: 산철쭉 | B97: H0.3xW0.3 | C97: 주 | D97: 1500
A98: 삼색조팝 | B98: H1.0xW0.3 | C98: 주 | D98: 600
A99: 수수꽃다리 | B99: H1.2xW0.3 | C99: 주 | D99: 600
A100: 영산홍 | B100: H0.3xW0.3 | C100: 주 | D100: 1000
A101: 자산홍 | B101: H0.3xW0.3 | C101: 주 | D101: 1000
... A103: 화살나무 | B103: H0.8xW0.4 | C103: 주 | D103: 600
A104: 4)지피식재
A105: 그린라이트억새 | B105: 5~6분얼 | C105: 본 | D105: 1900
A106: 꽃무릇 | B106: 4치포트 | C106: 본 | D106: 500
A107: 라벤더 | B107: 10cm | C107: 본 | D107: 3500
A108: 리아트리스 | B108: 8cm | C108: 본 | D108: 1900
A109: 맥문동 | B109: 3~5분얼x8cm | C109: 본 | D109: 2140
A110: 모닝라이트억새 | B110: 15cm포트 | C110: 본 | D110: 600
A111: 붉은토끼풀 | B111: 10cm | C111: 본 | D111: 1000
A112: 비비추 | B112: 2~3분얼x8cm | C112: 본 | D112: 1000
A113: 세이지 | B113: 10cm | C113: 본 | D113: 1200
A114: 수선화 | B114: 개화구 | C114: 본 | D114: 1600
A115: 수크령 | B115: 15cm | C115: 본 | D115: 1700
A116: 은사초 | B116: 10cm | C116: 본 | D116: 1700
... A119: 잔디(평떼) | B119: 0.3x0.3x0.03 | C119: m2 | D119: 3826
A120: 5) 부대공사
A121: 수목표찰(걸이형) | B121: 180x130 | C121: 개소 | D121: 29
A122: 수목표찰(지주형) | B122: 180x130x700 | C122: 개소 | D122: 29
A123: 통기관 | B123: R30이상 시공,2개소 | C123: 개소 | D123: =(D8+D9+D18+D19+D20+D28+D29+D30+D31+D32+D45+D47+D53+D57+D59+D63+D71)*2 -> 112

Sheet 수목중량
A1: ■ 수목 중량계산 | Q1: 주1) 조경공사적산기준(2020) 4.3.2. 수목운반 참조 | S1: 조경공사적산기준 | U1: 접시분(천근성) | V1: 보통분 | W1: 조개분(심근성) | X1: (산림청)
B2: * 지상부 중량 W1 (kg) = K x 3.14 x (B/2)2 x H x W x (1+p) [ W : 수간의 단위체적중량 1,200(kg/m3), P : 지엽에 과다에 의한 보합률(0.2) ] | S2: 뿌리분 형태 | T2: 뿌리분 체적(m3) | U2: 0.3927 | V2: 0.4581 | W2: 0.5236 | X2: 가로수 조성관리 매뉴얼
B3: * 지하부(뿌리분) 체적 V (m3) = 3.14 x (D/2)2 x (D/2) + 3.14 x (D/2)2 x (D') x (1/3) [ D' : 뿌리분형상, 접시분(0), 보통분(D/4), 조개(팽이)분(D/2) ]
B4: * 지하부(뿌리분) 중량 W2 (kg) = V x W' [ V : 뿌리분체적(m3), W' : 뿌리분단위중량, 1300(kg/m3) ]
B5: * 벌근부 중량 W2' (kg) = W2 x 20 (%, 실제 계측수량 비율)
A7: 구 분 | C7: K | D7: B | F7: H | G7: W | H7: P | I7: W1 | J7: D | L7: W' | M7: W2 | N7: W1+W2 | O7: W2' | P7: W1+W2' | Q7: 비고
C8: 수간 형상 계수 | D8: 흉고 직경 (cm) | E8: 흉고 (m) | F8: 수고 (m) | G8: 단위 중량 (kg) | H8: 보합률 | I8: 지상부 중량 (kg) | J8: 근원 직경 (R,cm) | K8: D=4R (m) | L8: 뿌리분 단위중량(kg) | M8: 지하부 중량(kg) | N8: 수목중량 (kg) | O8: 벌근부 중량(kg) | P8: 임목폐기물 중량(kg)
A9: 교 목 | B9: =식재공수량집계!A4 -> 1)이식 | C9: 0.5 | D9: =J9/1.2 -> 33.333333 | E9: =D9*0.01 -> 0.33333333 | F9: 8 | G9: 1200 | H9: 0.2 | I9: =TRUNC((C9*3.14*((E9/2)^2)*F9*G9*(1+H9)),3) -> 502.4 | J9: 40 | K9: =J9*4*0.01 -> 1.6 | L9: 1300 | M9: =$W$2*K9^3*1300 -> 2788.0653 | N9: =I9+M9 -> 3290.4653 | O9: =M9*0.2 -> 557.61306 | P9: =I9+O9 -> 1060.0131
B10: =식재공수량집계!A5 -> 금송 | C10: 0.5 | D10: =J10/1.2 -> 8.3333333 | E10: =D10*0.01 -> 0.083333333 | F10: 3 | G10: 1200 | H10: 0.2 | I10: =TRUNC((C10*3.14*((E10/2)^2)*F10*G10*(1+H10)),3) -> 11.775 | J10: 10 | K10: =J10*4*0.01 -> 0.4 | L10: 1300 | M10: =$W$2*K10^3*1300 -> 43.56352 | N10: =I10+M10 -> 55.33852 | O10: =M10*0.2 -> 8.712704 | P10: =I10+O10 -> 20.487704
B11: =식재공수량집계!A6 -> 금송 | C11: 0.5 | D11: =J11/1.2 -> 6.6666667 | E11: =D11*0.01 -> 0.066666667 | F11: 3 | G11: 1200 | H11: 0.2 | I11: =TRUNC((C11*3.14*((E11/2)^2)*F11*G11*(1+H11)),3) -> 7.536 | J11: 8 | K11: =J11*4*0.01 -> 0.32 | L11: 1300 | M11: =$W$2*K11^3*1300 -> 22.304522 | N11: =I11+M11 -> 29.840522 | O11: =M11*0.2 -> 4.4609044 | P11: =I11+O11 -> 11.996904
B12: =식재공수량집계!A7 -> 금송 | C12: 0.5 | D12: =J12/1.2 -> 25 | E12: =D12*0.01 -> 0.25 | F12: 5 | G12: 1200 | H12: 0.2 | I12: =TRUNC((C12*3.14*((E12/2)^2)*F12*G12*(1+H12)),3) -> 176.625 | J12: 30 | K12: =J12*4*0.01 -> 1.2 | L12: 1300 | M12: =$W$2*K12^3*1300 -> 1176.215 | N12: =I12+M12 -> 1352.84 | O12: =M12*0.2 -> 235.24301 | P12: =I12+O12 -> 411.86801
B13: =식재공수량집계!A9 -> 소나무 | C13: 0.5 | D13: =J13/1.2 -> 12.5 | E13: =D13*0.01 -> 0.125 | F13: 4 | G13: 1200 | H13: 0.2 | I13: =TRUNC((C13*3.14*((E13/2)^2)*F13*G13*(1+H13)),3) -> 35.325 | J13: 15 | K13: =J13*4*0.01 -> 0.6 | L13: 1300 | M13: =$W$2*K13^3*1300 -> 147.02688 | N13: =I13+M13 -> 182.35188 | O13: =M13*0.2 -> 29.405376 | P13: =I13+O13 -> 64.730376
B14: =식재공수량집계!A75 -> 2)교목식재 | C14: 0.5 | D14: =J14/1.2 -> 6.6666667 | E14: =D14*0.01 -> 0.066666667 | F14: 3 | G14: 1200 | H14: 0.2 | I14: =TRUNC((C14*3.14*((E14/2)^2)*F14*G14*(1+H14)),3) -> 7.536 | J14: 8 | K14: =J14*4*0.01 -> 0.32 | L14: 1300 | M14: =$W$2*K14^3*1300 -> 22.304522 | N14: =I14+M14 -> 29.840522 | O14: =M14*0.2 -> 4.4609044 | P14: =I14+O14 -> 11.996904
B15: =식재공수량집계!A78 -> 느티나무 | C15: 0.5 | D15: =J15/1.2 -> 8.3333333 | E15: =D15*0.01 -> 0.083333333 | F15: 3.5 | G15: 1200 | H15: 0.2 | I15: =TRUNC((C15*3.14*((E15/2)^2)*F15*G15*(1+H15)),3) -> 13.737 | J15: 10 | K15: =J15*4*0.01 -> 0.4 | L15: 1300 | M15: =$W$2*K15^3*1300 -> 43.56352 | N15: =I15+M15 -> 57.30052 | O15: =M15*0.2 -> 8.712704 | P15: =I15+O15 -> 22.449704
B16: =식재공수량집계!A80 -> 매화나무 | C16: 0.5 | D16: =J16/1.2 -> 12.5 | E16: =D16*0.01 -> 0.125 | F16: 3.5 | G16: 1200 | H16: 0.2 | I16: =TRUNC((C16*3.14*((E16/2)^2)*F16*G16*(1+H16)),3) -> 30.909 | J16: 15 | K16: =J16*4*0.01 -> 0.6 | L16: 1300 | M16: =$W$2*K16^3*1300 -> 147.02688 | N16: =I16+M16 -> 177.93588 | O16: =M16*0.2 -> 29.405376 | P16: =I16+O16 -> 60.314376
B17: =식재공수량집계!#REF! -> #REF! | C17: 0.5 | D17: =J17/1.2 -> 12.5 | E17: =D17*0.01 -> 0.125 | F17: 3.5 | G17: 1200 | H17: 0.2 | I17: =TRUNC((C17*3.14*((E17/2)^2)*F17*G17*(1+H17)),3) -> 30.909 | J17: 15 | K17: =J17*4*0.01 -> 0.6 | L17: 1300 | M17: =$W$2*K17^3*1300 -> 147.02688 | N17: =I17+M17 -> 177.93588 | O17: =M17*0.2 -> 29.405376 | P17: =I17+O17 -> 60.314376
B18: =식재공수량집계!A81 -> 산딸나무 | C18: 0.5 | D18: =J18/1.2 -> 8.3333333 | E18: =D18*0.01 -> 0.083333333 | F18: 3 | G18: 1200 | H18: 0.2 | I18: =TRUNC((C18*3.14*((E18/2)^2)*F18*G18*(1+H18)),3) -> 11.775 | J18: 10 | K18: =J18*4*0.01 -> 0.4 | L18: 1300 | M18: =$W$2*K18^3*1300 -> 43.56352 | N18: =I18+M18 -> 55.33852 | O18: =M18*0.2 -> 8.712704 | P18: =I18+O18 -> 20.487704
B19: =식재공수량집계!#REF! -> #REF! | C19: 0.5 | D19: =J19/1.2 -> 10 | E19: =D19*0.01 -> 0.1 | F19: 3.5 | G19: 1200 | H19: 0.2 | I19: =TRUNC((C19*3.14*((E19/2)^2)*F19*G19*(1+H19)),3) -> 19.782 | J19: 12 | K19: =J19*4*0.01 -> 0.48 | L19: 1300 | M19: =$W$2*K19^3*1300 -> 75.277763 | N19: =I19+M19 -> 95.059763 | O19: =M19*0.2 -> 15.055553 | P19: =I19+O19 -> 34.837553
B20: =식재공수량집계!A82 -> 산수유 | C20: 0.5 | D20: =J20/1.2 -> 12.5 | E20: =D20*0.01 -> 0.125 | F20: 3.5 | G20: 1200 | H20: 0.2 | I20: =TRUNC((C20*3.14*((E20/2)^2)*F20*G20*(1+H20)),3) -> 30.909 | J20: 15 | K20: =J20*4*0.01 -> 0.6 | L20: 1300 | M20: =$W$2*K20^3*1300 -> 147.02688 | N20: =I20+M20 -> 177.93588 | O20: =M20*0.2 -> 29.405376 | P20: =I20+O20 -> 60.314376
B21: =식재공수량집계!A83 -> 왕벚나무 | C21: 0.5 | D21: =J21/1.2 -> 12.5 | E21: =D21*0.01 -> 0.125 | F21: 4 | G21: 1200 | H21: 0.2 | I21: =TRUNC((C21*3.14*((E21/2)^2)*F21*G21*(1+H21)),3) -> 35.325 | J21: 15 | K21: =J21*4*0.01 -> 0.6 | L21: 1300 | M21: =$W$2*K21^3*1300 -> 147.02688 | N21: =I21+M21 -> 182.35188 | O21: =M21*0.2 -> 29.405376 | P21: =I21+O21 -> 64.730376
B22: =식재공수량집계!A84 -> 참나무 | C22: 0.5 | D22: =J22/1.2 -> 12.5 | E22: =D22*0.01 -> 0.125 | F22: 3.5 | G22: 1200 | H22: 0.2 | I22: =TRUNC((C22*3.14*((E22/2)^2)*F22*G22*(1+H22)),3) -> 30.909 | J22: 15 | K22: =J22*4*0.01 -> 0.6 | L22: 1300 | M22: =$W$2*K22^3*1300 -> 147.02688 | N22: =I22+M22 -> 177.93588 | O22: =M22*0.2 -> 29.405376 | P22: =I22+O22 -> 60.314376
B23: =식재공수량집계!A85 -> 청단풍 | C23: 0.5 | D23: =J23/1.2 -> 10 | E23: =D23*0.01 -> 0.1 | F23: 4 | G23: 1200 | H23: 0.2 | I23: =TRUNC((C23*3.14*((E23/2)^2)*F23*G23*(1+H23)),3) -> 22.608 | J23: 12 | K23: =J23*4*0.01 -> 0.48 | L23: 1300 | M23: =$W$2*K23^3*1300 -> 75.277763 | N23: =I23+M23 -> 97.885763 | O23: =M23*0.2 -> 15.055553 | P23: =I23+O23 -> 37.663553
A25: 관 목

Sheet 식재공관급자재집계표
A1: ■식재공 관급자재집계표
A2: 품 명 | B2: 규 격 | C2: 단위 | D2: 수량 | E2: 유기질비료 (20kg/포) | G2: 복합비료 (1kg/포) | I2: 비 고
E3: 단위수량 | F3: 합계수량 | G3: 단위수량 | H3: 합계수량
A4: =식재공수량집계!A5 -> 금송 | B4: =식재공수량집계!B5 -> H8.0xR25 | C4: =식재공수량집계!C5 -> 주 | D4: =식재공수량집계!D5 -> 2 | E4: 30 | F4: =ROUNDUP(D4*E4,1) -> 60 | G4: =$L$6 -> 2.04 | H4: =ROUNDUP(D4*G4,1) -> 4.1 | K4: R15이하 | L4: =0.21+1.71 -> 1.92
A5: =식재공수량집계!A6 -> 금송 | B5: =식재공수량집계!B6 -> H7.0xW3.5 | C5: =식재공수량집계!C6 -> 주 | D5: =식재공수량집계!D6 -> 3 | E5: 40 | F5: =ROUNDUP(D5*E5,1) -> 120 | G5: =$L$6 -> 2.04 | H5: =ROUNDUP(D5*G5,1) -> 6.2 | K5: R20이하 | L5: =0.26+1.71 -> 1.97
A6: =식재공수량집계!A7 -> 금송 | B6: =식재공수량집계!B7 -> H5.0xW2.5 | C6: =식재공수량집계!C7 -> 주 | D6: =식재공수량집계!D7 -> 2 | E6: 30 | F6: =ROUNDUP(D6*E6,1) -> 60 | G6: =$L$5 -> 1.97 | H6: =ROUNDUP(D6*G6,1) -> 4 | K6: R30이하 | L6: =0.32+1.72 -> 2.04
A7: =식재공수량집계!A8 -> 소나무 | B7: =식재공수량집계!B8 -> H14.0xR40 | C7: =식재공수량집계!C8 -> 주 | D7: =식재공수량집계!D8 -> 5 | E7: 50 | F7: =ROUNDUP(D7*E7,1) -> 250 | G7: =$L$7 -> 2.12 | H7: =ROUNDUP(D7*G7,1) -> 10.6 | K7: R40이하 | L7: =0.4+1.72 -> 2.12
A8: =식재공수량집계!A9 -> 소나무 | B8: =식재공수량집계!B9 -> H10.0xW5.0xR36 | C8: =식재공수량집계!C9 -> 주 | D8: =식재공수량집계!D9 -> 6 | E8: 40 | F8: =ROUNDUP(D8*E8,1) -> 240 | G8: =$L$7 -> 2.12 | H8: =ROUNDUP(D8*G8,1) -> 12.8 | K8: R40이상 | L8: =0.52+1.7 -> 2.22
A9: =식재공수량집계!A10 -> 소나무 | B9: =식재공수량집계!B10 -> H10.0xW4.0xR28 | C9: =식재공수량집계!C10 -> 주 | D9: =식재공수량집계!D10 -> 10 | E9: 30 | F9: =ROUNDUP(D9*E9,1) -> 300 | G9: =$L$6 -> 2.04 | H9: =ROUNDUP(D9*G9,1) -> 20.4
A10: =식재공수량집계!A11 -> 소나무 | B10: =식재공수량집계!B11 -> H5.5xW2.5xR25 | C10: =식재공수량집계!C11 -> 주 | D10: =식재공수량집계!D11 -> 2 | E10: 30 | F10: =ROUNDUP(D10*E10,1) -> 60 | G10: =$L$6 -> 2.04 | H10: =ROUNDUP(D10*G10,1) -> 4.1
A11: =식재공수량집계!A12 -> 소나무 | B11: =식재공수량집계!B12 -> H3.5xR20 | C11: =식재공수량집계!C12 -> 주 | D11: =식재공수량집계!D12 -> 39 | E11: 20 | F11: =ROUNDUP(D11*E11,1) -> 780 | G11: =$L$5 -> 1.97 | H11: =ROUNDUP(D11*G11,1) -> 76.9
A12: =식재공수량집계!A13 -> 소나무 | B12: =식재공수량집계!B13 -> H2.5xR10 | C12: =식재공수량집계!C13 -> 주 | D12: =식재공수량집계!D13 -> 3 | E12: 15 | F12: =ROUNDUP(D12*E12,1) -> 45 | G12: =$L$4 -> 1.92 | H12: =ROUNDUP(D12*G12,1) -> 5.8
A13: =식재공수량집계!A14 -> 스트로브잣나무 | B13: =식재공수량집계!B14 -> H10.0xR26 | C13: =식재공수량집계!C14 -> 주 | D13: =식재공수량집계!D14 -> 2 | E13: 30 | F13: =ROUNDUP(D13*E13,1) -> 60 | G13: =$L$6 -> 2.04 | H13: =ROUNDUP(D13*G13,1) -> 4.1
A14: =식재공수량집계!A15 -> 스트로브잣나무 | B14: =식재공수량집계!B15 -> H8.0xR18 | C14: =식재공수량집계!C15 -> 주 | D14: =식재공수량집계!D15 -> 7 | E14: 20 | F14: =ROUNDUP(D14*E14,1) -> 140 | G14: =$L$5 -> 1.97 | H14: =ROUNDUP(D14*G14,1) -> 13.8
A15: =식재공수량집계!A16 -> 스트로브잣나무 | B15: =식재공수량집계!B16 -> H7.0xR22 | C15: =식재공수량집계!C16 -> 주 | D15: =식재공수량집계!D16 -> 12 | E15: 20 | F15: =ROUNDUP(D15*E15,1) -> 240 | G15: =$L$6 -> 2.04 | H15: =ROUNDUP(D15*G15,1) -> 24.5
A16: =식재공수량집계!A17 -> 스트로브잣나무 | B16: =식재공수량집계!B17 -> H6.0xR18 | C16: =식재공수량집계!C17 -> 주 | D16: =식재공수량집계!D17 -> 36 | E16: 20 | F16: =ROUNDUP(D16*E16,1) -> 720 | G16: =$L$5 -> 1.97 | H16: =ROUNDUP(D16*G16,1) -> 71
A17: =식재공수량집계!A18 -> 전나무 | B17: =식재공수량집계!B18 -> H16.0xW6.0xR44 | C17: =식재공수량집계!C18 -> 주 | D17: =식재공수량집계!D18 -> 8 | E17: 50 | F17: =ROUNDUP(D17*E17,1) -> 400 | G17: =$L$8 -> 2.22 | H17: =ROUNDUP(D17*G17,1) -> 17.8
A18: =식재공수량집계!A19 -> 전나무 | B18: =식재공수량집계!B19 -> H16.0xW5.0xR58 | C18: =식재공수량집계!C19 -> 주 | D18: =식재공수량집계!D19 -> 2 | E18: 50 | F18: =ROUNDUP(D18*E18,1) -> 100 | G18: =$L$8 -> 2.22 | H18: =ROUNDUP(D18*G18,1) -> 4.5
A19: =식재공수량집계!A20 -> 전나무 | B19: =식재공수량집계!B20 -> H16.0xR46 | C19: =식재공수량집계!C20 -> 주 | D19: =식재공수량집계!D20 -> 2 | E19: 50 | F19: =ROUNDUP(D19*E19,1) -> 100 | G19: =$L$8 -> 2.22 | H19: =ROUNDUP(D19*G19,1) -> 4.5
A20: =식재공수량집계!A21 -> 주목 | B20: =식재공수량집계!B21 -> H3.0xW2.0 | C20: =식재공수량집계!C21 -> 주 | D20: =식재공수량집계!D21 -> 4 | E20: 10 | F20: =ROUNDUP(D20*E20,1) -> 40 | G20: =$L$4 -> 1.92 | H20: =ROUNDUP(D20*G20,1) -> 7.7
A21: =식재공수량집계!A22 -> 주목 | B21: =식재공수량집계!B22 -> H2.5xW2.0 | C21: =식재공수량집계!C22 -> 주 | D21: =식재공수량집계!D22 -> 25 | E21: 10 | F21: =ROUNDUP(D21*E21,1) -> 250 | G21: =$L$4 -> 1.92 | H21: =ROUNDUP(D21*G21,1) -> 48
A22: =식재공수량집계!A23 -> 주목 | B22: =식재공수량집계!B23 -> H2.5xW1.5 | C22: =식재공수량집계!C23 -> 주 | D22: =식재공수량집계!D23 -> 1 | E22: 10 | F22: =ROUNDUP(D22*E22,1) -> 10 | G22: =$L$4 -> 1.92 | H22: =ROUNDUP(D22*G22,1) -> 2
A23: =식재공수량집계!A24 -> 주목 | B23: =식재공수량집계!B24 -> H2.5xW1.2 | C23: =식재공수량집계!C24 -> 주 | D23: =식재공수량집계!D24 -> 8 | E23: 10 | F23: =ROUNDUP(D23*E23,1) -> 80 | G23: =$L$4 -> 1.92 | H23: =ROUNDUP(D23*G23,1) -> 15.4
A24: =식재공수량집계!A25 -> 주목 | B24: =식재공수량집계!B25 -> H2.5xW1.0 | C24: =식재공수량집계!C25 -> 주 | D24: =식재공수량집계!D25 -> 1 | E24: 10 | F24: =ROUNDUP(D24*E24,1) -> 10 | G24: =$L$4 -> 1.92 | H24: =ROUNDUP(D24*G24,1) -> 2
A25: =식재공수량집계!A26 -> 감나무 | B25: =식재공수량집계!B26 -> H6.0xR30 | C25: =식재공수량집계!C26 -> 주 | D25: =식재공수량집계!D26 -> 2 | E25: 30 | F25: =ROUNDUP(D25*E25,1) -> 60 | G25: =$L$6 -> 2.04 | H25: =ROUNDUP(D25*G25,1) -> 4.1
A26: =식재공수량집계!A27 -> 감나무 | B26: =식재공수량집계!B27 -> H4.0xR15 | C26: =식재공수량집계!C27 -> 주 | D26: =식재공수량집계!D27 -> 2 | E26: 20 | F26: =ROUNDUP(D26*E26,1) -> 40 | G26: =$L$4 -> 1.92 | H26: =ROUNDUP(D26*G26,1) -> 3.9
A27: =식재공수량집계!A28 -> 느티나무 | B27: =식재공수량집계!B28 -> H12.0xR38 | C27: =식재공수량집계!C28 -> 주 | D27: =식재공수량집계!D28 -> 1 | E27: 40 | F27: =ROUNDUP(D27*E27,1) -> 40 | G27: =$L$7 -> 2.12 | H27: =ROUNDUP(D27*G27,1) -> 2.2
A28: =식재공수량집계!A29 -> 느티나무 | B28: =식재공수량집계!B29 -> H12.0xR36 | C28: =식재공수량집계!C29 -> 주 | D28: =식재공수량집계!D29 -> 1 | E28: 40 | F28: =ROUNDUP(D28*E28,1) -> 40 | G28: =$L$7 -> 2.12 | H28: =ROUNDUP(D28*G28,1) -> 2.2
A29: =식재공수량집계!A30 -> 느티나무 | B29: =식재공수량집계!B30 -> H9.0xR36 | C29: =식재공수량집계!C30 -> 주 | D29: =식재공수량집계!D30 -> 3 | E29: 40 | F29: =ROUNDUP(D29*E29,1) -> 120 | G29: =$L$7 -> 2.12 | H29: =ROUNDUP(D29*G29,1) -> 6.4
A30: =식재공수량집계!A31 -> 느티나무 | B30: =식재공수량집계!B31 -> H9.0xR34 | C30: =식재공수량집계!C31 -> 주 | D30: =식재공수량집계!D31 -> 3 | E30: 40 | F30: =ROUNDUP(D30*E30,1) -> 120 | G30: =$L$7 -> 2.12 | H30: =ROUNDUP(D30*G30,1) -> 6.4
A31: =식재공수량집계!A32 -> 느티나무 | B31: =식재공수량집계!B32 -> H9.0xR30 | C31: =식재공수량집계!C32 -> 주 | D31: =식재공수량집계!D32 -> 13 | E31: 30 | F31: =ROUNDUP(D31*E31,1) -> 390 | G31: =$L$5 -> 1.97 | H31: =ROUNDUP(D31*G31,1) -> 25.7
A32: =식재공수량집계!A33 -> 느티나무 | B32: =식재공수량집계!B33 -> H8.0xR20 | C32: =식재공수량집계!C33 -> 주 | D32: =식재공수량집계!D33 -> 1 | E32: 20 | F32: =ROUNDUP(D32*E32,1) -> 20 | G32: =$L$5 -> 1.97 | H32: =ROUNDUP(D32*G32,1) -> 2
A33: =식재공수량집계!A34 -> 단풍나무 | B33: =식재공수량집계!B34 -> H5.0xR20 | C33: =식재공수량집계!C34 -> 주 | D33: =식재공수량집계!D34 -> 1 | E33: 20 | F33: =ROUNDUP(D33*E33,1) -> 20 | G33: =$L$5 -> 1.97 | H33: =ROUNDUP(D33*G33,1) -> 2
A34: =식재공수량집계!A35 -> 당단풍 | B34: =식재공수량집계!B35 -> H6.0xW4.0xR28 | C34: =식재공수량집계!C35 -> 주 | D34: =식재공수량집계!D35 -> 1 | E34: 30 | F34: =ROUNDUP(D34*E34,1) -> 30 | G34: =$L$6 -> 2.04 | H34: =ROUNDUP(D34*G34,1) -> 2.1
A35: =식재공수량집계!A36 -> 당단풍 | B35: =식재공수량집계!B36 -> H6.0xW4.0 | C35: =식재공수량집계!C36 -> 주 | D35: =식재공수량집계!D36 -> 5 | E35: 40 | F35: =ROUNDUP(D35*E35,1) -> 200 | G35: =$L$5 -> 1.97 | H35: =ROUNDUP(D35*G35,1) -> 9.9
A36: =식재공수량집계!A37 -> 당단풍 | B36: =식재공수량집계!B37 -> H6.0xR40 | C36: =식재공수량집계!C37 -> 주 | D36: =식재공수량집계!D37 -> 1 | E36: 50 | F36: =ROUNDUP(D36*E36,1) -> 50 | G36: =$L$7 -> 2.12 | H36: =ROUNDUP(D36*G36,1) -> 2.2
A37: =식재공수량집계!A38 -> 당단풍 | B37: =식재공수량집계!B38 -> H5.0xR20 | C37: =식재공수량집계!C38 -> 주 | D37: =식재공수량집계!D38 -> 10 | E37: 20 | F37: =ROUNDUP(D37*E37,1) -> 200 | G37: =$L$5 -> 1.97 | H37: =ROUNDUP(D37*G37,1) -> 19.7
A38: =식재공수량집계!A39 -> 당단풍 | B38: =식재공수량집계!B39 -> H4.0xR20 | C38: =식재공수량집계!C39 -> 주 | D38: =식재공수량집계!D39 -> 2 | E38: 20 | F38: =ROUNDUP(D38*E38,1) -> 40 | G38: =$L$5 -> 1.97 | H38: =ROUNDUP(D38*G38,1) -> 4
A39: =식재공수량집계!A40 -> 당단풍 | B39: =식재공수량집계!B40 -> H3.5xR15 | C39: =식재공수량집계!C40 -> 주 | D39: =식재공수량집계!D40 -> 2 | E39: 20 | F39: =ROUNDUP(D39*E39,1) -> 40 | G39: =$L$4 -> 1.92 | H39: =ROUNDUP(D39*G39,1) -> 3.9
A40: =식재공수량집계!A41 -> 당단풍 | B40: =식재공수량집계!B41 -> H3.5xR12 | C40: =식재공수량집계!C41 -> 주 | D40: =식재공수량집계!D41 -> 2 | E40: 15 | F40: =ROUNDUP(D40*E40,1) -> 30 | G40: =$L$4 -> 1.92 | H40: =ROUNDUP(D40*G40,1) -> 3.9
A41: =식재공수량집계!A42 -> 당단풍 | B41: =식재공수량집계!B42 -> H3.0xR13 | C41: =식재공수량집계!C42 -> 주 | D41: =식재공수량집계!D42 -> 13 | E41: 15 | F41: =ROUNDUP(D41*E41,1) -> 195 | G41: =$L$4 -> 1.92 | H41: =ROUNDUP(D41*G41,1) -> 25
A42: =식재공수량집계!A43 -> 모과나무 | B42: =식재공수량집계!B43 -> H4.5xR20 | C42: =식재공수량집계!C43 -> 주 | D42: =식재공수량집계!D43 -> 2 | E42: 20 | F42: =ROUNDUP(D42*E42,1) -> 40 | G42: =$L$5 -> 1.97 | H42: =ROUNDUP(D42*G42,1) -> 4
A43: =식재공수량집계!A44 -> 밤나무 | B43: =식재공수량집계!B44 -> H3.5xR15 | C43: =식재공수량집계!C44 -> 주 | D43: =식재공수량집계!D44 -> 4 | E43: 20 | F43: =ROUNDUP(D43*E43,1) -> 80 | G43: =$L$4 -> 1.92 | H43: =ROUNDUP(D43*G43,1) -> 7.7
A44: =식재공수량집계!A45 -> 백목련 | B44: =식재공수량집계!B45 -> H13.0xW6.0xR60 | C44: =식재공수량집계!C45 -> 주 | D44: =식재공수량집계!D45 -> 1 | E44: 50 | F44: =ROUNDUP(D44*E44,1) -> 50 | G44: =$L$8 -> 2.22 | H44: =ROUNDUP(D44*G44,1) -> 2.3
A45: =식재공수량집계!A46 -> 백목련 | B45: =식재공수량집계!B46 -> H12.0xW4.0xR28 | C45: =식재공수량집계!C46 -> 주 | D45: =식재공수량집계!D46 -> 2 | E45: 30 | F45: =ROUNDUP(D45*E45,1) -> 60 | G45: =$L$6 -> 2.04 | H45: =ROUNDUP(D45*G45,1) -> 4.1
A46: =식재공수량집계!A47 -> 백목련 | B46: =식재공수량집계!B47 -> H10.0xR40 | C46: =식재공수량집계!C47 -> 주 | D46: =식재공수량집계!D47 -> 2 | E46: 50 | F46: =ROUNDUP(D46*E46,1) -> 100 | G46: =$L$7 -> 2.12 | H46: =ROUNDUP(D46*G46,1) -> 4.3
A47: =식재공수량집계!A48 -> 백목련 | B47: =식재공수량집계!B48 -> H3.5xR15 | C47: =식재공수량집계!C48 -> 주 | D47: =식재공수량집계!D48 -> 3 | E47: 20 | F47: =ROUNDUP(D47*E47,1) -> 60 | G47: =$L$4 -> 1.92 | H47: =ROUNDUP(D47*G47,1) -> 5.8
A48: =식재공수량집계!A49 -> 산딸나무 | B48: =식재공수량집계!B49 -> H3.5xR12 | C48: =식재공수량집계!C49 -> 주 | D48: =식재공수량집계!D49 -> 12 | E48: 15 | F48: =ROUNDUP(D48*E48,1) -> 180 | G48: =$L$4 -> 1.92 | H48: =ROUNDUP(D48*G48,1) -> 23.1
A49: =식재공수량집계!A50 -> 산수유 | B49: =식재공수량집계!B50 -> H3.5xR20 | C49: =식재공수량집계!C50 -> 주 | D49: =식재공수량집계!D50 -> 1 | E49: 20 | F49: =ROUNDUP(D49*E49,1) -> 20 | G49: =$L$5 -> 1.97 | H49: =ROUNDUP(D49*G49,1) -> 2
A50: =식재공수량집계!A51 -> 산수유 | B50: =식재공수량집계!B51 -> H3.5xR18 | C50: =식재공수량집계!C51 -> 주 | D50: =식재공수량집계!D51 -> 2 | E50: 20 | F50: =ROUNDUP(D50*E50,1) -> 40 | G50: =$L$5 -> 1.97 | H50: =ROUNDUP(D50*G50,1) -> 4
A51: =식재공수량집계!A52 -> 산수유 | B51: =식재공수량집계!B52 -> H3.5xR15 | C51: =식재공수량집계!C52 -> 주 | D51: =식재공수량집계!D52 -> 18 | E51: 20 | F51: =ROUNDUP(D51*E51,1) -> 360 | G51: =$L$4 -> 1.92 | H51: =ROUNDUP(D51*G51,1) -> 34.6
A52: =식재공수량집계!A53 -> 살구나무 | B52: =식재공수량집계!B53 -> H10.0xW5.0xR40 | C52: =식재공수량집계!C53 -> 주 | D52: =식재공수량집계!D53 -> 1 | E52: 50 | F52: =ROUNDUP(D52*E52,1) -> 50 | G52: =$L$7 -> 2.12 | H52: =ROUNDUP(D52*G52,1) -> 2.2
A53: =식재공수량집계!A54 -> 살구나무 | B53: =식재공수량집계!B54 -> H4.0xR12 | C53: =식재공수량집계!C54 -> 주 | D53: =식재공수량집계!D54 -> 7 | E53: 15 | F53: =ROUNDUP(D53*E53,1) -> 105 | G53: =$L$4 -> 1.92 | H53: =ROUNDUP(D53*G53,1) -> 13.5
A54: =식재공수량집계!A55 -> 왕벚나무 | B54: =식재공수량집계!B55 -> H12.0xR40 | C54: =식재공수량집계!C55 -> 주 | D54: =식재공수량집계!D55 -> 1 | E54: 50 | F54: =ROUNDUP(D54*E54,1) -> 50 | G54: =$L$7 -> 2.12 | H54: =ROUNDUP(D54*G54,1) -> 2.2
A55: =식재공수량집계!A56 -> 왕벚나무 | B55: =식재공수량집계!B56 -> H10.0xW4.0xR30 | C55: =식재공수량집계!C56 -> 주 | D55: =식재공수량집계!D56 -> 1 | E55: 30 | F55: =ROUNDUP(D55*E55,1) -> 30 | G55: =$L$6 -> 2.04 | H55: =ROUNDUP(D55*G55,1) -> 2.1
A56: =식재공수량집계!A57 -> 왕벚나무 | B56: =식재공수량집계!B57 -> H10.0xR36 | C56: =식재공수량집계!C57 -> 주 | D56: =식재공수량집계!D57 -> 1 | E56: 40 | F56: =ROUNDUP(D56*E56,1) -> 40 | G56: =$L$7 -> 2.12 | H56: =ROUNDUP(D56*G56,1) -> 2.2
A57: =식재공수량집계!A58 -> 왕벚나무 | B57: =식재공수량집계!B58 -> H9.0xR24 | C57: =식재공수량집계!C58 -> 주 | D57: =식재공수량집계!D58 -> 1 | E57: 20 | F57: =ROUNDUP(D57*E57,1) -> 20 | G57: =$L$6 -> 2.04 | H57: =ROUNDUP(D57*G57,1) -> 2.1
A58: =식재공수량집계!A59 -> 왕벚나무 | B58: =식재공수량집계!B59 -> H8.0xR30 | C58: =식재공수량집계!C59 -> 주 | D58: =식재공수량집계!D59 -> 4 | E58: 30 | F58: =ROUNDUP(D58*E58,1) -> 120 | G58: =$L$6 -> 2.04 | H58: =ROUNDUP(D58*G58,1) -> 8.2
A59: =식재공수량집계!A60 -> 왕벚나무 | B59: =식재공수량집계!B60 -> H7.0xR15 | C59: =식재공수량집계!C60 -> 주 | D59: =식재공수량집계!D60 -> 3 | E59: 20 | F59: =ROUNDUP(D59*E59,1) -> 60 | G59: =$L$4 -> 1.92 | H59: =ROUNDUP(D59*G59,1) -> 5.8
A60: =식재공수량집계!A61 -> 왕벚나무 | B60: =식재공수량집계!B61 -> H6.0xW3.0xR24 | C60: =식재공수량집계!C61 -> 주 | D60: =식재공수량집계!D61 -> 3 | E60: 20 | F60: =ROUNDUP(D60*E60,1) -> 60 | G60: =$L$6 -> 2.04 | H60: =ROUNDUP(D60*G60,1) -> 6.2
A61: =식재공수량집계!A62 -> 왕벚나무 | B61: =식재공수량집계!B62 -> H6.0xW3.0xR18 | C61: =식재공수량집계!C62 -> 주 | D61: =식재공수량집계!D62 -> 3 | E61: 20 | F61: =ROUNDUP(D61*E61,1) -> 60 | G61: =$L$5 -> 1.97 | H61: =ROUNDUP(D61*G61,1) -> 6
A62: =식재공수량집계!A63 -> 왕벚나무 | B62: =식재공수량집계!B63 -> H6.0xR38 | C62: =식재공수량집계!C63 -> 주 | D62: =식재공수량집계!D63 -> 1 | E62: 40 | F62: =ROUNDUP(D62*E62,1) -> 40 | G62: =$L$7 -> 2.12 | H62: =ROUNDUP(D62*G62,1) -> 2.2
A63: =식재공수량집계!A64 -> 왕벚나무 | B63: =식재공수량집계!B64 -> H6.0xR26 | C63: =식재공수량집계!C64 -> 주 | D63: =식재공수량집계!D64 -> 15 | E63: 30 | F63: =ROUNDUP(D63*E63,1) -> 450 | G63: =$L$6 -> 2.04 | H63: =ROUNDUP(D63*G63,1) -> 30.6
A64: =식재공수량집계!A65 -> 왕벚나무 | B64: =식재공수량집계!B65 -> H5.0xR22 | C64: =식재공수량집계!C65 -> 주 | D64: =식재공수량집계!D65 -> 5 | E64: 20 | F64: =ROUNDUP(D64*E64,1) -> 100 | G64: =$L$6 -> 2.04 | H64: =ROUNDUP(D64*G64,1) -> 10.2
A65: =식재공수량집계!A66 -> 왕벚나무 | B65: =식재공수량집계!B66 -> H5.0xR15 | C65: =식재공수량집계!C66 -> 주 | D65: =식재공수량집계!D66 -> 6 | E65: 20 | F65: =ROUNDUP(D65*E65,1) -> 120 | G65: =$L$4 -> 1.92 | H65: =ROUNDUP(D65*G65,1) -> 11.6
A66: =식재공수량집계!A67 -> 은행나무 | B66: =식재공수량집계!B67 -> H5.0xR15 | C66: =식재공수량집계!C67 -> 주 | D66: =식재공수량집계!D67 -> 11 | E66: 20 | F66: =ROUNDUP(D66*E66,1) -> 220 | G66: =$L$4 -> 1.92 | H66: =ROUNDUP(D66*G66,1) -> 21.2
A67: =식재공수량집계!A68 -> 은행나무 | B67: =식재공수량집계!B68 -> H5.0xR12 | C67: =식재공수량집계!C68 -> 주 | D67: =식재공수량집계!D68 -> 2 | E67: 15 | F67: =ROUNDUP(D67*E67,1) -> 30 | G67: =$L$4 -> 1.92 | H67: =ROUNDUP(D67*G67,1) -> 3.9
A68: =식재공수량집계!A69 -> 이팝나무 | B68: =식재공수량집계!B69 -> H8.0xW3.0xR24 | C68: =식재공수량집계!C69 -> 주 | D68: =식재공수량집계!D69 -> 7 | E68: 20 | F68: =ROUNDUP(D68*E68,1) -> 140 | G68: =$L$6 -> 2.04 | H68: =ROUNDUP(D68*G68,1) -> 14.3
A69: =식재공수량집계!A70 -> 이팝나무 | B69: =식재공수량집계!B70 -> H5.0xR12 | C69: =식재공수량집계!C70 -> 주 | D69: =식재공수량집계!D70 -> 19 | E69: 15 | F69: =ROUNDUP(D69*E69,1) -> 285 | G69: =$L$4 -> 1.92 | H69: =ROUNDUP(D69*G69,1) -> 36.5
A70: =식재공수량집계!A71 -> 자두나무 | B70: =식재공수량집계!B71 -> H5.0xR30 | C70: =식재공수량집계!C71 -> 주 | D70: =식재공수량집계!D71 -> 2 | E70: 30 | F70: =ROUNDUP(D70*E70,1) -> 60 | G70: =$L$6 -> 2.04 | H70: =ROUNDUP(D70*G70,1) -> 4.1
A71: =식재공수량집계!A72 -> 청단풍 | B71: =식재공수량집계!B72 -> H3.0xR13 | C71: =식재공수량집계!C72 -> 주 | D71: =식재공수량집계!D72 -> 5 | E71: 15 | F71: =ROUNDUP(D71*E71,1) -> 75 | G71: =$L$4 -> 1.92 | H71: =ROUNDUP(D71*G71,1) -> 9.6
A72: =식재공수량집계!A73 -> 칠엽수 | B72: =식재공수량집계!B73 -> H7.0xR20 | C72: =식재공수량집계!C73 -> 주 | D72: =식재공수량집계!D73 -> 3 | E72: 20 | F72: =ROUNDUP(D72*E72,1) -> 60 | G72: =$L$5 -> 1.97 | H72: =ROUNDUP(D72*G72,1) -> 6
A73: =식재공수량집계!A74 -> 칠엽수 | B73: =식재공수량집계!B74 -> H5.0xW3.5xR12 | C73: =식재공수량집계!C74 -> 주 | D73: =식재공수량집계!D74 -> 3 | E73: 15 | F73: =ROUNDUP(D73*E73,1) -> 45 | G73: =$L$4 -> 1.92 | H73: =ROUNDUP(D73*G73,1) -> 5.8
A74: =식재공수량집계!A76 -> 계수나무 | B74: =식재공수량집계!B76 -> H4.5xR15 | C74: =식재공수량집계!C76 -> 주 | D74: =식재공수량집계!D76 -> 29 | E74: 20 | F74: =ROUNDUP(D74*E74,1) -> 580 | G74: =$L$4 -> 1.92 | H74: =ROUNDUP(D74*G74,1) -> 55.7
A75: =식재공수량집계!A77 -> 꽃사과 | B75: =식재공수량집계!B77 -> H3.0xR8 | C75: =식재공수량집계!C77 -> 주 | D75: =식재공수량집계!D77 -> 36 | E75: 10 | F75: =ROUNDUP(D75*E75,1) -> 360 | G75: =$L$4 -> 1.92 | H75: =ROUNDUP(D75*G75,1) -> 69.2
A76: =식재공수량집계!A78 -> 느티나무 | B76: =식재공수량집계!B78 -> H5.0xR30 | C76: =식재공수량집계!C78 -> 주 | D76: =식재공수량집계!D78 -> 3 | E76: 30 | F76: =ROUNDUP(D76*E76,1) -> 90 | G76: =$L$6 -> 2.04 | H76: =ROUNDUP(D76*G76,1) -> 6.2
A77: =식재공수량집계!A79 -> 때죽나무 | B77: =식재공수량집계!B79 -> H3.5xR10 | C77: =식재공수량집계!C79 -> 주 | D77: =식재공수량집계!D79 -> 19 | E77: 15 | F77: =ROUNDUP(D77*E77,1) -> 285 | G77: =$L$4 -> 1.92 | H77: =ROUNDUP(D77*G77,1) -> 36.5
A78: =식재공수량집계!A80 -> 매화나무 | B78: =식재공수량집계!B80 -> H3.5xR10 | C78: =식재공수량집계!C80 -> 주 | D78: =식재공수량집계!D80 -> 6 | E78: 15 | F78: =ROUNDUP(D78*E78,1) -> 90 | G78: =$L$4 -> 1.92 | H78: =ROUNDUP(D78*G78,1) -> 11.6
A79: =식재공수량집계!A81 -> 산딸나무 | B79: =식재공수량집계!B81 -> H3.5xR12 | C79: =식재공수량집계!C81 -> 주 | D79: =식재공수량집계!D81 -> 41 | E79: 15 | F79: =ROUNDUP(D79*E79,1) -> 615 | G79: =$L$4 -> 1.92 | H79: =ROUNDUP(D79*G79,1) -> 78.8
A80: =식재공수량집계!A82 -> 산수유 | B80: =식재공수량집계!B82 -> H3.5xR15 | C80: =식재공수량집계!C82 -> 주 | D80: =식재공수량집계!D82 -> 17 | E80: 20 | F80: =ROUNDUP(D80*E80,1) -> 340 | G80: =$L$4 -> 1.92 | H80: =ROUNDUP(D80*G80,1) -> 32.7
A81: =식재공수량집계!A83 -> 왕벚나무 | B81: =식재공수량집계!B83 -> H4.0xB12 | C81: =식재공수량집계!C83 -> 주 | D81: =식재공수량집계!D83 -> 20 | E81: 20 | F81: =ROUNDUP(D81*E81,1) -> 400 | G81: =$L$4 -> 1.92 | H81: =ROUNDUP(D81*G81,1) -> 38.4
A82: =식재공수량집계!A84 -> 참나무 | B82: =식재공수량집계!B84 -> H5.0xR25 | C82: =식재공수량집계!C84 -> 주 | D82: =식재공수량집계!D84 -> 10 | E82: 30 | F82: =ROUNDUP(D82*E82,1) -> 300 | G82: =$L$6 -> 2.04 | H82: =ROUNDUP(D82*G82,1) -> 20.4
A83: =식재공수량집계!A85 -> 청단풍 | B83: =식재공수량집계!B85 -> H3.5xR15 | C83: =식재공수량집계!C85 -> 주 | D83: =식재공수량집계!D85 -> 20 | E83: 20 | F83: =ROUNDUP(D83*E83,1) -> 400 | G83: =$L$4 -> 1.92 | H83: =ROUNDUP(D83*G83,1) -> 38.4
A84: =식재공수량집계!A86 -> 팥배나무 | B84: =식재공수량집계!B86 -> H4.0xR12 | C84: =식재공수량집계!C86 -> 주 | D84: =식재공수량집계!D86 -> 10 | E84: 15 | F84: =ROUNDUP(D84*E84,1) -> 150 | G84: =$L$4 -> 1.92 | H84: =ROUNDUP(D84*G84,1) -> 19.2
A85: =식재공수량집계!A87 -> 팽나무 | B85: =식재공수량집계!B87 -> H6.0xR30 | C85: =식재공수량집계!C87 -> 주 | D85: =식재공수량집계!D87 -> 1 | E85: 30 | F85: =ROUNDUP(D85*E85,1) -> 30 | G85: =$L$6 -> 2.04 | H85: =ROUNDUP(D85*G85,1) -> 2.1
A86: =식재공수량집계!A88 -> 팽나무 | B86: =식재공수량집계!B88 -> H5.0xR20 | C86: =식재공수량집계!C88 -> 주 | D86: =식재공수량집계!D88 -> 5 | E86: 20 | F86: =ROUNDUP(D86*E86,1) -> 100 | G86: =$L$5 -> 1.97 | H86: =ROUNDUP(D86*G86,1) -> 9.9
A87: =식재공수량집계!A90 -> 남천 | B87: =식재공수량집계!B90 -> H1.0x3가지 | C87: =식재공수량집계!C90 -> 주 | D87: =식재공수량집계!D90 -> 400 | E87: 1 | F87: =ROUNDUP(D87*E87,1) -> 400
A88: =식재공수량집계!A91 -> 피라칸사스 | B88: =식재공수량집계!B91 -> H1.0xW0.3 | C88: =식재공수량집계!C91 -> 주 | D88: =식재공수량집계!D91 -> 700 | E88: 1 | F88: =ROUNDUP(D88*E88,1) -> 700
A89: =식재공수량집계!A92 -> 회양목 | B89: =식재공수량집계!B92 -> H0.3xW0.3 | C89: =식재공수량집계!C92 -> 주 | D89: =식재공수량집계!D92 -> 700 | E89: 0.5 | F89: =ROUNDUP(D89*E89,1) -> 350
A90: =식재공수량집계!A93 -> 낙상홍 | B90: =식재공수량집계!B93 -> H1.0xW0.4 | C90: =식재공수량집계!C93 -> 주 | D90: =식재공수량집계!D93 -> 200 | E90: 1 | F90: =ROUNDUP(D90*E90,1) -> 200
A91: =식재공수량집계!A94 -> 박태기 | B91: =식재공수량집계!B94 -> H1.0xW0.3 | C91: =식재공수량집계!C94 -> 주 | D91: =식재공수량집계!D94 -> 840 | E91: 1 | F91: =ROUNDUP(D91*E91,1) -> 840
A92: =식재공수량집계!A95 -> 백철쭉 | B92: =식재공수량집계!B95 -> H0.3xW0.3 | C92: =식재공수량집계!C95 -> 주 | D92: =식재공수량집계!D95 -> 700 | E92: 0.5 | F92: =ROUNDUP(D92*E92,1) -> 350
A93: =식재공수량집계!A96 -> 산수국 | B93: =식재공수량집계!B96 -> H0.3xW0.4 | C93: =식재공수량집계!C96 -> 주 | D93: =식재공수량집계!D96 -> 1000 | E93: 0.5 | F93: =ROUNDUP(D93*E93,1) -> 500
A94: =식재공수량집계!A97 -> 산철쭉 | B94: =식재공수량집계!B97 -> H0.3xW0.3 | C94: =식재공수량집계!C97 -> 주 | D94: =식재공수량집계!D97 -> 1500 | E94: 0.5 | F94: =ROUNDUP(D94*E94,1) -> 750
A95: =식재공수량집계!A98 -> 삼색조팝 | B95: =식재공수량집계!B98 -> H1.0xW0.3 | C95: =식재공수량집계!C98 -> 주 | D95: =식재공수량집계!D98 -> 600 | E95: 0.5 | F95: =ROUNDUP(D95*E95,1) -> 300
A96: =식재공수량집계!A99 -> 수수꽃다리 | B96: =식재공수량집계!B99 -> H1.2xW0.3 | C96: =식재공수량집계!C99 -> 주 | D96: =식재공수량집계!D99 -> 600 | E96: 2 | F96: =ROUNDUP(D96*E96,1) -> 1200
A97: =식재공수량집계!A100 -> 영산홍 | B97: =식재공수량집계!B100 -> H0.3xW0.3 | C97: =식재공수량집계!C100 -> 주 | D97: =식재공수량집계!D100 -> 1000 | E97: 0.5 | F97: =ROUNDUP(D97*E97,1) -> 500
A98: =식재공수량집계!A101 -> 자산홍 | B98: =식재공수량집계!B101 -> H0.3xW0.3 | C98: =식재공수량집계!C101 -> 주 | D98: =식재공수량집계!D101 -> 1000 | E98: 0.5 | F98: =ROUNDUP(D98*E98,1) -> 500
... A100: =식재공수량집계!A103 -> 화살나무 | B100: =식재공수량집계!B103 -> H0.8xW0.4 | C100: =식재공수량집계!C103 -> 주 | D100: =식재공수량집계!D103 -> 600 | E100: 1 | F100: =ROUNDUP(D100*E100,1) -> 600
A101: =식재공수량집계!A105 -> 그린라이트억새 | B101: =식재공수량집계!B105 -> 5~6분얼 | C101: =식재공수량집계!C105 -> 본 | D101: =식재공수량집계!D105 -> 1900 | E101: 0.1 | F101: =ROUNDUP(D101*E101,1) -> 190
...

Sheet 식재공운반집계표
A1: ■식재공 운반 집계표
A2: 시 설 명 | B2: 규 격 | C2: 단위 | D2: 총 수 량 | E2: 단위중량 (kg) | F2: 양중 | H2: 지게운반 | N2: 비 고
H3: 290M | J3: 200M | L3: 100M
F4: 적용수량 | G4: 합계 | H4: 적용수량 | I4: 합계 | J4: 적용수량 | K4: 합계 | L4: 적용수량 | M4: 합계
A5: =식재공수량집계!A4 -> 1)이식 | B5: =식재공수량집계!B4 | C5: =식재공수량집계!C4 -> 0 | D5: =식재공수량집계!D4 -> 0 | E5: =식재공수량집계!E4 -> 3290.4653 | F5: =D5 -> 0 | G5: =E5*F5 -> 0 | I5: =E5*H5 -> 0 | K5: =E5*J5 -> 0 | M5: =E5*L5 -> 0
A6: =식재공수량집계!A5 -> 금송 | B6: =식재공수량집계!B5 -> H8.0xR25 | C6: =식재공수량집계!C5 -> 주 | D6: =식재공수량집계!D5 -> 2 | E6: =식재공수량집계!E5 -> 55.33852 | F6: =D6 -> 2 | G6: =E6*F6 -> 110.67704 | I6: =E6*H6 -> 0 | K6: =E6*J6 -> 0 | M6: =E6*L6 -> 0
A7: =식재공수량집계!A6 -> 금송 | B7: =식재공수량집계!B6 -> H7.0xW3.5 | C7: =식재공수량집계!C6 -> 주 | D7: 21 | E7: =식재공수량집계!E6 -> 29.840522 | F7: =D7 -> 21 | G7: =E7*F7 -> 626.65097 | I7: =E7*H7 -> 0 | K7: =E7*J7 -> 0 | M7: =E7*L7 -> 0
A8: =식재공수량집계!A7 -> 금송 | B8: =식재공수량집계!B7 -> H5.0xW2.5 | C8: =식재공수량집계!C7 -> 주 | D8: =식재공수량집계!D7 -> 2 | E8: =식재공수량집계!E7 -> 1352.84 | F8: =D8 -> 2 | G8: =E8*F8 -> 2705.6801 | H8: 0 | I8: =E8*H8 -> 0 | K8: =E8*J8 -> 0 | M8: =E8*L8 -> 0
A9: =식재공수량집계!A9 -> 소나무 | B9: =식재공수량집계!B9 -> H10.0xW5.0xR36 | C9: =식재공수량집계!C9 -> 주 | D9: 18 | E9: =식재공수량집계!E9 -> 182.35188 | F9: =D9 -> 18 | G9: =E9*F9 -> 3282.3338 | I9: =E9*H9 -> 0 | K9: =E9*J9 -> 0 | M9: =E9*L9 -> 0
A10: =식재공수량집계!A75 -> 2)교목식재 | B10: =식재공수량집계!B75 | C10: =식재공수량집계!C75 -> 0 | D10: =식재공수량집계!D75 -> 0 | E10: =식재공수량집계!E75 -> 29.840522 | F10: =D10 -> 0 | G10: =E10*F10 -> 0 | I10: =E10*H10 -> 0 | K10: =E10*J10 -> 0 | M10: =E10*L10 -> 0
A11: =식재공수량집계!A78 -> 느티나무 | B11: =식재공수량집계!B78 -> H5.0xR30 | C11: =식재공수량집계!C78 -> 주 | D11: =식재공수량집계!D78 -> 3 | E11: =식재공수량집계!E78 -> 0 | F11: =D11 -> 3 | G11: =E11*F11 -> 0 | I11: =E11*H11 -> 0 | K11: =E11*J11 -> 0 | M11: =E11*L11 -> 0
A12: =식재공수량집계!A80 -> 매화나무 | B12: =식재공수량집계!B80 -> H3.5xR10 | C12: =식재공수량집계!C80 -> 주 | D12: =식재공수량집계!D80 -> 6 | E12: =식재공수량집계!E80 -> 0 | F12: =D12 -> 6 | G12: =E12*F12 -> 0 | I12: =E12*H12 -> 0 | K12: =E12*J12 -> 0 | M12: =E12*L12 -> 0
A13: =식재공수량집계!#REF! -> #REF! | B13: =식재공수량집계!#REF! -> #REF! | C13: =식재공수량집계!#REF! -> #REF! | D13: =식재공수량집계!#REF! -> #REF! | E13: =식재공수량집계!#REF! -> #REF! | F13: =D13 -> #REF! | G13: =E13*F13 -> #REF! | I13: =E13*H13 -> #REF! | K13: =E13*J13 -> #REF! | M13: =E13*L13 -> #REF!
A14: =식재공수량집계!A81 -> 산딸나무 | B14: =식재공수량집계!B81 -> H3.5xR12 | C14: =식재공수량집계!C81 -> 주 | D14: =식재공수량집계!D81 -> 41 | E14: =식재공수량집계!E81 -> 0 | F14: =D14 -> 41 | G14: =E14*F14 -> 0 | I14: =E14*H14 -> 0 | K14: =E14*J14 -> 0 | M14: =E14*L14 -> 0
A15: =식재공수량집계!#REF! -> #REF! | B15: =식재공수량집계!#REF! -> #REF! | C15: =식재공수량집계!#REF! -> #REF! | D15: =식재공수량집계!#REF! -> #REF! | E15: =식재공수량집계!#REF! -> #REF! | F15: =D15 -> #REF! | G15: =E15*F15 -> #REF! | I15: =E15*H15 -> #REF! | K15: =E15*J15 -> #REF! | M15: =E15*L15 -> #REF!
A16: =식재공수량집계!A82 -> 산수유 | B16: =식재공수량집계!B82 -> H3.5xR15 | C16: =식재공수량집계!C82 -> 주 | D16: 1330 | E16: =식재공수량집계!E82 -> 0 | F16: =D16 -> 1330 | G16: =E16*F16 -> 0 | H16: 0 | I16: =E16*H16 -> 0 | K16: =E16*J16 -> 0 | M16: =E16*L16 -> 0
A17: =식재공수량집계!A83 -> 왕벚나무 | B17: =식재공수량집계!B83 -> H4.0xB12 | C17: =식재공수량집계!C83 -> 주 | D17: 860 | E17: =식재공수량집계!E83 -> 0 | F17: =D17 -> 860 | G17: =E17*F17 -> 0 | H17: 0 | I17: =E17*H17 -> 0 | K17: =E17*J17 -> 0 | M17: =E17*L17 -> 0
A18: =식재공수량집계!A84 -> 참나무 | B18: =식재공수량집계!B84 -> H5.0xR25 | C18: =식재공수량집계!C84 -> 주 | D18: 1200 | E18: =식재공수량집계!E84 -> 0 | F18: =D18 -> 1200 | G18: =E18*F18 -> 0 | I18: =E18*H18 -> 0 | K18: =E18*J18 -> 0 | M18: =E18*L18 -> 0
A19: =식재공수량집계!A85 -> 청단풍 | B19: =식재공수량집계!B85 -> H3.5xR15 | C19: =식재공수량집계!C85 -> 주 | D19: =식재공수량집계!D85 -> 20 | E19: =식재공수량집계!E85 -> 0 | F19: =D19 -> 20 | G19: =E19*F19 -> 0 | I19: =E19*H19 -> 0 | K19: =E19*J19 -> 0 | M19: =E19*L19 -> 0
A20: =식재공수량집계!A86 -> 팥배나무 | B20: =식재공수량집계!B86 -> H4.0xR12 | C20: =식재공수량집계!C86 -> 주 | D20: 470 | E20: =식재공수량집계!E86 -> 0 | F20: =D20 -> 470 | G20: =E20*F20 -> 0 | I20: =E20*H20 -> 0 | K20: =E20*J20 -> 0 | M20: =E20*L20 -> 0
A21: =식재공수량집계!#REF! -> #REF! | B21: =식재공수량집계!#REF! -> #REF! | C21: =식재공수량집계!#REF! -> #REF! | D21: 540 | E21: =식재공수량집계!#REF! -> #REF! | F21: =D21 -> 540 | G21: =E21*F21 -> #REF! | I21: =E21*H21 -> #REF! | K21: =E21*J21 -> #REF! | M21: =E21*L21 -> #REF!
A22: =식재공수량집계!A88 -> 팽나무 | B22: =식재공수량집계!B88 -> H5.0xR20 | C22: =식재공수량집계!C88 -> 주 | D22: 300 | E22: =식재공수량집계!E88 -> 0 | F22: =D22 -> 300 | G22: =E22*F22 -> 0 | I22: =E22*H22 -> 0 | K22: =E22*J22 -> 0 | M22: =E22*L22 -> 0
A23: =식재공수량집계!#REF! -> #REF! | B23: =식재공수량집계!#REF! -> #REF! | C23: =식재공수량집계!#REF! -> #REF! | D23: 1150 | E23: =식재공수량집계!#REF! -> #REF! | F23: =D23 -> 1150 | G23: =E23*F23 -> #REF! | I23: =E23*H23 -> #REF! | K23: =E23*J23 -> #REF! | M23: =E23*L23 -> #REF!
A24: =식재공수량집계!#REF! -> #REF! | B24: =식재공수량집계!#REF! -> #REF! | C24: =식재공수량집계!#REF! -> #REF! | D24: 780 | E24: =식재공수량집계!#REF! -> #REF! | F24: =D24 -> 780 | G24: =E24*F24 -> #REF! | I24: =E24*H24 -> #REF! | K24: =E24*J24 -> #REF! | M24: =E24*L24 -> #REF!
A25: =식재공수량집계!A90 -> 남천 | B25: =식재공수량집계!B90 -> H1.0x3가지 | C25: =식재공수량집계!C90 -> 주 | D25: 5010 | E25: =식재공수량집계!E90 -> 0 | F25: =D25 -> 5010 | G25: =E25*F25 -> 0 | I25: =E25*H25 -> 0 | K25: =E25*J25 -> 0 | M25: =E25*L25 -> 0
A26: =식재공수량집계!A91 -> 피라칸사스 | B26: =식재공수량집계!B91 -> H1.0xW0.3 | C26: =식재공수량집계!C91 -> 주 | D26: 750 | E26: =식재공수량집계!E91 -> 0 | F26: =D26 -> 750 | G26: =E26*F26 -> 0 | I26: =E26*H26 -> 0 | K26: =E26*J26 -> 0 | M26: =E26*L26 -> 0
A27: =식재공수량집계!A110 -> 모닝라이트억새 | B27: =식재공수량집계!B110 -> 15cm포트 | C27: =식재공수량집계!C110 -> 본 | D27: 2060 | E27: =식재공수량집계!E110 -> 0 | F27: =D27 -> 2060 | G27: =E27*F27 -> 0 | I27: =E27*H27 -> 0 | K27: =E27*J27 -> 0 | M27: =E27*L27 -> 0
A28: =식재공수량집계!A111 -> 붉은토끼풀 | B28: =식재공수량집계!B111 -> 10cm | C28: =식재공수량집계!C111 -> 본 | D28: 1510 | E28: =식재공수량집계!E111 -> 0 | F28: =D28 -> 1510 | G28: =E28*F28 -> 0 | I28: =E28*H28 -> 0 | K28: =E28*J28 -> 0 | M28: =E28*L28 -> 0
A29: =식재공수량집계!A112 -> 비비추 | B29: =식재공수량집계!B112 -> 2~3분얼x8cm | C29: =식재공수량집계!C112 -> 본 | D29: 1030 | E29: =식재공수량집계!E112 -> 0 | F29: =D29 -> 1030 | G29: =E29*F29 -> 0 | I29: =E29*H29 -> 0 | K29: =E29*J29 -> 0 | M29: =E29*L29 -> 0
A30: =식재공수량집계!A113 -> 세이지 | B30: =식재공수량집계!B113 -> 10cm | C30: =식재공수량집계!C113 -> 본 | D30: 1730 | E30: =식재공수량집계!E113 -> 0 | F30: =D30 -> 1730 | G30: =E30*F30 -> 0 | I30: =E30*H30 -> 0 | K30: =E30*J30 -> 0 | M30: =E30*L30 -> 0
A31: =식재공수량집계!A114 -> 수선화 | B31: =식재공수량집계!B114 -> 개화구 | C31: =식재공수량집계!C114 -> 본 | D31: 510 | E31: =식재공수량집계!E114 -> 0 | F31: =D31 -> 510 | G31: =E31*F31 -> 0 | I31: =E31*H31 -> 0 | K31: =E31*J31 -> 0 | M31: =E31*L31 -> 0
A32: =식재공수량집계!A115 -> 수크령 | B32: =식재공수량집계!B115 -> 15cm | C32: =식재공수량집계!C115 -> 본 | D32: 36 | E32: =식재공수량집계!E115 -> 0 | F32: =D32 -> 36 | G32: =E32*F32 -> 0 | I32: =E32*H32 -> 0 | K32: =E32*J32 -> 0 | M32: =E32*L32 -> 0
A34: 합계 | F34: =SUM(G5:G33) -> #REF! | H34: =SUM(I5:I33) -> #REF! | J34: =SUM(K5:K33) -> #REF! | L34: =SUM(M5:M33) -> #REF!

Sheet 시설공
G8: 시설공

Sheet 시설공수량집계
A1: ■시설공수량집계표
A2: 시 설 명 | B2: 규 격 | C2: 단 위 | D2: 수 량 | E2: 비 고
A4: 파고라 | B4: 4000x3600xH2710 | C4: 개소 | D4: 3 | E4: 관급
A5: 등의자 | B5: 1600x580xH700 | C5: 개소 | D5: 21 | E5: 관급
A6: 야외테이블 | B6: D900xH730 | C6: SET | D6: 5 | E6: 사급
A7: 연식벤치 | B7: H810,L=15.0m | C7: 개소 | D7: 2 | E7: 사급
A8: 통석스탠드 | B8: W500xH400 | C8: m | D8: 33 | E8: 현장설치
A9: 전망스탠드 | B9: - | C9: 식 | D9: 1 | E9: 현장설치
A10: 계단A | B10: W4000 x 14단, H150 | C10: 개소 | D10: 1 | E10: 현장설치
A11: 계단B | B11: W1500 x 18단, H180 | C11: 개소 | D11: 1 | E11: 현장설치
A12: 계단C | B12: W2500 x 7단, H150 | C12: 개소 | D12: 1 | E12: 현장설치
A13: 계단D | B13: W2000 x 14단, H150 | C13: 개소 | D13: 1 | E13: 현장설치
A14: 목재계단A | B14: W2000xH150 | C14: 단 | D14: 29 | E14: 현장설치
A15: 목재계단B | B15: W1500xH150 | C15: 단 | D15: 16 | E15: 현장설치
... A43: 볼라드 | B43: D110x850 | C43: 개소 | D43: 10 | E43: 관급

Sheet 시설공관급자재집계표1
A1: ■시설공 관급자재집계표-1
A2: 시 설 명 | B2: 규 격 | C2: 단위 | D2: 수량 | E2: =A5 -> 파고라 | G2: =A6 -> 등의자 | I2: 목재데크(m2) | K2: 디자인형휀스 | O2: =A35 -> 볼라드 | Q2: 비 고
E3: =B5 -> 4000x3600xH2710 | G3: =B6 -> 1600x580xH700 | I3: 90xT21 | K3: W1500×H1200mm | O3: =B35 -> D110x850
E4: 단위수량 | F4: 합계수량 | G4: 단위수량 | H4: 합계수량 | I4: 단위수량 | J4: 합계수량 | K4: 단위수량 | L4: 합계수량 | M4: 단위수량 | N4: 합계수량 | O4: 단위수량 | P4: 합계수량
A5: =시설공수량집계!A4 -> 파고라 | B5: =시설공수량집계!B4 -> 4000x3600xH2710 | C5: =시설공수량집계!C4 -> 개소 | D5: =시설공수량집계!D4 -> 3 | E5: 1 | F5: =E5*$D5 -> 3 | H5: =G5*$D5 -> 0 | J5: =I5*$D5 -> 0 | L5: =K5*$D5 -> 0 | N5: =M5*$D5 -> 0 | P5: =O5*$D5 -> 0
A6: =시설공수량집계!A5 -> 등의자 | B6: =시설공수량집계!B5 -> 1600x580xH700 | C6: =시설공수량집계!C5 -> 개소 | D6: =시설공수량집계!D5 -> 21 | F6: =E6*$D6 -> 0 | G6: 1 | H6: =G6*$D6 -> 21 | J6: =I6*$D6 -> 0 | L6: =K6*$D6 -> 0 | N6: =M6*$D6 -> 0 | P6: =O6*$D6 -> 0
A7: =시설공수량집계!A8 -> 통석스탠드 | B7: =시설공수량집계!B8 -> W500xH400 | C7: =시설공수량집계!C8 -> m | D7: =시설공수량집계!D8 -> 33 | F7: =E7*$D7 -> 0 | G7: 0 | H7: =G7*$D7 -> 0 | J7: =I7*$D7 -> 0 | L7: =K7*$D7 -> 0 | N7: =M7*$D7 -> 0 | P7: =O7*$D7 -> 0
A8: =시설공수량집계!A9 -> 전망스탠드 | B8: =시설공수량집계!B9 -> - | C8: =시설공수량집계!C9 -> 식 | D8: =시설공수량집계!D9 -> 1 | F8: =E8*$D8 -> 0 | G8: 0 | H8: =G8*$D8 -> 0 | J8: =I8*$D8 -> 0 | L8: =K8*$D8 -> 0 | N8: =M8*$D8 -> 0 | P8: =O8*$D8 -> 0
A9: =시설공수량집계!A10 -> 계단A | B9: =시설공수량집계!B10 -> W4000 x 14단, H150 | C9: =시설공수량집계!C10 -> 개소 | D9: =시설공수량집계!D10 -> 1 | F9: =E9*$D9 -> 0 | G9: 0 | H9: =G9*$D9 -> 0 | J9: =I9*$D9 -> 0 | L9: =K9*$D9 -> 0 | N9: =M9*$D9 -> 0 | P9: =O9*$D9 -> 0
A10: =시설공수량집계!A11 -> 계단B | B10: =시설공수량집계!B11 -> W1500 x 18단, H180 | C10: =시설공수량집계!C11 -> 개소 | D10: =시설공수량집계!D11 -> 1 | F10: =E10*$D10 -> 0 | G10: 0 | H10: =G10*$D10 -> 0 | J10: =I10*$D10 -> 0 | K10: =시설공수량산출서!F150 -> 12 | L10: =K10*$D10 -> 12 | N10: =M10*$D10 -> 0 | P10: =O10*$D10 -> 0
A11: =시설공수량집계!A12 -> 계단C | B11: =시설공수량집계!B12 -> W2500 x 7단, H150 | C11: =시설공수량집계!C12 -> 개소 | D11: =시설공수량집계!D12 -> 1 | F11: =E11*$D11 -> 0 | G11: 0 | H11: =G11*$D11 -> 0 | J11: =I11*$D11 -> 0 | L11: =K11*$D11 -> 0 | N11: =M11*$D11 -> 0 | P11: =O11*$D11 -> 0
A12: =시설공수량집계!A13 -> 계단D | B12: =시설공수량집계!B13 -> W2000 x 14단, H150 | C12: =시설공수량집계!C13 -> 개소 | D12: =시설공수량집계!D13 -> 1 | F12: =E12*$D12 -> 0 | G12: 0 | H12: =G12*$D12 -> 0 | J12: =I12*$D12 -> 0 | L12: =K12*$D12 -> 0 | N12: =M12*$D12 -> 0 | P12: =O12*$D12 -> 0
A13: =시설공수량집계!A14 -> 목재계단A | B13: =시설공수량집계!B14 -> W2000xH150 | C13: =시설공수량집계!C14 -> 단 | D13: =시설공수량집계!D14 -> 29 | F13: =E13*$D13 -> 0 | G13: 0 | H13: =G13*$D13 -> 0 | J13: =I13*$D13 -> 0 | L13: =K13*$D13 -> 0 | N13: =M13*$D13 -> 0 | P13: =O13*$D13 -> 0
A14: =시설공수량집계!A15 -> 목재계단B | B14: =시설공수량집계!B15 -> W1500xH150 | C14: =시설공수량집계!C15 -> 단 | D14: =시설공수량집계!D15 -> 16 | F14: =E14*$D14 -> 0 | G14: 0 | H14: =G14*$D14 -> 0 | J14: =I14*$D14 -> 0 | L14: =K14*$D14 -> 0 | N14: =M14*$D14 -> 0 | P14: =O14*$D14 -> 0
A15: =시설공수량집계!A16 -> 화계 | B15: =시설공수량집계!B16 -> H0.45~2.0, L=113 | C15: =시설공수량집계!C16 -> 식 | D15: =시설공수량집계!D16 -> 1 | F15: =E15*$D15 -> 0 | G15: 0 | H15: =G15*$D15 -> 0 | J15: =I15*$D15 -> 0 | L15: =K15*$D15 -> 0 | N15: =M15*$D15 -> 0 | P15: =O15*$D15 -> 0
A16: =시설공수량집계!A17 -> 휴게데크A | B16: =시설공수량집계!B17 -> A=38m2 | C16: =시설공수량집계!C17 -> 개소 | D16: =시설공수량집계!D17 -> 1 | F16: =E16*$D16 -> 0 | G16: 0 | H16: =G16*$D16 -> 0 | I16: =시설공수량산출서!F402 -> 47.13874 | J16: =I16*$D16 -> 47.13874 | L16: =K16*$D16 -> 0 | N16: =M16*$D16 -> 0 | P16: =O16*$D16 -> 0
A17: =시설공수량집계!A18 -> 휴게데크B | B17: =시설공수량집계!B18 -> A=34m2 | C17: =시설공수량집계!C18 -> 개소 | D17: =시설공수량집계!D18 -> 1 | F17: =E17*$D17 -> 0 | G17: 0 | H17: =G17*$D17 -> 0 | I17: =시설공수량산출서!F482 -> 42.55174 | J17: =I17*$D17 -> 42.55174 | L17: =K17*$D17 -> 0 | N17: =M17*$D17 -> 0 | P17: =O17*$D17 -> 0
A18: =시설공수량집계!A19 -> 목교 | B18: =시설공수량집계!B19 -> - | C18: =시설공수량집계!C19 -> 개소 | D18: =시설공수량집계!D19 -> 2 | F18: =E18*$D18 -> 0 | G18: 0 | H18: =G18*$D18 -> 0 | I18: =시설공수량산출서!F567 -> 24.3936 | J18: =I18*$D18 -> 48.7872 | K18: =시설공수량산출서!F574 -> 12 | L18: =K18*$D18 -> 24 | M18: =시설공수량산출서!F575 -> 0 | N18: =M18*$D18 -> 0 | P18: =O18*$D18 -> 0
A19: =시설공수량집계!A24 -> 트윈트위스트 | B19: =시설공수량집계!B24 -> 1845x590x1917 | C19: =시설공수량집계!C24 -> 개소 | D19: =시설공수량집계!D24 -> 1 | F19: =E19*$D19 -> 0 | G19: 0 | H19: =G19*$D19 -> 0 | J19: =I19*$D19 -> 0 | L19: =K19*$D19 -> 0 | N19: =M19*$D19 -> 0 | P19: =O19*$D19 -> 0
A20: =시설공수량집계!A25 -> 바디싣업 | B20: =시설공수량집계!B25 -> 1433x1349x1917 | C20: =시설공수량집계!C25 -> 개소 | D20: =시설공수량집계!D25 -> 1 | F20: =E20*$D20 -> 0 | G20: 0 | H20: =G20*$D20 -> 0 | J20: =I20*$D20 -> 0 | L20: =K20*$D20 -> 0 | N20: =M20*$D20 -> 0 | P20: =O20*$D20 -> 0
A21: =시설공수량집계!A26 -> 크로스컨트리 | B21: =시설공수량집계!B26 -> 2602x610x1917 | C21: =시설공수량집계!C26 -> 개소 | D21: =시설공수량집계!D26 -> 1 | F21: =E21*$D21 -> 0 | G21: 0 | H21: =G21*$D21 -> 0 | J21: =I21*$D21 -> 0 | L21: =K21*$D21 -> 0 | N21: =M21*$D21 -> 0 | P21: =O21*$D21 -> 0
A22: =시설공수량집계!A27 -> 레그프레스 | B22: =시설공수량집계!B27 -> 2404x440x1917 | C22: =시설공수량집계!C27 -> 개소 | D22: =시설공수량집계!D27 -> 1 | F22: =E22*$D22 -> 0 | G22: 0 | H22: =G22*$D22 -> 0 | J22: =I22*$D22 -> 0 | L22: =K22*$D22 -> 0 | N22: =M22*$D22 -> 0 | P22: =O22*$D22 -> 0
A23: =시설공수량집계!A28 -> 스트레칭롤러 | B23: =시설공수량집계!B28 -> 1647x780x1917 | C23: =시설공수량집계!C28 -> 개소 | D23: =시설공수량집계!D28 -> 1 | F23: =E23*$D23 -> 0 | G23: 0 | H23: =G23*$D23 -> 0 | J23: =I23*$D23 -> 0 | L23: =K23*$D23 -> 0 | N23: =M23*$D23 -> 0 | P23: =O23*$D23 -> 0
A24: =시설공수량집계!A29 -> 워밍암 | B24: =시설공수량집계!B29 -> 1078x934x2007 | C24: =시설공수량집계!C29 -> 개소 | D24: =시설공수량집계!D29 -> 1 | F24: =E24*$D24 -> 0 | G24: 0 | H24: =G24*$D24 -> 0 | J24: =I24*$D24 -> 0 | L24: =K24*$D24 -> 0 | N24: =M24*$D24 -> 0 | P24: =O24*$D24 -> 0
A25: =시설공수량집계!A31 -> 종합안내판 | B25: =시설공수량집계!B31 -> 2100x2100 | C25: =시설공수량집계!C31 -> 개소 | D25: =시설공수량집계!D31 -> 1 | F25: =E25*$D25 -> 0 | G25: 0 | H25: =G25*$D25 -> 0 | J25: =I25*$D25 -> 0 | L25: =K25*$D25 -> 0 | N25: =M25*$D25 -> 0 | P25: =O25*$D25 -> 0
A26: =시설공수량집계!A32 -> 공원이용안내판 | B26: =시설공수량집계!B32 -> 300x1500 | C26: =시설공수량집계!C32 -> 개소 | D26: =시설공수량집계!D32 -> 1 | F26: =E26*$D26 -> 0 | G26: 0 | H26: =G26*$D26 -> 0 | J26: =I26*$D26 -> 0 | L26: =K26*$D26 -> 0 | N26: =M26*$D26 -> 0 | P26: =O26*$D26 -> 0
A27: =시설공수량집계!A33 -> 공원시설안내판 | B27: =시설공수량집계!B33 -> 400x1800 | C27: =시설공수량집계!C33 -> 개소 | D27: =시설공수량집계!D33 -> 3 | F27: =E27*$D27 -> 0 | G27: 0 | H27: =G27*$D27 -> 0 | J27: =I27*$D27 -> 0 | L27: =K27*$D27 -> 0 | N27: =M27*$D27 -> 0 | P27: =O27*$D27 -> 0
A28: =시설공수량집계!A34 -> 방향안내판 | B28: =시설공수량집계!B34 -> 600x150 | C28: =시설공수량집계!C34 -> 개소 | D28: =시설공수량집계!D34 -> 4 | F28: =E28*$D28 -> 0 | G28: 0 | H28: =G28*$D28 -> 0 | J28: =I28*$D28 -> 0 | L28: =K28*$D28 -> 0 | N28: =M28*$D28 -> 0 | P28: =O28*$D28 -> 0
A29: =시설공수량집계!A35 -> 장애인주차안내판 | B29: =시설공수량집계!B35 -> 400x1800 | C29: =시설공수량집계!C35 -> 개소 | D29: =시설공수량집계!D35 -> 2 | F29: =E29*$D29 -> 0 | G29: 0 | H29: =G29*$D29 -> 0 | J29: =I29*$D29 -> 0 | L29: =K29*$D29 -> 0 | N29: =M29*$D29 -> 0 | P29: =O29*$D29 -> 0
A30: =시설공수량집계!A36 -> 촉지안내판 | B30: =시설공수량집계!B36 -> 600x1200, 550x450 | C30: =시설공수량집계!C36 -> 개소 | D30: =시설공수량집계!D36 -> 1 | F30: =E30*$D30 -> 0 | G30: 0 | H30: =G30*$D30 -> 0 | J30: =I30*$D30 -> 0 | L30: =K30*$D30 -> 0 | N30: =M30*$D30 -> 0 | P30: =O30*$D30 -> 0
A31: =시설공수량집계!A39 -> 소생물서식공간 | B31: =시설공수량집계!B39 -> 54m2 | C31: =시설공수량집계!C39 -> 식 | D31: =시설공수량집계!D39 -> 1 | F31: =E31*$D31 -> 0 | G31: 0 | H31: =G31*$D31 -> 0 | J31: =I31*$D31 -> 0 | L31: =K31*$D31 -> 0 | N31: =M31*$D31 -> 0 | P31: =O31*$D31 -> 0
A32: =시설공수량집계!A40 -> 계류 | B32: =시설공수량집계!B40 -> 180m2 | C32: =시설공수량집계!C40 -> 식 | D32: =시설공수량집계!D40 -> 1 | F32: =E32*$D32 -> 0 | G32: 0 | H32: =G32*$D32 -> 0 | J32: =I32*$D32 -> 0 | L32: =K32*$D32 -> 0 | N32: =M32*$D32 -> 0 | P32: =O32*$D32 -> 0
A33: =시설공수량집계!A41 -> 경관석A | B33: =시설공수량집계!B41 -> 6목 | C33: =시설공수량집계!C41 -> 개소 | D33: =시설공수량집계!D41 -> 20 | F33: =E33*$D33 -> 0 | G33: 0 | H33: =G33*$D33 -> 0 | J33: =I33*$D33 -> 0 | L33: =K33*$D33 -> 0 | N33: =M33*$D33 -> 0 | P33: =O33*$D33 -> 0
A34: =시설공수량집계!A42 -> 경관석B | B34: =시설공수량집계!B42 -> 4목 | C34: =시설공수량집계!C42 -> 개소 | D34: =시설공수량집계!D42 -> 20 | F34: =E34*$D34 -> 0 | G34: 0 | H34: =G34*$D34 -> 0 | J34: =I34*$D34 -> 0 | L34: =K34*$D34 -> 0 | N34: =M34*$D34 -> 0 | P34: =O34*$D34 -> 0
A35: =시설공수량집계!A43 -> 볼라드 | B35: =시설공수량집계!B43 -> D110x850 | C35: =시설공수량집계!C43 -> 개소 | D35: =시설공수량집계!D43 -> 10 | F35: =E35*$D35 -> 0 | G35: 0 | H35: =G35*$D35 -> 0 | J35: =I35*$D35 -> 0 | L35: =K35*$D35 -> 0 | N35: =M35*$D35 -> 0 | O35: 1 | P35: =O35*$D35 -> 10
A36: 합계 | E36: =SUM(F5:F35) -> 3 | G36: =SUM(H5:H35) -> 21 | I36: =SUM(J5:J35) -> 138.47768 | K36: =SUM(L5:L35) -> 36 | M36: =SUM(N5:N35) -> 0 | O36: =SUM(P5:P35) -> 10
A37: 환산 | E37: =ROUNDUP(E36,0) -> 3 | G37: =ROUNDUP(G36,0) -> 21 | I37: =ROUNDUP(I36,0) -> 139 | K37: =ROUNDUP(K36,0) -> 36 | M37: =ROUNDUP(M36,0) -> 0 | O37: =ROUNDUP(O36,0) -> 10

Sheet 시설공관급자재집계표2
A1: ■시설공 관급자재집계표-2
A2: 시 설 명 | B2: 규 격 | C2: 단위 | D2: 수량 | E2: =A19 -> 트윈트위스트 | G2: =A20 -> 바디싣업 | I2: =A21 -> 크로스컨트리 | K2: =A22 -> 레그프레스 | M2: =A23 -> 스트레칭롤러 | O2: =A24 -> 워밍암 | Q2: 비 고
E3: =B19 -> 1845x590x1917 | G3: =B20 -> 1433x1349x1917 | I3: =B21 -> 2602x610x1917 | K3: =B22 -> 2404x440x1917 | M3: =B23 -> 1647x780x1917 | O3: =B24 -> 1078x934x2007
E4: 단위수량 | F4: 합계수량 | G4: 단위수량 | H4: 합계수량 | I4: 단위수량 | J4: 합계수량 | K4: 단위수량 | L4: 합계수량 | M4: 단위수량 | N4: 합계수량 | O4: 단위수량 | P4: 합계수량
A5: =시설공수량집계!A4 -> 파고라 | B5: =시설공수량집계!B4 -> 4000x3600xH2710 | C5: =시설공수량집계!C4 -> 개소 | D5: =시설공수량집계!D4 -> 3 | F5: =E5*$D5 -> 0 | H5: =G5*$D5 -> 0 | J5: =I5*$D5 -> 0 | L5: =K5*$D5 -> 0 | N5: =M5*$D5 -> 0 | P5: =O5*$D5 -> 0
A6: =시설공수량집계!A5 -> 등의자 | B6: =시설공수량집계!B5 -> 1600x580xH700 | C6: =시설공수량집계!C5 -> 개소 | D6: =시설공수량집계!D5 -> 21 | F6: =E6*$D6 -> 0 | H6: =G6*$D6 -> 0 | J6: =I6*$D6 -> 0 | L6: =K6*$D6 -> 0 | N6: =M6*$D6 -> 0 | P6: =O6*$D6 -> 0
A7: =시설공수량집계!A8 -> 통석스탠드 | B7: =시설공수량집계!B8 -> W500xH400 | C7: =시설공수량집계!C8 -> m | D7: =시설공수량집계!D8 -> 33 | F7: =E7*$D7 -> 0 | H7: =G7*$D7 -> 0 | J7: =I7*$D7 -> 0 | L7: =K7*$D7 -> 0 | N7: =M7*$D7 -> 0 | P7: =O7*$D7 -> 0
A8: =시설공수량집계!A9 -> 전망스탠드 | B8: =시설공수량집계!B9 -> - | C8: =시설공수량집계!C9 -> 식 | D8: =시설공수량집계!D9 -> 1 | F8: =E8*$D8 -> 0 | H8: =G8*$D8 -> 0 | J8: =I8*$D8 -> 0 | L8: =K8*$D8 -> 0 | N8: =M8*$D8 -> 0 | P8: =O8*$D8 -> 0
A9: =시설공수량집계!A10 -> 계단A | B9: =시설공수량집계!B10 -> W4000 x 14단, H150 | C9: =시설공수량집계!C10 -> 개소 | D9: =시설공수량집계!D10 -> 1 | F9: =E9*$D9 -> 0 | H9: =G9*$D9 -> 0 | J9: =I9*$D9 -> 0 | L9: =K9*$D9 -> 0 | N9: =M9*$D9 -> 0 | P9: =O9*$D9 -> 0
A10: =시설공수량집계!A11 -> 계단B | B10: =시설공수량집계!B11 -> W1500 x 18단, H180 | C10: =시설공수량집계!C11 -> 개소 | D10: =시설공수량집계!D11 -> 1 | F10: =E10*$D10 -> 0 | H10: =G10*$D10 -> 0 | J10: =I10*$D10 -> 0 | L10: =K10*$D10 -> 0 | N10: =M10*$D10 -> 0 | P10: =O10*$D10 -> 0
A11: =시설공수량집계!A12 -> 계단C | B11: =시설공수량집계!B12 -> W2500 x 7단, H150 | C11: =시설공수량집계!C12 -> 개소 | D11: =시설공수량집계!D12 -> 1 | F11: =E11*$D11 -> 0 | H11: =G11*$D11 -> 0 | J11: =I11*$D11 -> 0 | L11: =K11*$D11 -> 0 | N11: =M11*$D11 -> 0 | P11: =O11*$D11 -> 0
A12: =시설공수량집계!A13 -> 계단D | B12: =시설공수량집계!B13 -> W2000 x 14단, H150 | C12: =시설공수량집계!C13 -> 개소 | D12: =시설공수량집계!D13 -> 1 | F12: =E12*$D12 -> 0 | H12: =G12*$D12 -> 0 | J12: =I12*$D12 -> 0 | L12: =K12*$D12 -> 0 | N12: =M12*$D12 -> 0 | P12: =O12*$D12 -> 0
A13: =시설공수량집계!A14 -> 목재계단A | B13: =시설공수량집계!B14 -> W2000xH150 | C13: =시설공수량집계!C14 -> 단 | D13: =시설공수량집계!D14 -> 29 | F13: =E13*$D13 -> 0 | H13: =G13*$D13 -> 0 | J13: =I13*$D13 -> 0 | L13: =K13*$D13 -> 0 | N13: =M13*$D13 -> 0 | P13: =O13*$D13 -> 0
A14: =시설공수량집계!A15 -> 목재계단B | B14: =시설공수량집계!B15 -> W1500xH150 | C14: =시설공수량집계!C15 -> 단 | D14: =시설공수량집계!D15 -> 16 | F14: =E14*$D14 -> 0 | H14: =G14*$D14 -> 0 | J14: =I14*$D14 -> 0 | L14: =K14*$D14 -> 0 | N14: =M14*$D14 -> 0 | P14: =O14*$D14 -> 0
A15: =시설공수량집계!A16 -> 화계 | B15: =시설공수량집계!B16 -> H0.45~2.0, L=113 | C15: =시설공수량집계!C16 -> 식 | D15: =시설공수량집계!D16 -> 1 | F15: =E15*$D15 -> 0 | H15: =G15*$D15 -> 0 | J15: =I15*$D15 -> 0 | L15: =K15*$D15 -> 0 | N15: =M15*$D15 -> 0 | P15: =O15*$D15 -> 0
A16: =시설공수량집계!A17 -> 휴게데크A | B16: =시설공수량집계!B17 -> A=38m2 | C16: =시설공수량집계!C17 -> 개소 | D16: =시설공수량집계!D17 -> 1 | F16: =E16*$D16 -> 0 | H16: =G16*$D16 -> 0 | J16: =I16*$D16 -> 0 | L16: =K16*$D16 -> 0 | N16: =M16*$D16 -> 0 | P16: =O16*$D16 -> 0
A17: =시설공수량집계!A18 -> 휴게데크B | B17: =시설공수량집계!B18 -> A=34m2 | C17: =시설공수량집계!C18 -> 개소 | D17: =시설공수량집계!D18 -> 1 | F17: =E17*$D17 -> 0 | H17: =G17*$D17 -> 0 | J17: =I17*$D17 -> 0 | L17: =K17*$D17 -> 0 | N17: =M17*$D17 -> 0 | P17: =O17*$D17 -> 0
A18: =시설공수량집계!A19 -> 목교 | B18: =시설공수량집계!B19 -> - | C18: =시설공수량집계!C19 -> 개소 | D18: =시설공수량집계!D19 -> 2 | F18: =E18*$D18 -> 0 | H18: =G18*$D18 -> 0 | J18: =I18*$D18 -> 0 | L18: =K18*$D18 -> 0 | N18: =M18*$D18 -> 0 | P18: =O18*$D18 -> 0
A19: =시설공수량집계!A24 -> 트윈트위스트 | B19: =시설공수량집계!B24 -> 1845x590x1917 | C19: =시설공수량집계!C24 -> 개소 | D19: =시설공수량집계!D24 -> 1 | E19: 1 | F19: =E19*$D19 -> 1 | H19: =G19*$D19 -> 0 | J19: =I19*$D19 -> 0 | L19: =K19*$D19 -> 0 | N19: =M19*$D19 -> 0 | P19: =O19*$D19 -> 0
A20: =시설공수량집계!A25 -> 바디싣업 | B20: =시설공수량집계!B25 -> 1433x1349x1917 | C20: =시설공수량집계!C25 -> 개소 | D20: =시설공수량집계!D25 -> 1 | F20: =E20*$D20 -> 0 | G20: 1 | H20: =G20*$D20 -> 1 | J20: =I20*$D20 -> 0 | L20: =K20*$D20 -> 0 | N20: =M20*$D20 -> 0 | P20: =O20*$D20 -> 0
A21: =시설공수량집계!A26 -> 크로스컨트리 | B21: =시설공수량집계!B26 -> 2602x610x1917 | C21: =시설공수량집계!C26 -> 개소 | D21: =시설공수량집계!D26 -> 1 | F21: =E21*$D21 -> 0 | H21: =G21*$D21 -> 0 | I21: 1 | J21: =I21*$D21 -> 1 | L21: =K21*$D21 -> 0 | N21: =M21*$D21 -> 0 | P21: =O21*$D21 -> 0
A22: =시설공수량집계!A27 -> 레그프레스 | B22: =시설공수량집계!B27 -> 2404x440x1917 | C22: =시설공수량집계!C27 -> 개소 | D22: =시설공수량집계!D27 -> 1 | F22: =E22*$D22 -> 0 | H22: =G22*$D22 -> 0 | J22: =I22*$D22 -> 0 | K22: 1 | L22: =K22*$D22 -> 1 | N22: =M22*$D22 -> 0 | P22: =O22*$D22 -> 0
A23: =시설공수량집계!A28 -> 스트레칭롤러 | B23: =시설공수량집계!B28 -> 1647x780x1917 | C23: =시설공수량집계!C28 -> 개소 | D23: =시설공수량집계!D28 -> 1 | F23: =E23*$D23 -> 0 | H23: =G23*$D23 -> 0 | J23: =I23*$D23 -> 0 | L23: =K23*$D23 -> 0 | M23: 1 | N23: =M23*$D23 -> 1 | P23: =O23*$D23 -> 0
A24: =시설공수량집계!A29 -> 워밍암 | B24: =시설공수량집계!B29 -> 1078x934x2007 | C24: =시설공수량집계!C29 -> 개소 | D24: =시설공수량집계!D29 -> 1 | F24: =E24*$D24 -> 0 | H24: =G24*$D24 -> 0 | J24: =I24*$D24 -> 0 | L24: =K24*$D24 -> 0 | N24: =M24*$D24 -> 0 | O24: 1 | P24: =O24*$D24 -> 1
A25: =시설공수량집계!A31 -> 종합안내판 | B25: =시설공수량집계!B31 -> 2100x2100 | C25: =시설공수량집계!C31 -> 개소 | D25: =시설공수량집계!D31 -> 1 | F25: =E25*$D25 -> 0 | H25: =G25*$D25 -> 0 | J25: =I25*$D25 -> 0 | L25: =K25*$D25 -> 0 | N25: =M25*$D25 -> 0 | P25: =O25*$D25 -> 0
A26: =시설공수량집계!A32 -> 공원이용안내판 | B26: =시설공수량집계!B32 -> 300x1500 | C26: =시설공수량집계!C32 -> 개소 | D26: =시설공수량집계!D32 -> 1 | F26: =E26*$D26 -> 0 | H26: =G26*$D26 -> 0 | J26: =I26*$D26 -> 0 | L26: =K26*$D26 -> 0 | N26: =M26*$D26 -> 0 | P26: =O26*$D26 -> 0
A27: =시설공수량집계!A33 -> 공원시설안내판 | B27: =시설공수량집계!B33 -> 400x1800 | C27: =시설공수량집계!C33 -> 개소 | D27: =시설공수량집계!D33 -> 3 | F27: =E27*$D27 -> 0 | H27: =G27*$D27 -> 0 | J27: =I27*$D27 -> 0 | L27: =K27*$D27 -> 0 | N27: =M27*$D27 -> 0 | P27: =O27*$D27 -> 0
A28: =시설공수량집계!A34 -> 방향안내판 | B28: =시설공수량집계!B34 -> 600x150 | C28: =시설공수량집계!C34 -> 개소 | D28: =시설공수량집계!D34 -> 4 | F28: =E28*$D28 -> 0 | H28: =G28*$D28 -> 0 | J28: =I28*$D28 -> 0 | L28: =K28*$D28 -> 0 | N28: =M28*$D28 -> 0 | P28: =O28*$D28 -> 0
A29: =시설공수량집계!A35 -> 장애인주차안내판 | B29: =시설공수량집계!B35 -> 400x1800 | C29: =시설공수량집계!C35 -> 개소 | D29: =시설공수량집계!D35 -> 2 | F29: =E29*$D29 -> 0 | H29: =G29*$D29 -> 0 | J29: =I29*$D29 -> 0 | L29: =K29*$D29 -> 0 | N29: =M29*$D29 -> 0 | P29: =O29*$D29 -> 0
A30: =시설공수량집계!A36 -> 촉지안내판 | B30: =시설공수량집계!B36 -> 600x1200, 550x450 | C30: =시설공수량집계!C36 -> 개소 | D30: =시설공수량집계!D36 -> 1 | F30: =E30*$D30 -> 0 | H30: =G30*$D30 -> 0 | J30: =I30*$D30 -> 0 | L30: =K30*$D30 -> 0 | N30: =M30*$D30 -> 0 | P30: =O30*$D30 -> 0
A31: =시설공수량집계!A39 -> 소생물서식공간 | B31: =시설공수량집계!B39 -> 54m2 | C31: =시설공수량집계!C39 -> 식 | D31: =시설공수량집계!D39 -> 1 | F31: =E31*$D31 -> 0 | H31: =G31*$D31 -> 0 | J31: =I31*$D31 -> 0 | L31: =K31*$D31 -> 0 | N31: =M31*$D31 -> 0 | P31: =O31*$D31 -> 0
A32: =시설공수량집계!A40 -> 계류 | B32: =시설공수량집계!B40 -> 180m2 | C32: =시설공수량집계!C40 -> 식 | D32: =시설공수량집계!D40 -> 1 | F32: =E32*$D32 -> 0 | H32: =G32*$D32 -> 0 | J32: =I32*$D32 -> 0 | L32: =K32*$D32 -> 0 | N32: =M32*$D32 -> 0 | P32: =O32*$D32 -> 0
A33: =시설공수량집계!A41 -> 경관석A | B33: =시설공수량집계!B41 -> 6목 | C33: =시설공수량집계!C41 -> 개소 | D33: =시설공수량집계!D41 -> 20 | F33: =E33*$D33 -> 0 | H33: =G33*$D33 -> 0 | J33: =I33*$D33 -> 0 | L33: =K33*$D33 -> 0 | N33: =M33*$D33 -> 0 | P33: =O33*$D33 -> 0
A34: =시설공수량집계!A42 -> 경관석B | B34: =시설공수량집계!B42 -> 4목 | C34: =시설공수량집계!C42 -> 개소 | D34: =시설공수량집계!D42 -> 20 | F34: =E34*$D34 -> 0 | H34: =G34*$D34 -> 0 | J34: =I34*$D34 -> 0 | L34: =K34*$D34 -> 0 | N34: =M34*$D34 -> 0 | P34: =O34*$D34 -> 0
A35: =시설공수량집계!A43 -> 볼라드 | B35: =시설공수량집계!B43 -> D110x850 | C35: =시설공수량집계!C43 -> 개소 | D35: =시설공수량집계!D43 -> 10 | F35: =E35*$D35 -> 0 | H35: =G35*$D35 -> 0 | J35: =I35*$D35 -> 0 | L35: =K35*$D35 -> 0 | N35: =M35*$D35 -> 0 | P35: =O35*$D35 -> 0
A36: 합계 | E36: =SUM(F5:F35) -> 1 | G36: =SUM(H5:H35) -> 1 | I36: =SUM(J5:J35) -> 1 | K36: =SUM(L5:L35) -> 1 | M36: =SUM(N5:N35) -> 1 | O36: =SUM(P5:P35) -> 1
A37: 환산 | E37: =ROUNDUP(E36,0) -> 1 | G37: =ROUNDUP(G36,0) -> 1 | I37: =ROUNDUP(I36,0) -> 1 | K37: =ROUNDUP(K36,0) -> 1 | M37: =ROUNDUP(M36,0) -> 1 | O37: =ROUNDUP(O36,0) -> 1

Sheet 시설공관급자재집계표3
A1: ■시설공 관급자재집계표-3
A2: 시 설 명 | B2: 규 격 | C2: 단위 | D2: 수량 | E2: =A25 -> 종합안내판 | G2: =A26 -> 공원이용안내판 | I2: =A27 -> 공원시설안내판 | K2: =A28 -> 방향안내판 | M2: =A30 -> 촉지안내판 | O2: 촉지도 | Q2: 비 고
E3: =B25 -> 2100x2100 | G3: =B26 -> 300x1500 | I3: =B27 -> 400x1800 | K3: =B28 -> 600x150 | M3: 600x1200 | O3: 550x450
E4: 단위수량 | F4: 합계수량 | G4: 단위수량 | H4: 합계수량 | I4: 단위수량 | J4: 합계수량 | K4: 단위수량 | L4: 합계수량 | M4: 단위수량 | N4: 합계수량 | O4: 단위수량 | P4: 합계수량
A5: =시설공수량집계!A4 -> 파고라 | B5: =시설공수량집계!B4 -> 4000x3600xH2710 | C5: =시설공수량집계!C4 -> 개소 | D5: =시설공수량집계!D4 -> 3 | F5: =E5*$D5 -> 0 | H5: =G5*$D5 -> 0 | J5: =I5*$D5 -> 0 | L5: =K5*$D5 -> 0 | N5: =M5*$D5 -> 0 | P5: =O5*$D5 -> 0
A6: =시설공수량집계!A5 -> 등의자 | B6: =시설공수량집계!B5 -> 1600x580xH700 | C6: =시설공수량집계!C5 -> 개소 | D6: =시설공수량집계!D5 -> 21 | F6: =E6*$D6 -> 0 | H6: =G6*$D6 -> 0 | J6: =I6*$D6 -> 0 | L6: =K6*$D6 -> 0 | N6: =M6*$D6 -> 0 | P6: =O6*$D6 -> 0
A7: =시설공수량집계!A8 -> 통석스탠드 | B7: =시설공수량집계!B8 -> W500xH400 | C7: =시설공수량집계!C8 -> m | D7: =시설공수량집계!D8 -> 33 | F7: =E7*$D7 -> 0 | H7: =G7*$D7 -> 0 | J7: =I7*$D7 -> 0 | L7: =K7*$D7 -> 0 | N7: =M7*$D7 -> 0 | P7: =O7*$D7 -> 0
A8: =시설공수량집계!A9 -> 전망스탠드 | B8: =시설공수량집계!B9 -> - | C8: =시설공수량집계!C9 -> 식 | D8: =시설공수량집계!D9 -> 1 | F8: =E8*$D8 -> 0 | H8: =G8*$D8 -> 0 | J8: =I8*$D8 -> 0 | L8: =K8*$D8 -> 0 | N8: =M8*$D8 -> 0 | P8: =O8*$D8 -> 0
A9: =시설공수량집계!A10 -> 계단A | B9: =시설공수량집계!B10 -> W4000 x 14단, H150 | C9: =시설공수량집계!C10 -> 개소 | D9: =시설공수량집계!D10 -> 1 | F9: =E9*$D9 -> 0 | H9: =G9*$D9 -> 0 | J9: =I9*$D9 -> 0 | L9: =K9*$D9 -> 0 | N9: =M9*$D9 -> 0 | P9: =O9*$D9 -> 0
A10: =시설공수량집계!A11 -> 계단B | B10: =시설공수량집계!B11 -> W1500 x 18단, H180 | C10: =시설공수량집계!C11 -> 개소 | D10: =시설공수량집계!D11 -> 1 | F10: =E10*$D10 -> 0 | H10: =G10*$D10 -> 0 | J10: =I10*$D10 -> 0 | L10: =K10*$D10 -> 0 | N10: =M10*$D10 -> 0 | P10: =O10*$D10 -> 0
A11: =시설공수량집계!A12 -> 계단C | B11: =시설공수량집계!B12 -> W2500 x 7단, H150 | C11: =시설공수량집계!C12 -> 개소 | D11: =시설공수량집계!D12 -> 1 | F11: =E11*$D11 -> 0 | H11: =G11*$D11 -> 0 | J11: =I11*$D11 -> 0 | L11: =K11*$D11 -> 0 | N11: =M11*$D11 -> 0 | P11: =O11*$D11 -> 0
A12: =시설공수량집계!A13 -> 계단D | B12: =시설공수량집계!B13 -> W2000 x 14단, H150 | C12: =시설공수량집계!C13 -> 개소 | D12: =시설공수량집계!D13 -> 1 | F12: =E12*$D12 -> 0 | H12: =G12*$D12 -> 0 | J12: =I12*$D12 -> 0 | L12: =K12*$D12 -> 0 | N12: =M12*$D12 -> 0 | P12: =O12*$D12 -> 0
A13: =시설공수량집계!A14 -> 목재계단A | B13: =시설공수량집계!B14 -> W2000xH150 | C13: =시설공수량집계!C14 -> 단 | D13: =시설공수량집계!D14 -> 29 | F13: =E13*$D13 -> 0 | H13: =G13*$D13 -> 0 | J13: =I13*$D13 -> 0 | L13: =K13*$D13 -> 0 | N13: =M13*$D13 -> 0 | P13: =O13*$D13 -> 0
A14: =시설공수량집계!A15 -> 목재계단B | B14: =시설공수량집계!B15 -> W1500xH150 | C14: =시설공수량집계!C15 -> 단 | D14: =시설공수량집계!D15 -> 16 | F14: =E14*$D14 -> 0 | H14: =G14*$D14 -> 0 | J14: =I14*$D14 -> 0 | L14: =K14*$D14 -> 0 | N14: =M14*$D14 -> 0 | P14: =O14*$D14 -> 0
A15: =시설공수량집계!A16 -> 화계 | B15: =시설공수량집계!B16 -> H0.45~2.0, L=113 | C15: =시설공수량집계!C16 -> 식 | D15: =시설공수량집계!D16 -> 1 | F15: =E15*$D15 -> 0 | H15: =G15*$D15 -> 0 | J15: =I15*$D15 -> 0 | L15: =K15*$D15 -> 0 | N15: =M15*$D15 -> 0 | P15: =O15*$D15 -> 0
A16: =시설공수량집계!A17 -> 휴게데크A | B16: =시설공수량집계!B17 -> A=38m2 | C16: =시설공수량집계!C17 -> 개소 | D16: =시설공수량집계!D17 -> 1 | F16: =E16*$D16 -> 0 | H16: =G16*$D16 -> 0 | J16: =I16*$D16 -> 0 | L16: =K16*$D16 -> 0 | N16: =M16*$D16 -> 0 | P16: =O16*$D16 -> 0
A17: =시설공수량집계!A18 -> 휴게데크B | B17: =시설공수량집계!B18 -> A=34m2 | C17: =시설공수량집계!C18 -> 개소 | D17: =시설공수량집계!D18 -> 1 | F17: =E17*$D17 -> 0 | H17: =G17*$D17 -> 0 | J17: =I17*$D17 -> 0 | L17: =K17*$D17 -> 0 | N17: =M17*$D17 -> 0 | P17: =O17*$D17 -> 0
A18: =시설공수량집계!A19 -> 목교 | B18: =시설공수량집계!B19 -> - | C18: =시설공수량집계!C19 -> 개소 | D18: =시설공수량집계!D19 -> 2 | F18: =E18*$D18 -> 0 | H18: =G18*$D18 -> 0 | J18: =I18*$D18 -> 0 | L18: =K18*$D18 -> 0 | N18: =M18*$D18 -> 0 | P18: =O18*$D18 -> 0
A19: =시설공수량집계!A24 -> 트윈트위스트 | B19: =시설공수량집계!B24 -> 1845x590x1917 | C19: =시설공수량집계!C24 -> 개소 | D19: =시설공수량집계!D24 -> 1 | F19: =E19*$D19 -> 0 | H19: =G19*$D19 -> 0 | J19: =I19*$D19 -> 0 | L19: =K19*$D19 -> 0 | N19: =M19*$D19 -> 0 | P19: =O19*$D19 -> 0
A20: =시설공수량집계!A25 -> 바디싣업 | B20: =시설공수량집계!B25 -> 1433x1349x1917 | C20: =시설공수량집계!C25 -> 개소 | D20: =시설공수량집계!D25 -> 1 | F20: =E20*$D20 -> 0 | H20: =G20*$D20 -> 0 | J20: =I20*$D20 -> 0 | L20: =K20*$D20 -> 0 | N20: =M20*$D20 -> 0 | P20: =O20*$D20 -> 0
A21: =시설공수량집계!A26 -> 크로스컨트리 | B21: =시설공수량집계!B26 -> 2602x610x1917 | C21: =시설공수량집계!C26 -> 개소 | D21: =시설공수량집계!D26 -> 1 | F21: =E21*$D21 -> 0 | H21: =G21*$D21 -> 0 | J21: =I21*$D21 -> 0 | L21: =K21*$D21 -> 0 | N21: =M21*$D21 -> 0 | P21: =O21*$D21 -> 0
A22: =시설공수량집계!A27 -> 레그프레스 | B22: =시설공수량집계!B27 -> 2404x440x1917 | C22: =시설공수량집계!C27 -> 개소 | D22: =시설공수량집계!D27 -> 1 | F22: =E22*$D22 -> 0 | H22: =G22*$D22 -> 0 | J22: =I22*$D22 -> 0 | L22: =K22*$D22 -> 0 | N22: =M22*$D22 -> 0 | P22: =O22*$D22 -> 0
A23: =시설공수량집계!A28 -> 스트레칭롤러 | B23: =시설공수량집계!B28 -> 1647x780x1917 | C23: =시설공수량집계!C28 -> 개소 | D23: =시설공수량집계!D28 -> 1 | F23: =E23*$D23 -> 0 | H23: =G23*$D23 -> 0 | J23: =I23*$D23 -> 0 | L23: =K23*$D23 -> 0 | N23: =M23*$D23 -> 0 | P23: =O23*$D23 -> 0
A24: =시설공수량집계!A29 -> 워밍암 | B24: =시설공수량집계!B29 -> 1078x934x2007 | C24: =시설공수량집계!C29 -> 개소 | D24: =시설공수량집계!D29 -> 1 | F24: =E24*$D24 -> 0 | H24: =G24*$D24 -> 0 | J24: =I24*$D24 -> 0 | L24: =K24*$D24 -> 0 | N24: =M24*$D24 -> 0 | P24: =O24*$D24 -> 0
A25: =시설공수량집계!A31 -> 종합안내판 | B25: =시설공수량집계!B31 -> 2100x2100 | C25: =시설공수량집계!C31 -> 개소 | D25: =시설공수량집계!D31 -> 1 | E25: 1 | F25: =E25*$D25 -> 1 | H25: =G25*$D25 -> 0 | J25: =I25*$D25 -> 0 | L25: =K25*$D25 -> 0 | N25: =M25*$D25 -> 0 | P25: =O25*$D25 -> 0
A26: =시설공수량집계!A32 -> 공원이용안내판 | B26: =시설공수량집계!B32 -> 300x1500 | C26: =시설공수량집계!C32 -> 개소 | D26: =시설공수량집계!D32 -> 1 | F26: =E26*$D26 -> 0 | G26: 1 | H26: =G26*$D26 -> 1 | J26: =I26*$D26 -> 0 | L26: =K26*$D26 -> 0 | N26: =M26*$D26 -> 0 | P26: =O26*$D26 -> 0
A27: =시설공수량집계!A33 -> 공원시설안내판 | B27: =시설공수량집계!B33 -> 400x1800 | C27: =시설공수량집계!C33 -> 개소 | D27: =시설공수량집계!D33 -> 3 | F27: =E27*$D27 -> 0 | H27: =G27*$D27 -> 0 | I27: 1 | J27: =I27*$D27 -> 3 | L27: =K27*$D27 -> 0 | N27: =M27*$D27 -> 0 | P27: =O27*$D27 -> 0
A28: =시설공수량집계!A34 -> 방향안내판 | B28: =시설공수량집계!B34 -> 600x150 | C28: =시설공수량집계!C34 -> 개소 | D28: =시설공수량집계!D34 -> 4 | F28: =E28*$D28 -> 0 | H28: =G28*$D28 -> 0 | J28: =I28*$D28 -> 0 | K28: 1 | L28: =K28*$D28 -> 4 | N28: =M28*$D28 -> 0 | P28: =O28*$D28 -> 0
A29: =시설공수량집계!A35 -> 장애인주차안내판 | B29: =시설공수량집계!B35 -> 400x1800 | C29: =시설공수량집계!C35 -> 개소 | D29: =시설공수량집계!D35 -> 2 | F29: =E29*$D29 -> 0 | H29: =G29*$D29 -> 0 | I29: 1 | J29: =I29*$D29 -> 2 | L29: =K29*$D29 -> 0 | N29: =M29*$D29 -> 0 | P29: =O29*$D29 -> 0
A30: =시설공수량집계!A36 -> 촉지안내판 | B30: =시설공수량집계!B36 -> 600x1200, 550x450 | C30: =시설공수량집계!C36 -> 개소 | D30: =시설공수량집계!D36 -> 1 | F30: =E30*$D30 -> 0 | H30: =G30*$D30 -> 0 | J30: =I30*$D30 -> 0 | L30: =K30*$D30 -> 0 | M30: 1 | N30: =M30*$D30 -> 1 | O30: 1 | P30: =O30*$D30 -> 1
A31: =시설공수량집계!A39 -> 소생물서식공간 | B31: =시설공수량집계!B39 -> 54m2 | C31: =시설공수량집계!C39 -> 식 | D31: =시설공수량집계!D39 -> 1 | F31: =E31*$D31 -> 0 | H31: =G31*$D31 -> 0 | J31: =I31*$D31 -> 0 | L31: =K31*$D31 -> 0 | N31: =M31*$D31 -> 0 | P31: =O31*$D31 -> 0
A32: =시설공수량집계!A40 -> 계류 | B32: =시설공수량집계!B40 -> 180m2 | C32: =시설공수량집계!C40 -> 식 | D32: =시설공수량집계!D40 -> 1 | F32: =E32*$D32 -> 0 | H32: =G32*$D32 -> 0 | J32: =I32*$D32 -> 0 | L32: =K32*$D32 -> 0 | N32: =M32*$D32 -> 0 | P32: =O32*$D32 -> 0
A33: =시설공수량집계!A41 -> 경관석A | B33: =시설공수량집계!B41 -> 6목 | C33: =시설공수량집계!C41 -> 개소 | D33: =시설공수량집계!D41 -> 20 | F33: =E33*$D33 -> 0 | H33: =G33*$D33 -> 0 | J33: =I33*$D33 -> 0 | L33: =K33*$D33 -> 0 | N33: =M33*$D33 -> 0 | P33: =O33*$D33 -> 0
A34: =시설공수량집계!A42 -> 경관석B | B34: =시설공수량집계!B42 -> 4목 | C34: =시설공수량집계!C42 -> 개소 | D34: =시설공수량집계!D42 -> 20 | F34: =E34*$D34 -> 0 | H34: =G34*$D34 -> 0 | J34: =I34*$D34 -> 0 | L34: =K34*$D34 -> 0 | N34: =M34*$D34 -> 0 | P34: =O34*$D34 -> 0
A35: =시설공수량집계!A43 -> 볼라드 | B35: =시설공수량집계!B43 -> D110x850 | C35: =시설공수량집계!C43 -> 개소 | D35: =시설공수량집계!D43 -> 10 | F35: =E35*$D35 -> 0 | H35: =G35*$D35 -> 0 | J35: =I35*$D35 -> 0 | L35: =K35*$D35 -> 0 | N35: =M35*$D35 -> 0 | P35: =O35*$D35 -> 0
A36: 합계 | E36: =SUM(F5:F35) -> 1 | G36: =SUM(H5:H35) -> 1 | I36: =SUM(J5:J35) -> 5 | K36: =SUM(L5:L35) -> 4 | M36: =SUM(N5:N35) -> 1 | O36: =SUM(P5:P35) -> 1
A37: 환산 | E37: =ROUNDUP(E36,0) -> 1 | G37: =ROUNDUP(G36,0) -> 1 | I37: =ROUNDUP(I36,0) -> 5 | K37: =ROUNDUP(K36,0) -> 4 | M37: =ROUNDUP(M36,0) -> 1 | O37: =ROUNDUP(O36,0) -> 1

Sheet 시설공관급자재집계표4
A1: ■시설공 관급자재집계표-4
A2: 시 설 명 | B2: 규 격 | C2: 단위 | D2: 수량 | E2: 조경블록(마감) | G2: 조경블록(본체) | I2: 보강토연결핀 | K2: 레미콘 | M2: 이형철근 | O2: 비 고
E3: T75 | G3: T150 | I3: 12.3x133 | K3: 25-18-8 | M3: D13
E4: 단위수량 | F4: 합계수량 | G4: 단위수량 | H4: 합계수량 | I4: 단위수량 | J4: 합계수량 | K4: 단위수량 | L4: 합계수량 | M4: 단위수량 | N4: 합계수량
A5: =시설공수량집계!A4 -> 파고라 | B5: =시설공수량집계!B4 -> 4000x3600xH2710 | C5: =시설공수량집계!C4 -> 개소 | D5: =시설공수량집계!D4 -> 3 | F5: =E5*$D5 -> 0 | H5: =G5*$D5 -> 0 | J5: =I5*$D5 -> 0 | L5: =K5*$D5 -> 0 | N5: =M5*$D5 -> 0
A6: =시설공수량집계!A5 -> 등의자 | B6: =시설공수량집계!B5 -> 1600x580xH700 | C6: =시설공수량집계!C5 -> 개소 | D6: =시설공수량집계!D5 -> 21 | F6: =E6*$D6 -> 0 | H6: =G6*$D6 -> 0 | J6: =I6*$D6 -> 0 | L6: =K6*$D6 -> 0 | N6: =M6*$D6 -> 0
A7: =시설공수량집계!A8 -> 통석스탠드 | B7: =시설공수량집계!B8 -> W500xH400 | C7: =시설공수량집계!C8 -> m | D7: =시설공수량집계!D8 -> 33 | F7: =E7*$D7 -> 0 | H7: =G7*$D7 -> 0 | J7: =I7*$D7 -> 0 | K7: =시설공수량산출서!F21 -> 0.1071 | L7: =K7*$D7 -> 3.5343 | N7: =M7*$D7 -> 0
A8: =시설공수량집계!A9 -> 전망스탠드 | B8: =시설공수량집계!B9 -> - | C8: =시설공수량집계!C9 -> 식 | D8: =시설공수량집계!D9 -> 1 | F8: =E8*$D8 -> 0 | H8: =G8*$D8 -> 0 | J8: =I8*$D8 -> 0 | K8: =시설공수량산출서!F65 -> 31.559922 | L8: =K8*$D8 -> 31.559922 | M8: =시설공수량산출서!F70 -> 993.85854 | N8: =M8*$D8 -> 993.85854
A9: =시설공수량집계!A10 -> 계단A | B9: =시설공수량집계!B10 -> W4000 x 14단, H150 | C9: =시설공수량집계!C10 -> 개소 | D9: =시설공수량집계!D10 -> 1 | F9: =E9*$D9 -> 0 | H9: =G9*$D9 -> 0 | J9: =I9*$D9 -> 0 | K9: =시설공수량산출서!F98 -> 6.98598 | L9: =K9*$D9 -> 6.98598 | M9: =시설공수량산출서!F103 -> 247.11183 | N9: =M9*$D9 -> 247.11183
A10: =시설공수량집계!A11 -> 계단B | B10: =시설공수량집계!B11 -> W1500 x 18단, H180 | C10: =시설공수량집계!C11 -> 개소 | D10: =시설공수량집계!D11 -> 1 | F10: =E10*$D10 -> 0 | H10: =G10*$D10 -> 0 | J10: =I10*$D10 -> 0 | K10: =시설공수량산출서!F138 -> 4.437 | L10: =K10*$D10 -> 4.437 | M10: =시설공수량산출서!F143 -> 125.44164 | N10: =M10*$D10 -> 125.44164
A11: =시설공수량집계!A12 -> 계단C | B11: =시설공수량집계!B12 -> W2500 x 7단, H150 | C11: =시설공수량집계!C12 -> 개소 | D11: =시설공수량집계!D12 -> 1 | F11: =E11*$D11 -> 0 | H11: =G11*$D11 -> 0 | J11: =I11*$D11 -> 0 | K11: =시설공수량산출서!F178 -> 2.251395 | L11: =K11*$D11 -> 2.251395 | M11: =시설공수량산출서!F183 -> 78.790468 | N11: =M11*$D11 -> 78.790468
A12: =시설공수량집계!A13 -> 계단D | B12: =시설공수량집계!B13 -> W2000 x 14단, H150 | C12: =시설공수량집계!C13 -> 개소 | D12: =시설공수량집계!D13 -> 1 | F12: =E12*$D12 -> 0 | H12: =G12*$D12 -> 0 | J12: =I12*$D12 -> 0 | K12: =시설공수량산출서!F218 -> 4.07592 | L12: =K12*$D12 -> 4.07592 | M12: =시설공수량산출서!F223 -> 140.69141 | N12: =M12*$D12 -> 140.69141
A13: =시설공수량집계!A14 -> 목재계단A | B13: =시설공수량집계!B14 -> W2000xH150 | C13: =시설공수량집계!C14 -> 단 | D13: =시설공수량집계!D14 -> 29 | F13: =E13*$D13 -> 0 | H13: =G13*$D13 -> 0 | J13: =I13*$D13 -> 0 | K13: =시설공수량산출서!F258 -> 1.78 | L13: =K13*$D13 -> 51.62 | M13: =시설공수량산출서!F263 -> 0 | N13: =M13*$D13 -> 0
A14: =시설공수량집계!A15 -> 목재계단B | B14: =시설공수량집계!B15 -> W1500xH150 | C14: =시설공수량집계!C15 -> 단 | D14: =시설공수량집계!D15 -> 16 | F14: =E14*$D14 -> 0 | H14: =G14*$D14 -> 0 | J14: =I14*$D14 -> 0 | L14: =K14*$D14 -> 0 | M14: =시설공수량산출서!F298 -> 1.78 | N14: =M14*$D14 -> 28.48
A15: =시설공수량집계!A16 -> 화계 | B15: =시설공수량집계!B16 -> H0.45~2.0, L=113 | C15: =시설공수량집계!C16 -> 식 | D15: =시설공수량집계!D16 -> 1 | E15: =시설공수량산출서!F344 -> 181.28 | F15: =E15*$D15 -> 181.28 | G15: =시설공수량산출서!F346 -> 211.068 | H15: =G15*$D15 -> 211.068 | I15: =시설공수량산출서!F348 -> 8361.54 | J15: =I15*$D15 -> 8361.54 | K15: =시설공수량산출서!F336 -> 16.40976 | L15: =K15*$D15 -> 16.40976 | N15: =M15*$D15 -> 0
A16: =시설공수량집계!A17 -> 휴게데크A | B16: =시설공수량집계!B17 -> A=38m2 | C16: =시설공수량집계!C17 -> 개소 | D16: =시설공수량집계!D17 -> 1 | F16: =E16*$D16 -> 0 | H16: =G16*$D16 -> 0 | J16: =I16*$D16 -> 0 | K16: =시설공수량산출서!F381 -> 0.6885 | L16: =K16*$D16 -> 0.6885 | N16: =M16*$D16 -> 0
A17: =시설공수량집계!A18 -> 휴게데크B | B17: =시설공수량집계!B18 -> A=34m2 | C17: =시설공수량집계!C18 -> 개소 | D17: =시설공수량집계!D18 -> 1 | F17: =E17*$D17 -> 0 | H17: =G17*$D17 -> 0 | J17: =I17*$D17 -> 0 | K17: =시설공수량산출서!F461 -> 0.8262 | L17: =K17*$D17 -> 0.8262 | N17: =M17*$D17 -> 0
A18: =시설공수량집계!A19 -> 목교 | B18: =시설공수량집계!B19 -> - | C18: =시설공수량집계!C19 -> 개소 | D18: =시설공수량집계!D19 -> 2 | F18: =E18*$D18 -> 0 | H18: =G18*$D18 -> 0 | J18: =I18*$D18 -> 0 | K18: =시설공수량산출서!F541 -> 11.192868 | L18: =K18*$D18 -> 22.385736 | M18: =시설공수량산출서!F545 -> 1233.9194 | N18: =M18*$D18 -> 2467.8388
A19: =시설공수량집계!A24 -> 트윈트위스트 | B19: =시설공수량집계!B24 -> 1845x590x1917 | C19: =시설공수량집계!C24 -> 개소 | D19: =시설공수량집계!D24 -> 1 | F19: =E19*$D19 -> 0 | H19: =G19*$D19 -> 0 | J19: =I19*$D19 -> 0 | L19: =K19*$D19 -> 0 | N19: =M19*$D19 -> 0
A20: =시설공수량집계!A25 -> 바디싣업 | B20: =시설공수량집계!B25 -> 1433x1349x1917 | C20: =시설공수량집계!C25 -> 개소 | D20: =시설공수량집계!D25 -> 1 | F20: =E20*$D20 -> 0 | H20: =G20*$D20 -> 0 | J20: =I20*$D20 -> 0 | L20: =K20*$D20 -> 0 | N20: =M20*$D20 -> 0
A21: =시설공수량집계!A26 -> 크로스컨트리 | B21: =시설공수량집계!B26 -> 2602x610x1917 | C21: =시설공수량집계!C26 -> 개소 | D21: =시설공수량집계!D26 -> 1 | F21: =E21*$D21 -> 0 | H21: =G21*$D21 -> 0 | J21: =I21*$D21 -> 0 | L21: =K21*$D21 -> 0 | N21: =M21*$D21 -> 0
A22: =시설공수량집계!A27 -> 레그프레스 | B22: =시설공수량집계!B27 -> 2404x440x1917 | C22: =시설공수량집계!C27 -> 개소 | D22: =시설공수량집계!D27 -> 1 | F22: =E22*$D22 -> 0 | H22: =G22*$D22 -> 0 | J22: =I22*$D22 -> 0 | L22: =K22*$D22 -> 0 | N22: =M22*$D22 -> 0
A23: =시설공수량집계!A28 -> 스트레칭롤러 | B23: =시설공수량집계!B28 -> 1647x780x1917 | C23: =시설공수량집계!C28 -> 개소 | D23: =시설공수량집계!D28 -> 1 | F23: =E23*$D23 -> 0 | H23: =G23*$D23 -> 0 | J23: =I23*$D23 -> 0 | L23: =K23*$D23 -> 0 | N23: =M23*$D23 -> 0
A24: =시설공수량집계!A29 -> 워밍암 | B24: =시설공수량집계!B29 -> 1078x934x2007 | C24: =시설공수량집계!C29 -> 개소 | D24: =시설공수량집계!D29 -> 1 | F24: =E24*$D24 -> 0 | H24: =G24*$D24 -> 0 | J24: =I24*$D24 -> 0 | L24: =K24*$D24 -> 0 | N24: =M24*$D24 -> 0
A25: =시설공수량집계!A31 -> 종합안내판 | B25: =시설공수량집계!B31 -> 2100x2100 | C25: =시설공수량집계!C31 -> 개소 | D25: =시설공수량집계!D31 -> 1 | F25: =E25*$D25 -> 0 | H25: =G25*$D25 -> 0 | J25: =I25*$D25 -> 0 | L25: =K25*$D25 -> 0 | N25: =M25*$D25 -> 0
A26: =시설공수량집계!A32 -> 공원이용안내판 | B26: =시설공수량집계!B32 -> 300x1500 | C26: =시설공수량집계!C32 -> 개소 | D26: =시설공수량집계!D32 -> 1 | F26: =E26*$D26 -> 0 | H26: =G26*$D26 -> 0 | J26: =I26*$D26 -> 0 | L26: =K26*$D26 -> 0 | N26: =M26*$D26 -> 0
A27: =시설공수량집계!A33 -> 공원시설안내판 | B27: =시설공수량집계!B33 -> 400x1800 | C27: =시설공수량집계!C33 -> 개소 | D27: =시설공수량집계!D33 -> 3 | F27: =E27*$D27 -> 0 | H27: =G27*$D27 -> 0 | J27: =I27*$D27 -> 0 | L27: =K27*$D27 -> 0 | N27: =M27*$D27 -> 0
A28: =시설공수량집계!A34 -> 방향안내판 | B28: =시설공수량집계!B34 -> 600x150 | C28: =시설공수량집계!C34 -> 개소 | D28: =시설공수량집계!D34 -> 4 | F28: =E28*$D28 -> 0 | H28: =G28*$D28 -> 0 | J28: =I28*$D28 -> 0 | L28: =K28*$D28 -> 0 | N28: =M28*$D28 -> 0
A29: =시설공수량집계!A35 -> 장애인주차안내판 | B29: =시설공수량집계!B35 -> 400x1800 | C29: =시설공수량집계!C35 -> 개소 | D29: =시설공수량집계!D35 -> 2 | F29: =E29*$D29 -> 0 | H29: =G29*$D29 -> 0 | J29: =I29*$D29 -> 0 | L29: =K29*$D29 -> 0 | N29: =M29*$D29 -> 0
A30: =시설공수량집계!A36 -> 촉지안내판 | B30: =시설공수량집계!B36 -> 600x1200, 550x450 | C30: =시설공수량집계!C36 -> 개소 | D30: =시설공수량집계!D36 -> 1 | F30: =E30*$D30 -> 0 | H30: =G30*$D30 -> 0 | J30: =I30*$D30 -> 0 | L30: =K30*$D30 -> 0 | N30: =M30*$D30 -> 0
A31: =시설공수량집계!A39 -> 소생물서식공간 | B31: =시설공수량집계!B39 -> 54m2 | C31: =시설공수량집계!C39 -> 식 | D31: =시설공수량집계!D39 -> 1 | E31: 0 | F31: =E31*$D31 -> 0 | H31: =G31*$D31 -> 0 | J31: =I31*$D31 -> 0 | L31: =K31*$D31 -> 0 | N31: =M31*$D31 -> 0
A32: =시설공수량집계!A40 -> 계류 | B32: =시설공수량집계!B40 -> 180m2 | C32: =시설공수량집계!C40 -> 식 | D32: =시설공수량집계!D40 -> 1 | E32: 0 | F32: =E32*$D32 -> 0 | H32: =G32*$D32 -> 0 | J32: =I32*$D32 -> 0 | K32: =시설공수량산출서!F773 -> 36.72 | L32: =K32*$D32 -> 36.72 | N32: =M32*$D32 -> 0
A33: =시설공수량집계!A41 -> 경관석A | B33: =시설공수량집계!B41 -> 6목 | C33: =시설공수량집계!C41 -> 개소 | D33: =시설공수량집계!D41 -> 20 | F33: =E33*$D33 -> 0 | H33: =G33*$D33 -> 0 | I33: 0 | J33: =I33*$D33 -> 0 | L33: =K33*$D33 -> 0 | N33: =M33*$D33 -> 0
A34: =시설공수량집계!A42 -> 경관석B | B34: =시설공수량집계!B42 -> 4목 | C34: =시설공수량집계!C42 -> 개소 | D34: =시설공수량집계!D42 -> 20 | E34: 0 | F34: =E34*$D34 -> 0 | H34: =G34*$D34 -> 0 | J34: =I34*$D34 -> 0 | L34: =K34*$D34 -> 0 | N34: =M34*$D34 -> 0
A35: =시설공수량집계!A43 -> 볼라드 | B35: =시설공수량집계!B43 -> D110x850 | C35: =시설공수량집계!C43 -> 개소 | D35: =시설공수량집계!D43 -> 10 | E35: 0 | F35: =E35*$D35 -> 0 | H35: =G35*$D35 -> 0 | J35: =I35*$D35 -> 0 | L35: =K35*$D35 -> 0 | N35: =M35*$D35 -> 0
A36: 합계 | E36: =SUM(F5:F35) -> 181.28 | G36: =SUM(H5:H35) -> 211.068 | I36: =SUM(J5:J35) -> 8361.54 | K36: =SUM(L5:L35) -> 181.49471 | M36: =SUM(N5:N35) -> 4082.2127
A37: 환산 | E37: =ROUNDUP(E36,0) -> 182 | G37: =ROUNDUP(G36,0) -> 212 | I37: =ROUNDUP(I36,0) -> 8362 | K37: =ROUNDUP(K36,0) -> 182 | M37: =ROUNDUP(M36,0)/1000 -> 4.083

Sheet 시설공운반집계표
A1: ■시설공 운반 집계표
A2: 시 설 명 | B2: 규 격 | C2: 단위 | D2: 총 수 량 | E2: 단위중량 (kg) | F2: 양중(kg) | H2: 지게운반(kg) | N2: 비 고
H3: 100M | J3: 170M | L3: 70M
F4: 적용수량 | G4: 합계 | H4: 적용수량 | I4: 합계 | J4: 적용수량 | K4: 합계 | L4: 적용수량 | M4: 합계
A5: =시설공수량집계!#REF! -> #REF! | B5: =시설공수량집계!#REF! -> #REF! | C5: =시설공수량집계!#REF! -> #REF! | D5: =시설공수량집계!#REF! -> #REF! | E5: =(12*6)+10+(0.5*0.5*0.6*2300) -> 427 | F5: 3 | G5: =E5*F5 -> 1281 | I5: =E5*H5 -> 0 | K5: =E5*J5 -> 0 | M5: =E5*L5 -> 0
A6: =시설공수량집계!#REF! -> #REF! | B6: =시설공수량집계!#REF! -> #REF! | C6: =시설공수량집계!#REF! -> #REF! | D6: =시설공수량집계!#REF! -> #REF! | E6: =(12*6)+10+(0.5*0.5*0.6*2300) -> 427 | F6: 3 | G6: =E6*F6 -> 1281 | I6: =E6*H6 -> 0 | K6: =E6*J6 -> 0 | M6: =E6*L6 -> 0
A7: =시설공수량집계!#REF! -> #REF! | B7: =시설공수량집계!#REF! -> #REF! | C7: =시설공수량집계!#REF! -> #REF! | D7: =시설공수량집계!#REF! -> #REF! | E7: =(12*6)+10+(0.5*0.5*0.6*2300) -> 427 | F7: 3 | G7: =E7*F7 -> 1281 | I7: =E7*H7 -> 0 | K7: =E7*J7 -> 0 | M7: =E7*L7 -> 0
A8: =시설공수량집계!A10 -> 계단A | B8: =시설공수량집계!B10 -> W4000 x 14단, H150 | C8: =시설공수량집계!C10 -> 개소 | D8: =시설공수량집계!D10 -> 1 | E8: =(12*6)+10+(0.5*0.5*0.6*2300) -> 427 | F8: 3 | G8: =E8*F8 -> 1281 | I8: =E8*H8 -> 0 | K8: =E8*J8 -> 0 | M8: =E8*L8 -> 0
A9: =시설공수량집계!A11 -> 계단B | B9: =시설공수량집계!B11 -> W1500 x 18단, H180 | C9: =시설공수량집계!C11 -> 개소 | D9: =시설공수량집계!D11 -> 1 | E9: =(12*6)+10+(0.5*0.5*0.6*2300) -> 427 | F9: 3 | G9: =E9*F9 -> 1281 | I9: =E9*H9 -> 0 | K9: =E9*J9 -> 0 | M9: =E9*L9 -> 0
A10: =시설공수량집계!A12 -> 계단C | B10: =시설공수량집계!B12 -> W2500 x 7단, H150 | C10: =시설공수량집계!C12 -> 개소 | D10: =시설공수량집계!D12 -> 1 | E10: =(12*6)+10+(0.5*0.5*0.6*2300) -> 427 | F10: 3 | G10: =E10*F10 -> 1281 | I10: =E10*H10 -> 0 | K10: =E10*J10 -> 0 | M10: =E10*L10 -> 0
A11: =시설공수량집계!A16 -> 화계 | B11: =시설공수량집계!B16 -> H0.45~2.0, L=113 | C11: =시설공수량집계!C16 -> 식 | D11: =시설공수량집계!D16 -> 1 | E11: =(12*6)+10+(0.5*0.5*0.6*2300) -> 427 | F11: 3 | G11: =E11*F11 -> 1281 | I11: =E11*H11 -> 0 | K11: =E11*J11 -> 0 | M11: =E11*L11 -> 0
A12: =시설공수량집계!A42 -> 경관석B | B12: =시설공수량집계!B42 -> 4목 | C12: =시설공수량집계!C42 -> 개소 | D12: =시설공수량집계!D42 -> 20 | E12: =(12*6)+10+(0.5*0.5*0.6*2300) -> 427 | F12: 3 | G12: =E12*F12 -> 1281 | I12: =E12*H12 -> 0 | K12: =E12*J12 -> 0 | M12: =E12*L12 -> 0
A13: =시설공수량집계!#REF! -> #REF! | B13: =시설공수량집계!#REF! -> #REF! | C13: =시설공수량집계!#REF! -> #REF! | D13: =시설공수량집계!#REF! -> #REF! | E13: =(12*6)+10+(0.5*0.5*0.6*2300) -> 427 | F13: 3 | G13: =E13*F13 -> 1281 | I13: =E13*H13 -> 0 | K13: =E13*J13 -> 0 | M13: =E13*L13 -> 0
A14: =시설공수량집계!#REF! -> #REF! | B14: =시설공수량집계!#REF! -> #REF! | C14: =시설공수량집계!#REF! -> #REF! | D14: =시설공수량집계!#REF! -> #REF! | E14: =(12*6)+10+(0.5*0.5*0.6*2300) -> 427 | F14: 3 | G14: =E14*F14 -> 1281 | I14: =E14*H14 -> 0 | K14: =E14*J14 -> 0 | M14: =E14*L14 -> 0
A15: =시설공수량집계!#REF! -> #REF! | B15: =시설공수량집계!#REF! -> #REF! | C15: =시설공수량집계!#REF! -> #REF! | D15: =시설공수량집계!#REF! -> #REF! | E15: =(12*6)+10+(0.5*0.5*0.6*2300) -> 427 | F15: 3 | G15: =E15*F15 -> 1281 | I15: =E15*H15 -> 0 | K15: =E15*J15 -> 0 | M15: =E15*L15 -> 0
A16: =시설공수량집계!#REF! -> #REF! | B16: =시설공수량집계!#REF! -> #REF! | C16: =시설공수량집계!#REF! -> #REF! | D16: =시설공수량집계!#REF! -> #REF! | E16: =(12*6)+10+(0.5*0.5*0.6*2300) -> 427 | F16: 3 | G16: =E16*F16 -> 1281 | I16: =E16*H16 -> 0 | K16: =E16*J16 -> 0 | M16: =E16*L16 -> 0
A17: =시설공수량집계!#REF! -> #REF! | B17: =시설공수량집계!#REF! -> #REF! | C17: =시설공수량집계!#REF! -> #REF! | D17: =시설공수량집계!#REF! -> #REF! | E17: =(12*6)+10+(0.5*0.5*0.6*2300) -> 427 | F17: 3 | G17: =E17*F17 -> 1281 | I17: =E17*H17 -> 0 | K17: =E17*J17 -> 0 | M17: =E17*L17 -> 0
A18: =시설공수량집계!#REF! -> #REF! | B18: =시설공수량집계!#REF! -> #REF! | C18: =시설공수량집계!#REF! -> #REF! | D18: =시설공수량집계!#REF! -> #REF! | E18: =(12*6)+10+(0.5*0.5*0.6*2300) -> 427 | F18: 3 | G18: =E18*F18 -> 1281 | I18: =E18*H18 -> 0 | K18: =E18*J18 -> 0 | M18: =E18*L18 -> 0
A19: =시설공수량집계!#REF! -> #REF! | B19: =시설공수량집계!#REF! -> #REF! | C19: =시설공수량집계!#REF! -> #REF! | D19: =시설공수량집계!#REF! -> #REF! | E19: =(12*6)+10+(0.5*0.5*0.6*2300) -> 427 | F19: 3 | G19: =E19*F19 -> 1281 | I19: =E19*H19 -> 0 | K19: =E19*J19 -> 0 | M19: =E19*L19 -> 0
A20: =시설공수량집계!#REF! -> #REF! | B20: =시설공수량집계!#REF! -> #REF! | C20: =시설공수량집계!#REF! -> #REF! | D20: =시설공수량집계!#REF! -> #REF! | E20: =(12*6)+10+(0.5*0.5*0.6*2300) -> 427 | F20: 3 | G20: =E20*F20 -> 1281 | I20: =E20*H20 -> 0 | K20: =E20*J20 -> 0 | M20: =E20*L20 -> 0
A21: =시설공수량집계!#REF! -> #REF! | B21: =시설공수량집계!#REF! -> #REF! | C21: =시설공수량집계!#REF! -> #REF! | D21: =시설공수량집계!#REF! -> #REF! | E21: =(12*6)+10+(0.5*0.5*0.6*2300) -> 427 | F21: 3 | G21: =E21*F21 -> 1281 | I21: =E21*H21 -> 0 | K21: =E21*J21 -> 0 | M21: =E21*L21 -> 0
A22: =시설공수량집계!#REF! -> #REF! | B22: =시설공수량집계!#REF! -> #REF! | C22: =시설공수량집계!#REF! -> #REF! | D22: =시설공수량집계!#REF! -> #REF! | E22: =(12*6)+10+(0.5*0.5*0.6*2300) -> 427 | F22: 3 | G22: =E22*F22 -> 1281 | I22: =E22*H22 -> 0 | K22: =E22*J22 -> 0 | M22: =E22*L22 -> 0
A23: 소계 | F23: =SUM(G5:G22) -> 23058 | H23: =SUM(I5:I22) -> 0 | J23: =SUM(K5:K11) -> 0 | L23: =SUM(M5:M11) -> 0
A24: 작업장비 | F24: 1 | G24: =E24*F24 -> 0 | I24: =E24*H24 -> 0 | K24: =E24*J24 -> 0 | M24: =E24*L24 -> 0
A25: 굴삭기(무한궤도) | B25: 0.6 m3 | C25: 대 | D25: =F25+H25 -> 1 | E25: 14300 | F25: 1 | G25: =E25*F25 -> 14300 | I25: =E25*H25 -> 0 | K25: =E25*J25 -> 0 | M25: =E25*L25 -> 0
A26: 왕복 | F26: =G25*2 -> 28600 | H26: =I25*2 -> 0 | J26: =K25*2 -> 0 | L26: =M25*2 -> 0
A27: 합계 | F27: =F23+F26 -> 51658 | H27: =H23+H26 -> 0 | J27: =SUM(K5:K11) -> 0 | L27: =L23+L26 -> 0

Sheet 시설공토공집계표
A1: ■시설공 토공집계표
A2: 시 설 명 | B2: 규 격 | C2: 단 위 | D2: 수 량 | E2: 터파기/토사(m3) | G2: 잔토처리/토사(m3) | I2: 되메우기(m3) | K2: 성토 | M2: 절토 | O2: 비 고
E3: 단위수량 | F3: 합계수량 | G3: 단위수량 | H3: 합계수량 | I3: 단위수량 | J3: 합계수량
A4: =시설공수량집계!A8 -> 통석스탠드 | B4: =시설공수량집계!B8 -> W500xH400 | C4: =시설공수량집계!C8 -> m | D4: =시설공수량집계!D8 -> 33 | E4: =시설공수량산출서!F17 -> 0.308 | F4: =E4*D4 -> 10.164 | G4: =시설공수량산출서!F18 -> 0.17 | H4: =G4*D4 -> 5.61 | I4: =시설공수량산출서!F19 -> 0.138 | J4: =I4*D4 -> 4.554
A5: =시설공수량집계!A9 -> 전망스탠드 | B5: =시설공수량집계!B9 -> - | C5: =시설공수량집계!C9 -> 식 | D5: =시설공수량집계!D9 -> 1 | E5: =시설공수량산출서!F58 -> 53.1875 | F5: =E5*D5 -> 53.1875 | G5: =시설공수량산출서!F59 -> 27.1875 | H5: =G5*D5 -> 27.1875 | I5: =시설공수량산출서!F60 -> 26 | J5: =I5*D5 -> 26
A6: =시설공수량집계!A10 -> 계단A | B6: =시설공수량집계!B10 -> W4000 x 14단, H150 | C6: =시설공수량집계!C10 -> 개소 | D6: =시설공수량집계!D10 -> 1 | E6: =시설공수량산출서!F91 -> 11.72172 | F6: =E6*D6 -> 11.72172 | G6: =시설공수량산출서!F92 -> 10.0602 | H6: =G6*D6 -> 10.0602 | I6: =시설공수량산출서!F93 -> 1.66152 | J6: =I6*D6 -> 1.66152
A7: =시설공수량집계!A11 -> 계단B | B7: =시설공수량집계!B11 -> W1500 x 18단, H180 | C7: =시설공수량집계!C11 -> 개소 | D7: =시설공수량집계!D11 -> 1 | E7: =시설공수량산출서!F131 -> 7.8523 | F7: =E7*D7 -> 7.8523 | G7: =시설공수량산출서!F132 -> 5.8055 | H7: =G7*D7 -> 5.8055 | I7: =시설공수량산출서!F133 -> 2.0468 | J7: =I7*D7 -> 2.0468
A8: =시설공수량집계!A12 -> 계단C | B8: =시설공수량집계!B12 -> W2500 x 7단, H150 | C8: =시설공수량집계!C12 -> 개소 | D8: =시설공수량집계!D12 -> 1 | E8: =시설공수량산출서!F171 -> 3.82478 | F8: =E8*D8 -> 3.82478 | G8: =시설공수량산출서!F172 -> 3.0783 | H8: =G8*D8 -> 3.0783 | I8: =시설공수량산출서!F173 -> 0.74648 | J8: =I8*D8 -> 0.74648
A9: =시설공수량집계!A13 -> 계단D | B9: =시설공수량집계!B13 -> W2000 x 14단, H150 | C9: =시설공수량집계!C13 -> 개소 | D9: =시설공수량집계!D13 -> 1 | E9: =시설공수량산출서!F211 -> 7.12008 | F9: =E9*D9 -> 7.12008 | G9: =시설공수량산출서!F212 -> 5.5308 | H9: =G9*D9 -> 5.5308 | I9: =시설공수량산출서!F213 -> 1.58928 | J9: =I9*D9 -> 1.58928
A10: =시설공수량집계!A14 -> 목재계단A | B10: =시설공수량집계!B14 -> W2000xH150 | C10: =시설공수량집계!C14 -> 단 | D10: =시설공수량집계!D14 -> 29 | E10: =시설공수량산출서!F251 -> 0 | F10: =E10*D10 -> 0 | G10: =시설공수량산출서!F252 -> 0.12 | H10: =G10*D10 -> 3.48 | I10: =시설공수량산출서!F253 -> 0.126 | J10: =I10*D10 -> 3.654
A11: =시설공수량집계!A16 -> 화계 | B11: =시설공수량집계!B16 -> H0.45~2.0, L=113 | C11: =시설공수량집계!C16 -> 식 | D11: =시설공수량집계!D16 -> 1 | E11: =시설공수량산출서!F331 -> 20.52 | F11: =E11*D11 -> 20.52 | G11: =시설공수량산출서!F332 -> 19.437 | H11: =G11*D11 -> 19.437 | I11: =시설공수량산출서!F333 -> 1.083 | J11: =I11*D11 -> 1.083
A12: =시설공수량집계!A17 -> 휴게데크A | B12: =시설공수량집계!B17 -> A=38m2 | C12: =시설공수량집계!C17 -> 개소 | D12: =시설공수량집계!D17 -> 1 | E12: =시설공수량산출서!F376 -> 4.9 | F12: =E12*D12 -> 4.9 | G12: =시설공수량산출서!F377 -> 0.675 | H12: =G12*D12 -> 0.675 | I12: =시설공수량산출서!F378 -> 4.225 | J12: =I12*D12 -> 4.225
A13: =시설공수량집계!A18 -> 휴게데크B | B13: =시설공수량집계!B18 -> A=34m2 | C13: =시설공수량집계!C18 -> 개소 | D13: =시설공수량집계!D18 -> 1 | E13: =시설공수량산출서!F456 -> 5.88 | F13: =E13*D13 -> 5.88 | G13: =시설공수량산출서!F457 -> 0.81 | H13: =G13*D13 -> 0.81 | I13: =시설공수량산출서!F458 -> 5.07 | J13: =I13*D13 -> 5.07
A14: =시설공수량집계!A19 -> 목교 | B14: =시설공수량집계!B19 -> - | C14: =시설공수량집계!C19 -> 개소 | D14: =시설공수량집계!D19 -> 2 | E14: =시설공수량산출서!F536 -> 13.77012 | F14: =E14*D14 -> 27.54024 | G14: =시설공수량산출서!F537 -> 10.9734 | H14: =G14*D14 -> 21.9468 | I14: =시설공수량산출서!F538 -> 2.79672 | J14: =I14*D14 -> 5.59344
A15: =시설공수량집계!A37 -> 잔디수로 | B15: =시설공수량집계!B37 -> W300 | C15: =시설공수량집계!C37 -> m | D15: =시설공수량집계!D37 -> 1100 | E15: =시설공수량산출서!F650 -> 0.045 | F15: =E15*D15 -> 49.5 | G15: =시설공수량산출서!F651 -> 0.045 | H15: =G15*D15 -> 49.5 | I15: 0 | J15: =I15*D15 -> 0
A16: =시설공수량집계!A38 -> 레인가든 | B16: =시설공수량집계!B38 -> 54m2 | C16: =시설공수량집계!C38 -> 식 | D16: =시설공수량집계!D38 -> 1 | E16: =시설공수량산출서!F688 -> 14.74 | F16: =E16*D16 -> 14.74 | G16: =시설공수량산출서!F689 -> 14.74 | H16: =G16*D16 -> 14.74 | I16: 0 | J16: =I16*D16 -> 0
A17: =시설공수량집계!A39 -> 소생물서식공간 | B17: =시설공수량집계!B39 -> 54m2 | C17: =시설공수량집계!C39 -> 식 | D17: =시설공수량집계!D39 -> 1 | E17: =시설공수량산출서!F727 -> 15.65 | F17: =E17*D17 -> 15.65 | G17: =시설공수량산출서!F728 -> 15.65 | H17: =G17*D17 -> 15.65 | I17: 0 | J17: =I17*D17 -> 0
A18: =시설공수량집계!A40 -> 계류 | B18: =시설공수량집계!B40 -> 180m2 | C18: =시설공수량집계!C40 -> 식 | D18: =시설공수량집계!D40 -> 1 | E18: =시설공수량산출서!F765 -> 108 | F18: =E18*D18 -> 108 | G18: =시설공수량산출서!F766 -> 81 | H18: =G18*D18 -> 81 | I18: =시설공수량산출서!F767 -> 27 | J18: =I18*D18 -> 27
A20: 합계 | E20: =SUM(F4:F19) -> 340.60062 | G20: =SUM(H4:H19) -> 264.5111 | I20: =SUM(J4:J19) -> 83.22352 | K20: =SUM(#REF!) -> #REF! | M20: =SUM(#REF!) -> #REF!
A21: 환산 | E21: =ROUNDUP(E20,2) -> 340.61 | G21: =ROUNDUP(G20,2) -> 264.52 | I21: =ROUNDUP(I20,2) -> 83.23 | K21: =ROUNDUP(K20,0) -> #REF! | M21: =ROUNDUP(M20,0) -> #REF!

Sheet 시설공하차집계표
A1: ■시설공 하차집계표
A2: 시 설 명 | B2: 규 격 | C2: 단위 | D2: 수량 | E2: 조경블록(마감) | G2: 조경블록(본체) | O2: 비 고
E3: T75 | G3: T150
E4: 단위수량 | F4: 합계수량 | G4: 단위수량 | H4: 합계수량
A5: =시설공수량집계!A16 -> 화계 | B5: =시설공수량집계!B16 -> H0.45~2.0, L=113 | C5: =시설공수량집계!C16 -> 식 | D5: =시설공수량집계!D16 -> 1 | E5: =시설공수량산출서!F353 -> 10.659264 | F5: =$D5*E5 -> 10.659264 | G5: =시설공수량산출서!F354 -> 132.9741 | H5: =$D5*G5 -> 132.9741 | J5: =$D5*I5 -> 0 | L5: =$D5*K5 -> 0 | N5: =$D5*M5 -> 0
A23: 합계 | E23: =SUM(F5:F22) -> 10.659264 | G23: =SUM(H5:H22) -> 132.9741 | I23: =SUM(J5:J22) -> 0 | K23: =SUM(L5:L22) -> 0 | M23: =SUM(N5:N22) -> 0

Sheet 시설공수량산출서
A1: ■ | B1: =시설공수량집계!A8 -> 통석스탠드 | C1: =시설공수량집계!B8 -> W500xH400 | E1: m
A2: NO | B2: 공 종 명 | C2: 규 격 | D2: 산 출 근 거 | E2: 단위 | F2: 수 량 | G2: 비 고
A17: 1 | B17: 터파기 | D17: 1.1*0.28*1.0 | E17: ㎥ | F17: =1.1*0.28*1 -> 0.308
A18: 2 | B18: 잔토처리 | D18: (0.7*0.15+0.5*0.13)*1.0 | E18: ㎥ | F18: =(0.7*0.15+0.5*0.13)*1 -> 0.17
A19: 3 | B19: 되메우고 다짐 | D19: 터파기-잔토처리 | E19: ㎥ | F19: =F17-F18 -> 0.138
A20: 4 | B20: 레미콘 | C20: 25-18-8 | D20: 0.7*0.15*1.0 | E20: ㎥ | F20: =0.7*0.15*1 -> 0.105 | G20: 정미량
D21: 0.105*1.02(할증) | E21: ㎥ | F21: =F20*1.02 -> 0.1071 | G21: 할증량
A22: 5 | B22: 레미콘 타설 | C22: 무근 | D22: 레미콘 정미량 | E22: ㎥ | F22: =F20 -> 0.105
A23: 6 | B23: 합판거푸집 | C23: 간단,6회 | D23: (1.0*0.15)*2면 | E23: ㎡ | F23: =(1*0.15)*2 -> 0.3
A24: 7 | B24: 붙임몰탈 | D24: 0.5*1.0*0.03 | E24: ㎥ | F24: =0.5*1*0.03 -> 0.015
D25: 0.015*1.06(할증) | E25: ㎥ | F25: =F24*1.06 -> 0.0159 | G25: 할증량
A26: 8 | B26: 장대석 | C26: 400x500x1000 | D26: 1 | E26: m | F26: 1 | G26: 정미량
A27: 9 | B27: 조경유용석 놓기 | D27: 0.4*0.5*1.0*2.65ton | E27: ton | F27: =0.4*0.5*1*2.65 -> 0.53
A39: ■ | B39: =시설공수량집계!A9 -> 전망스탠드 | C39: =시설공수량집계!B9 -> - | E39: 개소
A40: NO | B40: 공 종 명 | C40: 규 격 | D40: 산 출 근 거 | E40: 단위 | F40: 수 량 | G40: 비 고
B56: * 전망대 폭 : 14.5m
B57: * 경사면길이 : 7.5m
A58: 1 | B58: 터파기 | D58: 18.5*11.5*0.25 | E58: ㎥ | F58: =18.5*11.5*0.25 -> 53.1875
A59: 2 | B59: 잔토처리 | D59: 14.5*7.5*0.25 | E59: ㎥ | F59: =14.5*7.5*0.25 -> 27.1875
A60: 3 | B60: 되메우기 | D60: 터파기-잔토처리 | E60: ㎥ | F60: =F58-F59 -> 26
A61: 4 | B61: 혼합골재 | D61: 14.5*7.5*0.1 | E61: ㎥ | F61: =14.5*7.5*0.1 -> 10.875 | G61: 정미량
D62: 10.88*1.04(할증) | E62: ㎥ | F62: =F61*1.04 -> 11.31 | G62: 할증량
A63: 5 | B63: 보조기층 부설 및 다짐 | D63: 혼합골재 정미량 | E63: ㎥ | F63: =F61 -> 10.875
A64: 6 | B64: 레미콘 | C64: 25-18-8 | D64: (14.5*7.5*0.15)+((0.6*0.3/2)*144.54m)+(0.3*0.15*36.0m) | E64: ㎥ | F64: =(14.5*7.5*0.15)+((0.6*0.3/2)*144.54)+(0.3*0.15*36) -> 30.9411 | G64: 정미량
D65: 30.94*1.02(할증) | E65: ㎥ | F65: =F64*1.02 -> 31.559922 | G65: 할증량
A66: 8 | B66: 레미콘 타설 | C66: 무근 | D66: 레미콘 정미량 | E66: ㎥ | F66: =F64 -> 30.9411
A67: 9 | B67: 합판거푸집 | C67: 간단,1회 | D67: (0.3*144.54)+(0.15*36.0)+2.1m2*2 | E67: ㎡ | F67: =(0.3*144.54)+(0.15*36)+(2.1*2) -> 52.962
A68: 10 | B68: 이형철근 | C68: D13 | D68: (8.36m*14.5m)/0.25*2 | E68: m | F68: =(8.36*14.5)/0.25*2 -> 969.76
D69: 969.76*0.995kg/m | E69: kg | F69: =F68*0.995 -> 964.9112 | G69: 정미량
D70: 964.911*1.03(할증) | E70: kg | F70: =F69*1.03 -> 993.85854 | G70: 할증량
A71: 11 | B71: 철근가공조립 | C71: 간단 | D71: 이형철근 정미량 | E71: kg | F71: =F69 -> 964.9112
A72: 12 | B72: 바탕면처리 | D72: (97.18m2)+(144.54m*0.3) | E72: ㎡ | F72: =(97.18)+(144.54*0.3) -> 140.542
A77: ■ | B77: =시설공수량집계!A10 -> 계단A | C77: =시설공수량집계!B10 -> W4000 x 14단, H150 | E77: 개소
A78: NO | B78: 공 종 명 | C78: 규 격 | D78: 산 출 근 거 | E78: 단위 | F78: 수 량 | G78: 비 고
B89: * 날개벽길이 : 6.9m x 2
B90: * 계단A 면적 : 22.8㎡ (계단참 포함)
A91: 1 | B91: 터파기 | D91: (0.74*0.31*6.9m*2)+(6.9*4.0*0.31) | E91: ㎥ | F91: =(0.74*0.31*6.9*2)+(6.9*4*0.31) -> 11.72172
A92: 2 | B92: 잔토처리 | D92: ((0.4*0.1)+(0.34*0.15)+(0.3*0.06))*6.9*2+(6.9*4.0*0.31) | E92: ㎥ | F92: =((0.4*0.1)+(0.34*0.15)+(0.3*0.06))*6.9*2+(6.9*4*0.31) -> 10.0602
A93: 3 | B93: 되메우기 | D93: 터파기-잔토처리 | E93: ㎥ | F93: =F91-F92 -> 1.66152
A94: 4 | B94: 혼합골재 | D94: ((0.4*0.1))*6.9*2+(6.9*4.0*0.1) | E94: ㎥ | F94: =((0.4*0.1))*6.9*2+(6.9*4*0.1) -> 3.312 | G94: 정미량
D95: 3.31*1.04(할증) | E95: ㎥ | F95: =F94*1.04 -> 3.44448 | G95: 할증량
A96: 5 | B96: 보조기층 부설 및 다짐 | D96: 혼합골재 정미량 | E96: ㎥ | F96: =F94 -> 3.312
A97: 6 | B97: 레미콘 | C97: 25-18-8 | D97: ((0.34*0.15)+(0.18*0.3))*6.9*2+(6.9*4.0*0.15)+((0.15*0.3/2)*4.0*14) | E97: ㎥ | F97: =((0.34*0.15)+(0.18*0.3))*6.9*2+(6.9*4*0.15)+((0.15*0.3/2)*4*14) -> 6.849 | G97: 정미량
D98: 6.85*1.02(할증) | E98: ㎥ | F98: =F97*1.02 -> 6.98598 | G98: 할증량
A99: 7 | B99: 레미콘 타설 | C99: 무근 | D99: 레미콘 정미량 | E99: ㎥ | F99: =F97 -> 6.849
A100: 8 | B100: 합판거푸집 | C100: 간단,6회 | D100: (0.51*6.9*2)*2면+(4.0*0.15*14단) | E100: ㎡ | F100: =(0.51*6.9*2)*2+(4*0.15*14) -> 22.476
A101: 9 | B101: 이형철근 | C101: D13 | D101: ((6.5*4.0)+(0.3*6.9*2))/0.25*2 | E101: m | F101: =((6.5*4)+(0.3*6.9*2))/0.25*2 -> 241.12
D102: 241.12*0.995kg/m | E102: kg | F102: =F101*0.995 -> 239.9144 | G102: 정미량
D103: 239.914*1.03(할증) | E103: kg | F103: =F102*1.03 -> 247.11183 | G103: 할증량
A104: 10 | B104: 철근가공조립 | C104: 간단 | D104: 이형철근 정미량 | E104: kg | F104: =F102 -> 239.9144
A105: 11 | B105: 붙임몰탈 | D105: ((0.36+0.3+0.36)*6.9*2+(7.74*4.0))*0.03 | E105: ㎥ | F105: =((0.36+0.3+0.36)*6.9*2+(7.74*4))*0.03 -> 1.35108
A106: 12 | B106: 화강석판석 | C106: T30 | D106: (0.36+0.3+0.36)*6.9*2+(7.74*4.0) | E106: ㎡ | F106: =(0.36+0.3+0.36)*6.9*2+(7.74*4) -> 45.036 | G106: 정미량
D107: 45.04*1.1(할증) | E107: ㎡ | F107: =F106*1.1 -> 49.5396 | G107: 할증량
A108: 13 | B108: 석재붙임 | C108: 습식,벽체 | D108: (0.36+0.36)*6.9*2+(0.15*4.0*14단) | E108: ㎡ | F108: =(0.36+0.36)*6.9*2+(0.15*4*14) -> 18.336
A109: 14 | B109: 석재붙임 | C109: 습식,바닥 | D109: (0.3*6.9*2)+(7.74*4.0)-(0.15*4.0*14단) | E109: ㎡ | F109: =(0.3*6.9*2)+(7.74*4)-(0.15*4*14) -> 26.7
A117: ■ | B117: =시설공수량집계!A11 -> 계단B | C117: =시설공수량집계!B11 -> W1500 x 18단, H180 | E117: 개소
A118: NO | B118: 공 종 명 | C118: 규 격 | D118: 산 출 근 거 | E118: 단위 | F118: 수 량 | G118: 비 고
B129: * 날개벽길이 : 8.5m x 2
B130: * 계단B 면적 : 10.8㎡ (계단참 포함)
A131: 1 | B131: 터파기 | D131: (0.74*0.31*8.5m*2)+(8.5*1.5*0.31) | E131: ㎥ | F131: =(0.74*0.31*8.5*2)+(8.5*1.5*0.31) -> 7.8523
A132: 2 | B132: 잔토처리 | D132: ((0.4*0.1)+(0.34*0.15)+(0.3*0.06))*8.5*2+(8.5*1.5*0.31) | E132: ㎥ | F132: =((0.4*0.1)+(0.34*0.15)+(0.3*0.06))*8.5*2+(8.5*1.5*0.31) -> 5.8055
A133: 3 | B133: 되메우기 | D133: 터파기-잔토처리 | E133: ㎥ | F133: =F131-F132 -> 2.0468
A134: 4 | B134: 혼합골재 | D134: ((0.4*0.1))*8.5*2+(8.5*1.5*0.1) | E134: ㎥ | F134: =((0.4*0.1))*8.5*2+(8.5*1.5*0.1) -> 1.955 | G134: 정미량
D135: 1.955*1.04(할증) | E135: ㎥ | F135: =F134*1.04 -> 2.0332 | G135: 할증량
A136: 5 | B136: 보조기층 부설 및 다짐 | D136: 혼합골재 정미량 | E136: ㎥ | F136: =F134 -> 1.955
A137: 6 | B137: 레미콘 | C137: 25-18-8 | D137: ((0.34*0.15)+(0.18*0.15))*8.5*2+(8.5*1.5*0.18)+((0.18*0.3/2)*1.5*18) | E137: ㎥ | F137: =((0.34*0.15)+(0.18*0.15))*8.5*2+(8.5*1.5*0.18)+((0.18*0.3/2)*1.5*18) -> 4.35 | G137: 정미량
D138: 4.35*1.02(할증) | E138: ㎥ | F138: =F137*1.02 -> 4.437 | G138: 할증량
A139: 7 | B139: 레미콘 타설 | C139: 무근 | D139: 레미콘 정미량 | E139: ㎥ | F139: =F137 -> 4.35
A140: 8 | B140: 합판거푸집 | C140: 간단,6회 | D140: (0.3*8.5*2)*2면+(1.5*0.18*18단) | E140: ㎡ | F140: =(0.3*8.5*2)*2+(1.5*0.18*18) -> 15.06
A141: 9 | B141: 이형철근 | C141: D13 | D141: ((8.5*1.5)+(0.15*8.5*2))/0.25*2 | E141: m | F141: =((8.5*1.5)+(0.15*8.5*2))/0.25*2 -> 122.4
D142: 122.4*0.995kg/m | E142: kg | F142: =F141*0.995 -> 121.788 | G142: 정미량
D143: 121.788*1.03(할증) | E143: kg | F143: =F142*1.03 -> 125.44164 | G143: 할증량
A144: 10 | B144: 철근가공조립 | C144: 간단 | D144: 이형철근 정미량 | E144: kg | F144: =F142 -> 121.788
A145: 11 | B145: 붙임몰탈 | D145: ((0.15+0.3+0.15)*8.5*2+(10.32m*1.5))*0.03 | E145: ㎥ | F145: =((0.15+0.3+0.15)*8.5*2+(10.32*1.5))*0.03 -> 0.7704
A146: 12 | B146: 화강석판석 | C146: T30 | D146: (0.15+0.3+0.15)*8.5*2+(10.32*1.5) | E146: ㎡ | F146: =(0.15+0.3+0.15)*8.5*2+(10.32*1.5) -> 25.68 | G146: 정미량
D147: 25.68*1.1(할증) | E147: ㎡ | F147: =F146*1.1 -> 28.248 | G147: 할증량
A148: 13 | B148: 석재붙임 | C148: 습식,벽체 | D148: (0.15+0.15)*8.5*2+(0.18*1.5*18단) | E148: ㎡ | F148: =(0.15+0.15)*8.5*2+(0.18*1.5*18) -> 9.96
A149: 14 | B149: 석재붙임 | C149: 습식,바닥 | D149: (0.3*8.5*2)+(10.32*1.5)-(0.18*1.5*18단) | E149: ㎡ | F149: =(0.3*8.5*2)+(10.32*1.5)-(0.18*1.5*18) -> 15.72
A150: 15 | B150: 디자인형휀스 | C150: H1200 | D150: (8.8*2)/1.5=11.73 | E150: 경간 | F150: 12
A157: ■ | B157: =시설공수량집계!A12 -> 계단C | C157: =시설공수량집계!B12 -> W2500 x 7단, H150 | E157: 개소
A158: NO | B158: 공 종 명 | C158: 규 격 | D158: 산 출 근 거 | E158: 단위 | F158: 수 량 | G158: 비 고
B169: * 날개벽길이 : 3.1m x 2
B170: * 계단C 면적 : 5.4㎡
A171: 1 | B171: 터파기 | D171: (0.74*0.31*3.1m*2)+(3.1*2.5*0.31) | E171: ㎥ | F171: =(0.74*0.31*3.1*2)+(3.1*2.5*0.31) -> 3.82478
A172: 2 | B172: 잔토처리 | D172: ((0.4*0.1)+(0.34*0.15)+(0.3*0.06))*3.1*2+(3.1*2.5*0.31) | E172: ㎥ | F172: =((0.4*0.1)+(0.34*0.15)+(0.3*0.06))*3.1*2+(3.1*2.5*0.31) -> 3.0783
A173: 3 | B173: 되메우기 | D173: 터파기-잔토처리 | E173: ㎥ | F173: =F171-F172 -> 0.74648
A174: 4 | B174: 혼합골재 | D174: ((0.4*0.1))*3.1*2+(3.1*2.5*0.1) | E174: ㎥ | F174: =((0.4*0.1))*3.1*2+(3.1*2.5*0.1) -> 1.023 | G174: 정미량
D175: 1.023*1.04(할증) | E175: ㎥ | F175: =F174*1.04 -> 1.06392 | G175: 할증량
A176: 5 | B176: 보조기층 부설 및 다짐 | D176: 혼합골재 정미량 | E176: ㎥ | F176: =F174 -> 1.023
A177: 6 | B177: 레미콘 | C177: 25-18-8 | D177: ((0.34*0.15)+(0.18*0.3))*3.1*2+(3.1*2.5*0.15)+((0.15*0.3/2)*2.5*7) | E177: ㎥ | F177: =((0.34*0.15)+(0.18*0.3))*3.1*2+(3.1*2.5*0.15)+((0.15*0.3/2)*2.5*7) -> 2.20725 | G177: 정미량
D178: 2.207*1.02(할증) | E178: ㎥ | F178: =F177*1.02 -> 2.251395 | G178: 할증량
A179: 7 | B179: 레미콘 타설 | C179: 무근 | D179: 레미콘 정미량 | E179: ㎥ | F179: =F177 -> 2.20725
A180: 8 | B180: 합판거푸집 | C180: 간단,6회 | D180: (0.51*3.1*2)*2면+(2.5*0.15*7단) | E180: ㎡ | F180: =(0.51*3.1*2)*2+(2.5*0.15*7) -> 8.949
A181: 9 | B181: 이형철근 | C181: D13 | D181: ((3.1*2.5)+(0.3*3.1*2))/0.25*2 | E181: m | F181: =((3.1*2.5)+(0.3*3.1*2))/0.25*2 -> 76.88
D182: 76.88*0.995kg/m | E182: kg | F182: =F181*0.995 -> 76.4956 | G182: 정미량
D183: 76.496*1.03(할증) | E183: kg | F183: =F182*1.03 -> 78.790468 | G183: 할증량
A184: 10 | B184: 철근가공조립 | C184: 간단 | D184: 이형철근 정미량 | E184: kg | F184: =F182 -> 76.4956
A185: 11 | B185: 붙임몰탈 | D185: ((0.36+0.3+0.36)*3.1*2+(3.03*2.5))*0.03 | E185: ㎥ | F185: =((0.36+0.3+0.36)*3.1*2+(3.03*2.5))*0.03 -> 0.41697
A186: 12 | B186: 화강석판석 | C186: T30 | D186: (0.36+0.3+0.36)*3.1*2+(3.03*2.5) | E186: ㎡ | F186: =(0.36+0.3+0.36)*3.1*2+(3.03*2.5) -> 13.899 | G186: 정미량
D187: 13.90*1.1(할증) | E187: ㎡ | F187: =F186*1.1 -> 15.2889 | G187: 할증량
...

Sheet 포장공
G8: 포장공

Sheet 포장공수량집계
A1: ■포장공수량집계표
A2: 포 장 명 | B2: 규 격 | C2: 단 위 | D2: 총수량 | E2: 비 고
A4: 콘크리트포장 | B4: T150,거친솔마감 | C4: ㎡ | D4: 1831
A5: 인조화강석블럭포장 | B5: 200x200xT60 | C5: ㎡ | D5: 3450
A6: 마사토포장 | B6: T100 | C6: ㎡ | D6: 1627
A7: 인조잔디포장 | B7: T19 | C7: ㎡ | D7: 648
A8: 디딤석놓기 | B8: 1000x500xT50 | C8: 개소 | D8: 4
A9: 녹지경계석(직선) | B9: 150x150x1000 | C9: m | D9: 1339
A10: 녹지경계석(곡선) | B10: 150x150x1000 | C10: m | D10: 265
A11: 포장경계석(직선) | B11: 150x150x1000 | C11: m | D11: 157
A12: 포장경계석(곡선) | B12: 150x150x1000 | C12: m | D12: 29
A13: 경계엣지 | B13: L100 | C13: m | D13: 795
A14: 경계거푸집 | B14: H100 | C14: m | D14: 2005

Sheet 포장공관급자재집계표
A1: ■포장공 관급자재집계표
A2: 포 장 명 | B2: 규 격 | C2: 단위 | D2: 수량 | E2: 인조화강석블럭(m2) | G2: =A8 -> 인조잔디포장 | I2: 화강석경계석(직선,m) | K2: 화강석경계석(곡선,m) | M2: 레미콘(m3) | Q2: 비 고
E3: =B6 -> 200x200xT60 | G3: =B8 -> T19 | I3: =B10 -> 150x150x1000 | K3: =B11 -> 150x150x1000 | M3: 25-18-8
E4: 단위수량 | F4: 합계수량 | G4: 단위수량 | H4: 합계수량 | I4: 단위수량 | J4: 합계수량 | K4: 단위수량 | L4: 합계수량 | M4: 단위수량 | N4: 합계수량
A5: =포장공수량집계!A4 -> 콘크리트포장 | B5: =포장공수량집계!B4 -> T150,거친솔마감 | C5: =포장공수량집계!C4 -> ㎡ | D5: =포장공수량집계!D4 -> 1831 | F5: =$D$6*E5 -> 0 | H5: =D5*G5 -> 0 | J5: =D5*I5 -> 0 | L5: =D5*K5 -> 0 | N5: =D5*M5 -> 0 | P5: =D5*O5 -> 0
A6: =포장공수량집계!A5 -> 인조화강석블럭포장 | B6: =포장공수량집계!B5 -> 200x200xT60 | C6: =포장공수량집계!C5 -> ㎡ | D6: =포장공수량집계!D5 -> 3450 | E6: =포장공수량산출서!F65 -> 1.04 | F6: =$D$6*E6 -> 3588 | H6: =D6*G6 -> 0 | J6: =D6*I6 -> 0 | L6: =D6*K6 -> 0 | N6: =D6*M6 -> 0 | P6: =D6*O6 -> 0
A7: =포장공수량집계!A6 -> 마사토포장 | B7: =포장공수량집계!B6 -> T100 | C7: =포장공수량집계!C6 -> ㎡ | D7: =포장공수량집계!D6 -> 1627 | F7: =D7*E7 -> 0 | H7: =D7*G7 -> 0 | J7: =D7*I7 -> 0 | L7: =D7*K7 -> 0 | N7: =D7*M7 -> 0 | P7: =D7*O7 -> 0
A8: =포장공수량집계!A7 -> 인조잔디포장 | B8: =포장공수량집계!B7 -> T19 | C8: =포장공수량집계!C7 -> ㎡ | D8: =포장공수량집계!D7 -> 648 | F8: =D8*E8 -> 0 | G8: =포장공수량산출서!F142 -> 1 | H8: =D8*G8 -> 648 | J8: =D8*I8 -> 0 | L8: =D8*K8 -> 0 | M8: =포장공수량산출서!F139 -> 0.1 | N8: =D8*M8 -> 64.8 | P8: =D8*O8 -> 0
A9: =포장공수량집계!A8 -> 디딤석놓기 | B9: =포장공수량집계!B8 -> 1000x500xT50 | C9: =포장공수량집계!C8 -> 개소 | D9: =포장공수량집계!D8 -> 4 | F9: =D9*E9 -> 0 | H9: =D9*G9 -> 0 | J9: =D9*I9 -> 0 | L9: =D9*K9 -> 0 | N9: =D9*M9 -> 0 | P9: =D9*O9 -> 0
A10: =포장공수량집계!A9 -> 녹지경계석(직선) | B10: =포장공수량집계!B9 -> 150x150x1000 | C10: =포장공수량집계!C9 -> m | D10: =포장공수량집계!D9 -> 1339 | F10: =D10*E10 -> 0 | H10: =D10*G10 -> 0 | I10: =포장공수량산출서!F216 -> 1.03 | J10: =D10*I10 -> 1379.17 | L10: =D10*K10 -> 0 | M10: =포장공수량산출서!F213 -> 0.04 | N10: =D10*M10 -> 53.56 | P10: =D10*O10 -> 0
A11: =포장공수량집계!A10 -> 녹지경계석(곡선) | B11: =포장공수량집계!B10 -> 150x150x1000 | C11: =포장공수량집계!C10 -> m | D11: =포장공수량집계!D10 -> 265 | F11: =D11*E11 -> 0 | H11: =D11*G11 -> 0 | J11: =D11*I11 -> 0 | K11: =포장공수량산출서!F254 -> 1.03 | L11: =D11*K11 -> 272.95 | M11: =포장공수량산출서!F251 -> 0.04 | N11: =D11*M11 -> 10.6 | P11: =D11*O11 -> 0
A12: =포장공수량집계!A11 -> 포장경계석(직선) | B12: =포장공수량집계!B11 -> 150x150x1000 | C12: =포장공수량집계!C11 -> m | D12: =포장공수량집계!D11 -> 157 | F12: =D12*E12 -> 0 | H12: =D12*G12 -> 0 | I12: =포장공수량산출서!F292 -> 1.03 | J12: =D12*I12 -> 161.71 | L12: =D12*K12 -> 0 | M12: =포장공수량산출서!F289 -> 0.04 | N12: =D12*M12 -> 6.28 | P12: =D12*O12 -> 0
A13: =포장공수량집계!A12 -> 포장경계석(곡선) | B13: =포장공수량집계!B12 -> 150x150x1000 | C13: =포장공수량집계!C12 -> m | D13: =포장공수량집계!D12 -> 29 | F13: =D13*E13 -> 0 | H13: =D13*G13 -> 0 | J13: =D13*I13 -> 0 | K13: =포장공수량산출서!F330 -> 1.03 | L13: =D13*K13 -> 29.87 | M13: =포장공수량산출서!F327 -> 0.04 | N13: =D13*M13 -> 1.16 | P13: =D13*O13 -> 0
A14: =포장공수량집계!A13 -> 경계엣지 | B14: =포장공수량집계!B13 -> L100 | C14: =포장공수량집계!C13 -> m | D14: =포장공수량집계!D13 -> 795 | F14: =D14*E14 -> 0 | H14: =D14*G14 -> 0 | J14: =D14*I14 -> 0 | L14: =D14*K14 -> 0 | N14: =D14*M14 -> 0 | P14: =D14*O14 -> 0
A15: =포장공수량집계!A14 -> 경계거푸집 | B15: =포장공수량집계!B14 -> H100 | C15: =포장공수량집계!C14 -> m | D15: =포장공수량집계!D14 -> 2005 | F15: =D15*E15 -> 0 | H15: =D15*G15 -> 0 | J15: =D15*I15 -> 0 | L15: =D15*K15 -> 0 | N15: =D15*M15 -> 0 | P15: =D15*O15 -> 0
N16: =D16*M16 -> 0
A17: 합계 | E17: =SUM(F6:F16) -> 3588 | G17: =SUM(H6:H16) -> 648 | I17: =SUM(J6:J16) -> 1540.88 | K17: =SUM(L6:L16) -> 302.82 | M17: =SUM(N6:N16) -> 136.4 | O17: =SUM(P6:P16) -> 0
A18: 환산 | E18: =ROUNDUP(E17,0) -> 3588 | G18: =ROUNDUP(G17,0) -> 648 | I18: =ROUNDUP(I17,0) -> 1541 | K18: =ROUNDUP(K17,0) -> 303 | M18: =ROUNDUP(M17,0) -> 137 | O18: =ROUNDUP(O17,0) -> 0

Sheet 포장공운반집계표
A1: ■포장공 운반 집계표
A2: 시 설 명 | B2: 규 격 | C2: 단위 | D2: 총 수 량 | E2: 단위중량 (kg) | F2: 양중 | H2: 지게운반 | N2: 비 고
H3: 290M | J3: 50M | L3: 70M
F4: 적용수량 | G4: 합계 | H4: 적용수량 | I4: 합계 | J4: 적용수량 | K4: 합계 | L4: 적용수량 | M4: 합계
A5: =포장공수량집계!A5 -> 인조화강석블럭포장 | B5: =포장공수량집계!B5 -> 200x200xT60 | C5: =포장공수량집계!C5 -> ㎡ | D5: 337 | E5: =포장공수량산출서!F72 -> 0 | F5: =D5 -> 337 | G5: =E5*F5 -> 0 | I5: =E5*H5 -> 0 | K5: =E5*J5 -> 0 | M5: =E5*L5 -> 0
A6: =포장공수량집계!#REF! -> #REF! | B6: =포장공수량집계!#REF! -> #REF! | C6: =포장공수량집계!#REF! -> #REF! | D6: =포장공수량집계!#REF! -> #REF! | E6: 0 | F6: 0 | G6: =E6*F6 -> 0 | I6: =E6*H6 -> 0 | K6: =E6*J6 -> 0 | M6: =E6*L6 -> 0
A7: =포장공수량집계!A6 -> 마사토포장 | B7: =포장공수량집계!B6 -> T100 | C7: =포장공수량집계!C6 -> ㎡ | D7: =포장공수량집계!D6 -> 1627 | E7: 0 | F7: 0 | G7: =E7*F7 -> 0 | I7: =E7*H7 -> 0 | K7: =E7*J7 -> 0 | M7: =E7*L7 -> 0
A8: =포장공수량집계!A8 -> 디딤석놓기 | B8: =포장공수량집계!B8 -> 1000x500xT50 | C8: =포장공수량집계!C8 -> 개소 | D8: =포장공수량집계!D8 -> 4 | E8: 0 | F8: 0 | G8: =E8*F8 -> 0 | I8: =E8*H8 -> 0 | K8: =E8*J8 -> 0 | M8: =E8*L8 -> 0
A9: =포장공수량집계!#REF! -> #REF! | B9: =포장공수량집계!#REF! -> #REF! | C9: =포장공수량집계!#REF! -> #REF! | D9: =포장공수량집계!#REF! -> #REF! | E9: 0 | F9: 0 | G9: =E9*F9 -> 0 | I9: =E9*H9 -> 0 | K9: =E9*J9 -> 0 | M9: =E9*L9 -> 0
A10: =포장공수량집계!A9 -> 녹지경계석(직선) | B10: =포장공수량집계!B9 -> 150x150x1000 | C10: =포장공수량집계!C9 -> m | D10: =포장공수량집계!D9 -> 1339 | E10: =포장공수량산출서!F219 -> 0 | F10: =D10 -> 1339 | G10: =E10*F10 -> 0 | I10: =E10*H10 -> 0 | K10: =E10*J10 -> 0 | M10: =E10*L10 -> 0
A11: =포장공수량집계!A10 -> 녹지경계석(곡선) | B11: =포장공수량집계!B10 -> 150x150x1000 | C11: =포장공수량집계!C10 -> m | D11: =포장공수량집계!D10 -> 265 | E11: =포장공수량산출서!F257 -> 0 | F11: =D11 -> 265 | G11: =E11*F11 -> 0 | I11: =E11*H11 -> 0 | K11: =E11*J11 -> 0 | M11: =E11*L11 -> 0
A12: =포장공수량집계!A11 -> 포장경계석(직선) | B12: =포장공수량집계!B11 -> 150x150x1000 | C12: =포장공수량집계!C11 -> m | D12: =포장공수량집계!D11 -> 157 | E12: =포장공수량산출서!F295 -> 0 | F12: =D12 -> 157 | G12: =E12*F12 -> 0 | I12: =E12*H12 -> 0 | K12: =E12*J12 -> 0 | M12: =E12*L12 -> 0
A13: =포장공수량집계!A12 -> 포장경계석(곡선) | B13: =포장공수량집계!B12 -> 150x150x1000 | C13: =포장공수량집계!C12 -> m | D13: =포장공수량집계!D12 -> 29 | E13: =포장공수량산출서!F333 -> 0 | F13: =D13 -> 29 | G13: =E13*F13 -> 0 | I13: =E13*H13 -> 0 | K13: =E13*J13 -> 0 | M13: =E13*L13 -> 0
A14: =포장공수량집계!#REF! -> #REF! | B14: =포장공수량집계!#REF! -> #REF! | C14: =포장공수량집계!#REF! -> #REF! | D14: =포장공수량집계!#REF! -> #REF! | E14: =포장공수량산출서!#REF! -> #REF! | F14: =D14 -> #REF! | G14: =E14*F14 -> #REF! | I14: =E14*H14 -> #REF! | K14: =E14*J14 -> #REF! | M14: =E14*L14 -> #REF!
A15: =포장공수량집계!A13 -> 경계엣지 | B15: =포장공수량집계!B13 -> L100 | C15: =포장공수량집계!C13 -> m | D15: =포장공수량집계!D13 -> 795 | E15: 0 | F15: 0 | G15: =E15*F15 -> 0 | I15: =E15*H15 -> 0 | K15: =E15*J15 -> 0 | M15: =E15*L15 -> 0
A16: =포장공수량집계!A14 -> 경계거푸집 | B16: =포장공수량집계!B14 -> H100 | C16: =포장공수량집계!C14 -> m | D16: =포장공수량집계!D14 -> 2005 | E16: 0 | F16: 0 | G16: =E16*F16 -> 0 | I16: =E16*H16 -> 0 | K16: =E16*J16 -> 0 | M16: =E16*L16 -> 0
A18: =포장공수량집계!A10 -> 녹지경계석(곡선) | B18: =포장공수량집계!B10 -> 150x150x1000 | C18: =포장공수량집계!C10 -> m | D18: =포장공수량집계!D10 -> 265 | F18: 1 | G18: =E18*F18 -> 0 | I18: =E18*H18 -> 0 | K18: =E18*J18 -> 0 | M18: =E18*L18 -> 0
A19: 합계 | F19: =SUM(G5:G18) -> #REF! | H19: =SUM(I5:I18) -> #REF! | J19: =SUM(K5:K18) -> #REF! | L19: =SUM(M5:M18) -> #REF!

Sheet 포장공토공집계표
A1: ■포장공 토공집계표
A2: 포 장 명 | B2: 규 격 | C2: 단 위 | D2: 수 량 | E2: 터파기/토사(m3) | I2: 잔토처리/토사(m3) | M2: 되메우기(m3) | Q2: 성토 | S2: 절토 | U2: 비 고
E3: 기계 | G3: 인력 | I3: 기계 | K3: 인력 | M3: 기계 | O3: 인력
A4: =포장공수량집계!A4 -> 콘크리트포장 | B4: =포장공수량집계!B4 -> T150,거친솔마감 | C4: =포장공수량집계!C4 -> ㎡ | D4: =포장공수량집계!D4 -> 1831 | E4: =포장공수량산출서!F18 -> 0.25 | F4: =D4*E4 -> 457.75 | H4: =D4*G4 -> 0 | I4: =포장공수량산출서!F19 -> 0.25 | J4: =D4*I4 -> 457.75 | L4: =D4*K4 -> 0 | N4: =D4*M4 -> 0 | P4: =D4*O4 -> 0
A5: =포장공수량집계!A5 -> 인조화강석블럭포장 | B5: =포장공수량집계!B5 -> 200x200xT60 | C5: =포장공수량집계!C5 -> ㎡ | D5: =포장공수량집계!D5 -> 3450 | E5: =포장공수량산출서!F56 -> 0.2 | F5: =D5*E5 -> 690 | H5: =D5*G5 -> 0 | I5: =포장공수량산출서!F57 -> 0.2 | J5: =D5*I5 -> 690 | L5: =D5*K5 -> 0 | N5: =D5*M5 -> 0 | P5: =D5*O5 -> 0
A6: =포장공수량집계!A6 -> 마사토포장 | B6: =포장공수량집계!B6 -> T100 | C6: =포장공수량집계!C6 -> ㎡ | D6: =포장공수량집계!D6 -> 1627 | E6: =포장공수량산출서!F94 -> 0.25 | F6: =D6*E6 -> 406.75 | H6: =D6*G6 -> 0 | I6: =포장공수량산출서!F95 -> 0.25 | J6: =D6*I6 -> 406.75 | L6: =D6*K6 -> 0 | N6: =D6*M6 -> 0 | P6: =D6*O6 -> 0
A7: =포장공수량집계!A7 -> 인조잔디포장 | B7: =포장공수량집계!B7 -> T19 | C7: =포장공수량집계!C7 -> ㎡ | D7: =포장공수량집계!D7 -> 648 | E7: =포장공수량산출서!F132 -> 0.25 | F7: =D7*E7 -> 162 | H7: =D7*G7 -> 0 | I7: =포장공수량산출서!F133 -> 0.25 | J7: =D7*I7 -> 162 | L7: =D7*K7 -> 0 | N7: =D7*M7 -> 0 | P7: =D7*O7 -> 0
A8: =포장공수량집계!A8 -> 디딤석놓기 | B8: =포장공수량집계!B8 -> 1000x500xT50 | C8: =포장공수량집계!C8 -> 개소 | D8: =포장공수량집계!D8 -> 4 | F8: =D8*E8 -> 0 | H8: =D8*G8 -> 0 | J8: =D8*I8 -> 0 | L8: =D8*K8 -> 0 | N8: =D8*M8 -> 0 | P8: =D8*O8 -> 0
A9: =포장공수량집계!A9 -> 녹지경계석(직선) | B9: =포장공수량집계!B9 -> 150x150x1000 | C9: =포장공수량집계!C9 -> m | D9: =포장공수량집계!D9 -> 1339 | E9: =포장공수량산출서!F208 -> 0.16 | F9: =D9*E9 -> 214.24 | H9: =D9*G9 -> 0 | I9: =포장공수량산출서!F209 -> 0.05 | J9: =D9*I9 -> 66.95 | L9: =D9*K9 -> 0 | M9: =포장공수량산출서!F210 -> 0.11 | N9: =D9*M9 -> 147.29 | P9: =D9*O9 -> 0
A10: =포장공수량집계!A10 -> 녹지경계석(곡선) | B10: =포장공수량집계!B10 -> 150x150x1000 | C10: =포장공수량집계!C10 -> m | D10: =포장공수량집계!D10 -> 265 | E10: =포장공수량산출서!F246 -> 0.16 | F10: =D10*E10 -> 42.4 | H10: =D10*G10 -> 0 | I10: =포장공수량산출서!F247 -> 0.05 | J10: =D10*I10 -> 13.25 | L10: =D10*K10 -> 0 | M10: =포장공수량산출서!F248 -> 0.11 | N10: =D10*M10 -> 29.15 | P10: =D10*O10 -> 0
A11: =포장공수량집계!A11 -> 포장경계석(직선) | B11: =포장공수량집계!B11 -> 150x150x1000 | C11: =포장공수량집계!C11 -> m | D11: =포장공수량집계!D11 -> 157 | E11: =포장공수량산출서!F284 -> 0.16 | F11: =D11*E11 -> 25.12 | H11: =D11*G11 -> 0 | I11: =포장공수량산출서!F285 -> 0.05 | J11: =D11*I11 -> 7.85 | L11: =D11*K11 -> 0 | M11: =포장공수량산출서!F286 -> 0.11 | N11: =D11*M11 -> 17.27 | P11: =D11*O11 -> 0
A12: =포장공수량집계!A12 -> 포장경계석(곡선) | B12: =포장공수량집계!B12 -> 150x150x1000 | C12: =포장공수량집계!C12 -> m | D12: =포장공수량집계!D12 -> 29 | E12: =포장공수량산출서!F322 -> 0.16 | F12: =D12*E12 -> 4.64 | H12: =D12*G12 -> 0 | I12: =포장공수량산출서!F323 -> 0.05 | J12: =D12*I12 -> 1.45 | L12: =D12*K12 -> 0 | M12: =포장공수량산출서!F324 -> 0.11 | N12: =D12*M12 -> 3.19 | P12: =D12*O12 -> 0
A13: =포장공수량집계!A13 -> 경계엣지 | B13: =포장공수량집계!B13 -> L100 | C13: =포장공수량집계!C13 -> m | D13: =포장공수량집계!D13 -> 795 | E13: 0 | F13: =D13*E13 -> 0 | H13: =D13*G13 -> 0 | I13: 0 | J13: =D13*I13 -> 0 | L13: =D13*K13 -> 0 | N13: =D13*M13 -> 0 | P13: =D13*O13 -> 0
A14: =포장공수량집계!A14 -> 경계거푸집 | B14: =포장공수량집계!B14 -> H100 | C14: =포장공수량집계!C14 -> m | D14: =포장공수량집계!D14 -> 2005 | E14: 0 | F14: =D14*E14 -> 0 | H14: =D14*G14 -> 0 | I14: 0 | J14: =D14*I14 -> 0 | L14: =D14*K14 -> 0 | N14: =D14*M14 -> 0
A16: 합계 | E16: =SUM(F4:H14) -> 2002.9 | G16: =SUM(H4:H13) -> 0 | I16: =SUM(J4:L14) -> 1806 | K16: =SUM(L4:L13) -> 0 | M16: =SUM(N4:P14) -> 196.9 | O16: =SUM(P4:P13) -> 0

Sheet 포장공하차집계표
A1: ■포장공 하차집계표
A2: 포 장 명 | B2: 규 격 | C2: 단 위 | D2: 수 량 | E2: =A5 -> 인조화강석블럭포장 | G2: 화강석경계석(ton) | K2: 비 고
E3: =B5 -> 200x200xT60 | G3: =B9 -> 150x150x1000
E4: 단위수량(ton) | F4: 합계수량 | G4: 단위수량(ton) | H4: 합계수량
A5: =포장공수량집계!A5 -> 인조화강석블럭포장 | B5: =포장공수량집계!B5 -> 200x200xT60 | C5: =포장공수량집계!C5 -> ㎡ | D5: =포장공수량집계!D5 -> 3450 | E5: =포장공수량산출서!F67 -> 0.18 | F5: =ROUNDUP(D5*E5,1) -> 621 | H5: =ROUNDUP(D5*G5,1) -> 0
A6: =포장공수량집계!A6 -> 마사토포장 | B6: =포장공수량집계!B6 -> T100 | C6: =포장공수량집계!C6 -> ㎡ | D6: =포장공수량집계!D6 -> 1627 | F6: =ROUNDUP(D6*E6,1) -> 0 | H6: =ROUNDUP(D6*G6,1) -> 0
A7: =포장공수량집계!A7 -> 인조잔디포장 | B7: =포장공수량집계!B7 -> T19 | C7: =포장공수량집계!C7 -> ㎡ | D7: =포장공수량집계!D7 -> 648 | F7: =ROUNDUP(D7*E7,1) -> 0 | H7: =ROUNDUP(D7*G7,1) -> 0
A8: =포장공수량집계!A8 -> 디딤석놓기 | B8: =포장공수량집계!B8 -> 1000x500xT50 | C8: =포장공수량집계!C8 -> 개소 | D8: =포장공수량집계!D8 -> 4 | F8: =ROUNDUP(D8*E8,1) -> 0 | H8: =ROUNDUP(D8*G8,1) -> 0
A9: =포장공수량집계!A9 -> 녹지경계석(직선) | B9: =포장공수량집계!B9 -> 150x150x1000 | C9: =포장공수량집계!C9 -> m | D9: =포장공수량집계!D9 -> 1339 | F9: =ROUNDUP(D9*E9,1) -> 0 | G9: =포장공수량산출서!F218 -> 0.059625 | H9: =ROUNDUP(D9*G9,1) -> 79.9
A10: =포장공수량집계!A10 -> 녹지경계석(곡선) | B10: =포장공수량집계!B10 -> 150x150x1000 | C10: =포장공수량집계!C10 -> m | D10: =포장공수량집계!D10 -> 265 | F10: =ROUNDUP(D10*E10,1) -> 0 | G10: =포장공수량산출서!F256 -> 0.059625 | H10: =ROUNDUP(D10*G10,1) -> 15.9
A11: =포장공수량집계!A11 -> 포장경계석(직선) | B11: =포장공수량집계!B11 -> 150x150x1000 | C11: =포장공수량집계!C11 -> m | D11: =포장공수량집계!D11 -> 157 | F11: =ROUNDUP(D11*E11,1) -> 0 | G11: =포장공수량산출서!F294 -> 0.059625 | H11: =ROUNDUP(D11*G11,1) -> 9.4
A12: =포장공수량집계!A12 -> 포장경계석(곡선) | B12: =포장공수량집계!B12 -> 150x150x1000 | C12: =포장공수량집계!C12 -> m | D12: =포장공수량집계!D12 -> 29 | F12: =ROUNDUP(D12*E12,1) -> 0 | G12: =포장공수량산출서!F332 -> 0.059625 | H12: =ROUNDUP(D12*G12,1) -> 1.8
A13: =포장공수량집계!A13 -> 경계엣지 | B13: =포장공수량집계!B13 -> L100 | C13: =포장공수량집계!C13 -> m | D13: =포장공수량집계!D13 -> 795 | F13: =ROUNDUP(D13*E13,1) -> 0 | H13: =ROUNDUP(D13*G13,1) -> 0
A14: =포장공수량집계!A14 -> 경계거푸집 | B14: =포장공수량집계!B14 -> H100 | C14: =포장공수량집계!C14 -> m | D14: =포장공수량집계!D14 -> 2005 | F14: =ROUNDUP(D14*E14,1) -> 0 | H14: =ROUNDUP(D14*G14,1) -> 0
A16: 합계 | E16: =SUM(F5:F14) -> 621 | G16: =SUM(H5:H14) -> 107 | I16: =SUM(J5:J14) -> 0

Sheet 포장공수량산출서
A1: ■ | B1: =포장공수량집계!A4 -> 콘크리트포장 | C1: =포장공수량집계!B4 -> T150,거친솔마감 | E1: ㎡ | F1: 1
A2: NO | B2: 공 종 명 | C2: 규 격 | D2: 산 출 근 거 | E2: 단위 | F2: 수 량 | G2: 비 고
A18: 1 | B18: 터파기 | C18: 기계 | D18: 1*1*0.25 | E18: ㎥ | F18: =1*1*0.25 -> 0.25
A19: 2 | B19: 잔토처리 | C19: 기계 | D19: 1*1*0.25 | E19: ㎥ | F19: =1*1*0.25 -> 0.25
A20: 3 | B20: 원지반다짐 | D20: 1*1 | E20: ㎡ | F20: 1
A21: 4 | B21: 혼합골재 | D21: 1*1*0.1 | E21: ㎥ | F21: =1*1*0.1 -> 0.1 | G21: 정미량
D22: 0.1*1.04(할증) | E22: ㎥ | F22: 0.1 | G22: 할증량
A23: 5 | B23: 보조기층 부설 및 다짐 | D23: 혼합골재 정미량 | E23: ㎥ | F23: =F21 -> 0.1
A24: 6 | B24: 콘크리트포장 | C24: T150 | D24: 1*1 | E24: ㎡ | F24: =1*1 -> 1 | G24: 설치도
A39: ■ | B39: =포장공수량집계!A5 -> 인조화강석블럭포장 | C39: =포장공수량집계!B5 -> 200x200xT60 | E39: ㎡ | F39: 1
A40: NO | B40: 공 종 명 | C40: 규 격 | D40: 산 출 근 거 | E40: 단위 | F40: 수 량 | G40: 비 고
A56: 1 | B56: 터파기 | C56: 기계 | D56: 1*1*0.2 | E56: ㎥ | F56: =1*1*0.2 -> 0.2
A57: 2 | B57: 잔토처리 | C57: 기계 | D57: 1*1*0.2 | E57: ㎥ | F57: =1*1*0.2 -> 0.2
A58: 3 | B58: 원지반다짐 | D58: 1*1 | E58: ㎡ | F58: 1
A59: 4 | B59: 혼합골재 | D59: 1*1*0.1 | E59: ㎥ | F59: =1*1*0.1 -> 0.1 | G59: 정미량
D60: 0.1*1.04(할증) | E60: ㎥ | F60: 0.1 | G60: 할증량
A61: 5 | B61: 보조기층 부설 및 다짐 | D61: 혼합골재 정미량 | E61: ㎥ | F61: =F59 -> 0.1
A62: 6 | B62: 모래 | D62: 1*1*0.04 | E62: ㎥ | F62: =1*1*0.04 -> 0.04 | G62: 정미량
D63: 0.04*1.06(할증) | E63: ㎥ | F63: 0.04 | G63: 할증량
A64: 7 | B64: 인조화강석블럭 | C64: T80 | D64: 1*1 | E64: ㎡ | F64: =1*1 -> 1 | G64: 정미량
D65: 1*1.04(할증) | E65: ㎡ | F65: =F64*1.04 -> 1.04 | G65: 할증량
A66: 8 | B66: 블럭포설 | D66: 인조화강석블럭 정미량 | E66: ㎡ | F66: =F64 -> 1
A67: 9 | B67: 블럭하차 | D67: 1*1*0.08*2.3(단위중량) = 0.184 | E67: TON | F67: 0.18
A77: ■ | B77: =포장공수량집계!A6 -> 마사토포장 | C77: =포장공수량집계!B6 -> T100 | E77: ㎡ | F77: 1
A78: NO | B78: 공 종 명 | C78: 규 격 | D78: 산 출 근 거 | E78: 단위 | F78: 수 량 | G78: 비 고
A94: 1 | B94: 터파기 | C94: 기계 | D94: 1*1*0.25 = 0.25 | E94: ㎥ | F94: 0.25
A95: 2 | B95: 잔토처리 | C95: 기게 | D95: 1*1*0.25 = 0.25 | E95: ㎥ | F95: 0.25
A96: 3 | B96: 원지반다짐 | D96: 1*1 = 1 | E96: ㎡ | F96: 1
A97: 4 | B97: 혼합골재 | D97: 1*1*0.15 = 0.15 | E97: ㎥ | F97: 0.15 | G97: 정미량
D98: 0.15*1.04(할증) | E98: ㎥ | F98: =F97*1.04 -> 0.156 | G98: 할증량
A99: 5 | B99: 보조기층 부설 및 다짐 | D99: 혼합골재 정미량 | E99: ㎥ | F99: =F97 -> 0.15
A100: 6 | B100: =B77 -> 마사토포장 | C100: T100,설치도 | D100: 1*1 = 1 | E100: ㎡ | F100: 1 | G100: 설치도
A115: ■ | B115: =포장공수량집계!A7 -> 인조잔디포장 | C115: =포장공수량집계!B7 -> T19 | E115: ㎡ | F115: 1
A116: NO | B116: 공 종 명 | C116: 규 격 | D116: 산 출 근 거 | E116: 단위 | F116: 수 량 | G116: 비 고
A132: 1 | B132: 터파기 | C132: 기계 | D132: 1*1*0.25 | E132: ㎥ | F132: 0.25
A133: 2 | B133: 잔토처리 | C133: 기게 | D133: 1*1*0.25 | E133: ㎥ | F133: 0.25
A134: 3 | B134: 원지반다짐 | D134: 1*1 = 1 | E134: ㎡ | F134: 1
A135: 4 | B135: 혼합골재 | D135: 1*1*0.15 = 0.15 | E135: ㎥ | F135: 0.15 | G135: 정미량
D136: 0.15*1.04(할증) | E136: ㎥ | F136: =F135*1.04 -> 0.156 | G136: 할증량
A137: 5 | B137: 보조기층 부설 및 다짐 | D137: 혼합골재 정미량 | E137: ㎥ | F137: =F135 -> 0.15
A138: 6 | B138: 레미콘 | C138: 25-18-8 | D138: 1*1*0.1 = 0.1 | E138: ㎥ | F138: 0.1 | G138: 정미량
D139: 0.1*1.02(할증) = 0.102 | E139: ㎡ | F139: 0.1 | G139: 할증량
A140: 7 | B140: 레미콘 타설 | C140: 무근 | D140: 레미콘 정미량 | E140: ㎡ | F140: =F138 -> 0.1
A141: 8 | B141: 와이어메쉬깔기 | C141: #8,150x150 | D141: 1*1 = 1 | E141: ㎡ | F141: 1
A142: 9 | B142: 인조잔디 | C142: T19 | D142: 1*1 = 1 | E142: ㎡ | F142: 1 | G142: 설치도
A153: ■ | B153: =포장공수량집계!A8 -> 디딤석놓기 | C153: =포장공수량집계!B8 -> 1000x500xT50 | E153: =포장공수량집계!C8 -> 개소 | F153: 1
A154: NO | B154: 공 종 명 | C154: 규 격 | D154: 산 출 근 거 | E154: 단위 | F154: 수 량 | G154: 비 고
A170: 1 | B170: 디딤석 | C170: 1000x500x50 | D170: 1 | E170: 개소 | F170: 1
A171: 2 | B171: 디딤석놓기 | C171: 대형블록놓기품 | D171: 1.0*0.5 | E171: ㎡ | F171: =1*0.5 -> 0.5
A191: ■ | B191: =포장공수량집계!A9 -> 녹지경계석(직선) | C191: =포장공수량집계!B9 -> 150x150x1000 | E191: m | F191: 1
A192: NO | B192: 공 종 명 | C192: 규 격 | D192: 산 출 근 거 | E192: 단위 | F192: 수 량 | G192: 비 고
A208: 1 | B208: 터파기 | C208: 기계 | D208: 0.65*0.25*1 = 0.1625 | E208: ㎥ | F208: 0.16
A209: 2 | B209: 잔토처리 | C209: 기계 | D209: (0.25*0.15+0.15*0.1)*1 = 0.0525 | E209: ㎥ | F209: 0.05
A210: 3 | B210: 되메우기 | C210: 기계 | D210: 터파기-잔토처리 | E210: ㎥ | F210: =F208-F209 -> 0.11
A211: 4 | B211: 유로폼 | C211: 간단 | D211: 0.15*1*2 = 0.3 | E211: ㎡ | F211: 0.3
A212: 5 | B212: 레미콘 | C212: 25-18-8 | D212: 0.25*0.15*1 = 0.0375 | E212: ㎥ | F212: 0.04 | G212: 정미량
D213: 0.0375*1.02(할증) = 0.03825 | E213: ㎥ | F213: 0.04 | G213: 할증량
A214: 6 | B214: 레미콘타설 | C214: 무근 | D214: 레미콘 정미량 | E214: ㎥ | F214: =F212 -> 0.04
A215: 7 | B215: 화강석경계석 | C215: 직선 | D215: 1 = 1 | E215: m | F215: 1 | G215: 정미량
D216: 1*1.03(할증) = 1.03 | E216: m | F216: 1.03 | G216: 할증량
A217: 8 | B217: 경계석 설치 | D217: 화강석경계석 정미량 | E217: m | F217: =F215 -> 1
A218: 9 | B218: 경계석하차 | D218: 0.15*0.15*1*2.65(ton/m3,단위중량) | E218: TON | F218: =0.15*0.15*1*2.65 -> 0.059625
A229: ■ | B229: =포장공수량집계!A10 -> 녹지경계석(곡선) | C229: =포장공수량집계!B10 -> 150x150x1000 | E229: m | F229: 1
A230: NO | B230: 공 종 명 | C230: 규 격 | D230: 산 출 근 거 | E230: 단위 | F230: 수 량 | G230: 비 고
A246: 1 | B246: 터파기 | C246: 기계 | D246: 0.65*0.25*1 = 0.1625 | E246: ㎥ | F246: 0.16
A247: 2 | B247: 잔토처리 | C247: 기계 | D247: (0.25*0.15+0.15*0.1)*1 = 0.0525 | E247: ㎥ | F247: 0.05
A248: 3 | B248: 되메우기 | C248: 기계 | D248: 터파기-잔토처리 | E248: ㎥ | F248: =F246-F247 -> 0.11
A249: 4 | B249: 유로폼 | C249: 간단 | D249: 0.15*1*2 = 0.3 | E249: ㎡ | F249: 0.3
A250: 5 | B250: 레미콘 | C250: 25-18-8 | D250: 0.25*0.15*1 = 0.0375 | E250: ㎥ | F250: 0.04 | G250: 정미량
D251: 0.0375*1.02(할증) = 0.03825 | E251: ㎥ | F251: 0.04 | G251: 할증량
A252: 6 | B252: 레미콘타설 | C252: 무근 | D252: 레미콘 정미량 | E252: ㎥ | F252: =F250 -> 0.04
A253: 7 | B253: 화강석경계석 | C253: 곡선 | D253: 1 = 1 | E253: m | F253: 1 | G253: 정미량
D254: 1*1.03(할증) = 1.03 | E254: m | F254: 1.03 | G254: 할증량
A255: 8 | B255: 경계석 설치 | D255: 화강석경계석 정미량 | E255: m | F255: =F253 -> 1
A256: 9 | B256: 경계석하차 | D256: 0.15*0.15*1*2.65(ton/m3,단위중량) | E256: TON | F256: =0.15*0.15*1*2.65 -> 0.059625
A267: ■ | B267: =포장공수량집계!A11 -> 포장경계석(직선) | C267: =포장공수량집계!B11 -> 150x150x1000 | E267: m | F267: 1
A268: NO | B268: 공 종 명 | C268: 규 격 | D268: 산 출 근 거 | E268: 단위 | F268: 수 량 | G268: 비 고
A284: 1 | B284: 터파기 | C284: 기계 | D284: 0.65*0.25*1 = 0.1625 | E284: ㎥ | F284: 0.16
A285: 2 | B285: 잔토처리 | C285: 기계 | D285: (0.25*0.15+0.15*0.1)*1 = 0.0525 | E285: ㎥ | F285: 0.05
A286: 3 | B286: 되메우기 | C286: 기계 | D286: 터파기-잔토처리 | E286: ㎥ | F286: =F284-F285 -> 0.11
A287: 4 | B287: 유로폼 | C287: 간단 | D287: 0.15*1*2 = 0.3 | E287: ㎡ | F287: 0.3
A288: 5 | B288: 레미콘 | C288: 25-18-8 | D288: 0.25*0.15*1 = 0.0375 | E288: ㎥ | F288: 0.04 | G288: 정미량
D289: 0.0375*1.02(할증) = 0.03825 | E289: ㎥ | F289: 0.04 | G289: 할증량
A290: 6 | B290: 레미콘타설 | C290: 무근 | D290: 레미콘 정미량 | E290: ㎥ | F290: =F288 -> 0.04
A291: 7 | B291: 화강석경계석 | C291: 직선 | D291: 1 = 1 | E291: m | F291: 1 | G291: 정미량
D292: 1*1.03(할증) = 1.03 | E292: m | F292: 1.03 | G292: 할증량
A293: 8 | B293: 경계석 설치 | D293: 화강석경계석 정미량 | E293: m | F293: =F291 -> 1
A294: 9 | B294: 경계석하차 | D294: 0.15*0.15*1*2.65(ton/m3,단위중량) | E294: TON | F294: =0.15*0.15*1*2.65 -> 0.059625
A305: ■ | B305: =포장공수량집계!A12 -> 포장경계석(곡선) | C305: =포장공수량집계!B12 -> 150x150x1000 | E305: m | F305: 1
A306: NO | B306: 공 종 명 | C306: 규 격 | D306: 산 출 근 거 | E306: 단위 | F306: 수 량 | G306: 비 고
A322: 1 | B322: 터파기 | C322: 기계 | D322: 0.65*0.25*1 = 0.1625 | E322: ㎥ | F322: 0.16
A323: 2 | B323: 잔토처리 | C323: 기계 | D323: (0.25*0.15+0.15*0.1)*1 = 0.0525 | E323: ㎥ | F323: 0.05
A324: 3 | B324: 되메우기 | C324: 기계 | D324: 터파기-잔토처리 | E324: ㎥ | F324: =F322-F323 -> 0.11
A325: 4 | B325: 유로폼 | C325: 간단 | D325: 0.15*1*2 = 0.3 | E325: ㎡ | F325: 0.3
A326: 5 | B326: 레미콘 | C326: 25-18-8 | D326: 0.25*0.15*1 = 0.0375 | E326: ㎥ | F326: 0.04 | G326: 정미량
D327: 0.0375*1.02(할증) = 0.03825 | E327: ㎥ | F327: 0.04 | G327: 할증량
A328: 6 | B328: 레미콘타설 | C328: 무근 | D328: 레미콘 정미량 | E328: ㎥ | F328: =F326 -> 0.04
A329: 7 | B329: 화강석경계석 | C329: 곡선 | D329: 1 = 1 | E329: m | F329: 1 | G329: 정미량
D330: 1*1.03(할증) = 1.03 | E330: m | F330: 1.03 | G330: 할증량
A331: 8 | B331: 경계석 설치 | D331: 화강석경계석 정미량 | E331: m | F331: =F329 -> 1
...

Sheet 설비공
G8: 설비공

Sheet 설비공수량집계
A1: ■설비공수량집계표
A2: 공 종 명 | B2: 규 격 | C2: 단 위 | D2: 수량 | E2: 비 고
A4: 물놀이터 설비 | B4: - | C4: 식 | D4: 0

Sheet 설비공토공집계표
A1: ■설비공 토공집계표
A2: 공 종 명 | B2: 규 격 | C2: 단 위 | D2: 수 량 | E2: 터파기/토사(m3) | I2: 잔토처리/토사(m3) | M2: 되메우기(m3) | Q2: 성토 | S2: 절토 | U2: 비 고
E3: 기계 | G3: 인력 | I3: 기계 | K3: 인력 | M3: 기계 | O3: 인력
A4: =설비공수량집계!A4 -> 물놀이터 설비 | B4: =설비공수량집계!B4 -> - | C4: =설비공수량집계!C4 -> 식 | D4: 0 | E4: =설비공수량산출서!I95 -> 304.5 | F4: =D4*E4 -> 0 | H4: =D4*G4 -> 0 | J4: =D4*I4 -> 0 | L4: =D4*K4 -> 0 | M4: =설비공수량산출서!I96 -> 304.5 | N4: =D4*M4 -> 0 | P4: =D4*O4 -> 0
A14: 합계 | E14: =SUM(F4:F13) -> 0 | G14: =SUM(H4:H13) -> 0 | I14: =SUM(J4:J13) -> 0 | K14: =SUM(L4:L13) -> 0 | M14: =SUM(N4:N13) -> 0 | O14: =SUM(P4:P13) -> 0

Sheet 설비공수량산출서
A1: ■ | B1: =설비공수량집계!A4 -> 물놀이터 설비 | C1: =설비공수량집계!B4 -> - | H1: =설비공수량집계!C4 -> 식 | I1: =설비공수량집계!D4 -> 0
A2: NO | B2: 공 종 명 | C2: 규 격 | D2: 산 출 근 거 | H2: 단위 | I2: 수 량 | J2: 비 고
B3: 1. 계류설비공사
B4: SUBMERSIBLE PUMP | C4: 3KW*100A | D4: 0 | H4: 대 | I4: 1
B5: SUBMERSIBLE PUMP | C5: 3KW*65A | D5: 1= | H5: 대 | I5: 1
B6: 수중펌프 설치 | C6: 3KW이하 | D6: 1+1= | H6: 대 | I6: 2
B7: PUMP STRAINER | C7: 3KW용 | D7: 1+1= | H7: EA | I7: 2
B8: PUMP SUPPORT | C8: 3KW용 | D8: 1+1= | H8: EA | I8: 2
B9: STS FLEXIBLE JOINT | C9: 100A | D9: 1= | H9: EA | I9: 1
B10: STS FLEXIBLE JOINT | C10: 65A | D10: 1= | H10: EA | I10: 1
B11: 후렉시블 콘넥터 설치 | C11: 100A | D11: 1= | H11: 개소 | I11: 1
B12: 후렉시블 콘넥터 설치 | C12: 65A | D12: 1= | H12: 개소 | I12: 1
B13: STS BUTTERFLY V/V | C13: 100A | D13: 1= | H13: EA | I13: 1
B14: STS BUTTERFLY V/V | C14: 65A | D14: 1= | H14: EA | I14: 1
B15: STS PAN CHECK V/V | C15: 100A | D15: 1= | H15: EA | I15: 1
B16: STS PAN CHECK V/V | C16: 65A | D16: 1= | H16: EA | I16: 1
... B53: MAIN JOINT BOX | C53: MJB10 | D53: 2= | H53: EA | I53: 2
B54: 노출형 방수박스 설치 | D54: 2= | H54: 개소 | I54: 2
B55: FLOOR DRAIN | C55: 150A | D55: 1= | H55: EA | I55: 1
B56: FLOOR DRAIN | C56: 100A | D56: 3= | H56: EA | I56: 3
B57: FLOOR DRAIN | C57: 50A | D57: 11= | H57: EA | I57: 11
B58: 바닥배수구 설치 | C58: 100A이하 | D58: 1+3= | H58: 개소 | I58: 4
B59: 바닥배수구 설치 | C59: 50A이하 | D59: 11= | H59: 개소 | I59: 11
B60: OVER FLOW | C60: 150A | D60: 1= | H60: EA | I60: 1
B61: VALVE BOX | C61: 250D | D61: 1+3= | H61: EA | I61: 4
B62: VALVE KEY | C62: 15A | D62: 1+3= | H62: EA | I62: 4
B63: WATER DETECTOR | C63: 4P | D63: 1= | H63: EA | I63: 1
B64: 전극봉 지지기 설치 | C64: 4P | D64: 1= | H64: 개소 | I64: 1
B65: AUTO SUPPLY SYSTEM | C65: 50A | D65: 1= | H65: EA | I65: 1
B66: 전자밸브 설치 | C66: 대형 | D66: 1= | H66: 개소 | I66: 1
... B81: 스테인레스 강관 용접 | C81: 50A | D81: 9+9*2+23*2= | H81: 개소 | I81: 73
B82: ELP 전선관 | C82: 50mm | D82: 300+300+20+10= | H82: M | I82: 630 | J82: 전기공사
B83: 합성수지 파형관 설치 | C83: 50mm | D83: 300+300+20+10= | H83: M | I83: 630 | J83: 전기공사
B84: CABLE | C84: PNCT16.0SQ*4C | D84: 300= | H84: M | I84: 300 | J84: 전기공사
B85: CABLE | C85: PNCT4.0SQ*4C | D85: 10= | H85: M | I85: 10 | J85: 전기공사
B86: CABLE | C86: PNCT2.5SQ*4C | D86: 10= | H86: M | I86: 10 | J86: 전기공사
B87: CABLE | C87: PNCT2.5SQ*2C | D87: 320= | H87: M | I87: 320 | J87: 전기공사
B88: 제어케이블 신설 | C88: 16.0SQ*4C이하 | D88: 300= | H88: M | I88: 300 | J88: 전기공사
B89: 제어케이블 신설 | C89: 4SQ*4C이하 | D89: 10= | H89: M | I89: 10 | J89: 전기공사
B90: 제어케이블 신설 | C90: 2.5SQ*4C이하 | D90: 10= | H90: M | I90: 10 | J90: 전기공사
B91: 제어케이블 신설 | C91: 2.5SQ*2C이하 | D91: 320= | H91: M | I91: 320 | J91: 전기공사
B92: 레진접속재 | C92: AK-2 | D92: 2= | H92: EA | I92: 2 | J92: 전기공사
B93: CONTROL PANEL | C93: 옥외함 | D93: 1= | H93: 면 | I93: 1 | J93: 전기공사
B94: 조작반 신설 | C94: 800*500*300이하 | D94: 1= | H94: 면 | I94: 1 | J94: 전기공사
B95: 관로 터파기 | C95: 기계+인력 | D95: (23+2+67+287+56)*0.7= | H95: ㎥ | I95: 304.5
B96: 관로 되메우기 | C96: 기계+인력 | D96: (23+2+67+287+56)*0.7= | H96: ㎥ | I96: 304.5
