Workbook

Sheet ★확인요망★
C7: - 고용보험(65세이상, 보수월액X0.9%(요율))
C8: - 연금보험(60세이하, 8일이상, 보수월액X4.5%(요율), 상한액 5,530,000원 이상 시 248,850원 적용 )
B9: 2025.01.01 | C9: - 연금보험(60세이하, 8일이상, 보수월액X4.5%(요율), 상한액 6,170,000원 이상 시 277,650원 적용 )
C10: 신규채용자 한해서 1일자로 근무한 근로자는 해당. 1일 이후 근무자는 비해당.
C11: - 건강보험(8일이상, 보수월액X3.545%(요율))
C12: - 장기요양보험(요율 12.95%)
C13: - 2000년생 확인 및 신규채용자 후 체크요망.
C14: - 갑근세 단가 15만원이상

Sheet 요율
B1: 2026년 상반기 (1월 ~ 6월 적용)
B2: 구 분 | C2: 요율1 | D2: 요율2 | E2: 비과세 기준액 | G2: 명칭변경 시 수정
B3: 소 득 세 | C3: 6 | D3: 45 | E3: 150000 | G3: 소 득 세 | H3: 갑 근 세 | I3: 소 득 세
B4: 건강보험 | C4: 3.595 | D4: 2026년 1월 1일부터 적용 | G4: 지방소득세 | H4: 주 민 세 | I4: 지방소득세
B5: 노인장기 | C5: 13.14 | D5: 2026년 1월 1일부터 적용 | F5: 0.1314 | G5: ㈜아 산
B6: 국민연금(2025.07.01~2026.06.30) | C6: 4.75 | D6: 8 | E6: 2200000 | G6: 고색2지구 공원 및 공공공지 조성공사 | H6: 선 택
C7: 312640 | D7: =C7*C6% -> 14850.4 | E7: 하한액 | G7: 연금·건강보험 적용 | H7: ○
C8: 4964220 | D8: =C8*C6% -> 235800.45 | E8: 상한액 | G8: 고용보험 만 65세이상 적용 | H8: X
B9: 고용보험 | C9: 0.9 | D9: 2026년 1월 1일부터 적용 | G9: 고용보험 외국인 적용 | H9: X
B11: 2026년 하반기 (7월 ~ 9월 적용)
B12: 구 분 | C12: 요율1 | D12: 요율2 | E12: 비과세 기준액
B13: 소 득 세 | C13: 6 | D13: 45 | E13: 150000
B14: 건강보험 | C14: 3.595 | D14: 2026년 1월 1일부터 적용
B15: 노인장기 | C15: 13.14 | D15: 2026년 1월 1일부터 적용 | F15: 0.1314
B16: 국민연금(2025.07.01~2025.09.30) | C16: 4.5 | D16: 8 | E16: 2200000
C17: 312640 | D17: 14850 | E17: 하한액
C18: 4964220 | D18: 235800 | E18: 상한액
B19: 고용보험 | C19: 0.9 | D19: 2026년 07월 1일부터 적용
B21: 2026년 하반기 (10월 ~ 12월 적용)
B22: 구 분 | C22: 요율1 | D22: 요율2 | E22: 비과세 기준액
B23: 소 득 세 | C23: 6 | D23: 45 | E23: 150000
B24: 건강보험 | C24: 3.595 | D24: 2026년 1월 1일부터 적용
B25: 노인장기 | C25: 13.14 | D25: 2026년 1월 1일부터 적용 | F25: 0.1314
B26: 국민연금(2025.10.01~2025.12.31) | C26: 4.75 | D26: 8 | E26: 2200000
C27: 312640 | D27: =C27*C26% -> 14850.4 | E27: 하한액
C28: 4964220 | D28: =C28*C26% -> 235800.45 | E28: 상한액
B29: 고용보험 | C29: 0.9 | D29: 2026년 07월 1일부터 적용

Sheet 청구서
A2: 공사근로자 노무비 청구서(2023년 01월)
A3: 1. | C3: 공 사 명 | F3: : | G3: =요율!G6 -> 고색2지구 공원 및 공공공지 조성공사
A4: 2. | C4: 계 약 금 액 | F4: : | G4: ="일금" & TEXT(L4, "[dbnum4] g/표준") & "원정" -> 일금 일십팔억칠천육백칠십팔만칠천원정 | K4: ( | L4: 1876787000 | M4: )
A5: 3. | C5: 계 약 년 월 일 | F5: : | G5: 44197
A6: 4. | C6: 착 공 년 월 일 | F6: : | G6: 44198 | Q6: 661526622 | R6: =Q6*0.1 -> 66152662 | S6: =Q6+R6 -> 7.2767928e+08
A7: 5. | C7: 준 공 년 월 일 | F7: : | G7: 44199 | Q7: =P7/1.1 -> 0 | R7: =Q7*0.1 -> 0 | S7: =SUM(Q7:R7) -> 0
A8: 6. | C8: 노무비총액 | F8: : | G8: ="일금 " & NUMBERSTRING(L8, 1) & "원정" -> 일금 칠억이천칠백육십칠만구천이백팔십사원정 | K8: ( | L8: =S6 -> 7.2767928e+08 | M8: )
A9: 7. | C9: 기지급금액 | F9: : | G9: ="일금 " & NUMBERSTRING(L9, 1) & "원정" -> 일금 영원정 | K9: ( | L9: =집계표!G18 -> 0 | M9: ) | O9: 직불금 | P9: 합계 | Q9: 공급액 | R9: 부가세 | S9: 합계
A10: 8. | C10: 금회청구액 | F10: : | G10: ="일금 " & NUMBERSTRING(L10, 1) & "원정" -> 일금 영원정 | K10: ( | L10: =L11+L13+L15+L17+L19 -> 0 | M10: ) | P10: =L10 -> 0 | Q10: =TRUNC(P10/1.1) -> 0 | R10: =P10-Q10 -> 0 | S10: =Q10+R10 -> 0
C11: (계약상대자) | F11: : | G11: ="일금 " & NUMBERSTRING(L11, 1) & "원정" -> 일금 영원정 | K11: ( | L11: =집계표!H7 -> 0 | M11: ) | O11: 원도급 | P11: =L11 -> 0 | Q11: =TRUNC(P11/1.1) -> 0 | R11: =P11-Q11 -> 0 | S11: =Q11+R11 -> 0
C12: 부강종합건설㈜
C13: (직불하도급사) | F13: : | G13: ="일금 " & NUMBERSTRING(L13, 1) & "원정" -> 일금 영원정 | K13: ( | L13: =집계표!H14 -> 0 | M13: ) | O13: =C14 -> 00건설㈜ | P13: =L13 -> 0 | Q13: =TRUNC(P13/1.1) -> 0 | R13: =P13-Q13 -> 0 | S13: =Q13+R13 -> 0
C14: 00건설㈜
C15: (직불하도급사) | F15: : | G15: ="일금 " & NUMBERSTRING(L15, 1) & "원정" -> 일금 영원정 | K15: ( | L15: =집계표!H13 -> 0 | M15: ) | O15: =C16 -> ㈜00기업 | P15: =L15 -> 0 | Q15: =TRUNC(P15/1.1) -> 0 | R15: =P15-Q15 -> 0 | S15: =Q15+R15 -> 0
C16: ㈜00기업
C17: (직불하도급사) | F17: : | G17: ="일금 " & NUMBERSTRING(L17, 1) & "원정" -> 일금 영원정 | K17: ( | L17: =집계표!H14 -> 0 | M17: ) | O17: =C18 -> ㈜000개발 | P17: =L17 -> 0 | Q17: =TRUNC(P17/1.1) -> 0 | R17: =P17-Q17 -> 0 | S17: =Q17+R17 -> 0
C18: ㈜000개발
C19: (직불하도급사) | F19: : | G19: ="일금 " & NUMBERSTRING(L19, 1) & "원정" -> 일금 영원정 | K19: ( | L19: =집계표!H16 -> 0 | M19: ) | O19: =C20 -> 주식회사 00 | P19: =L19 -> 0 | Q19: =TRUNC(P19/1.1) -> 0 | R19: =P19-Q19 -> 0 | S19: =Q19+R19 -> 0
C20: 주식회사 00
A21: 9. | C21: 잔여금액 | F21: : | G21: ="일금 " & NUMBERSTRING(L21, 1) & "원정" -> 일금 칠억이천칠백육십칠만구천이백팔십사원정 | K21: ( | L21: =L8-L10-L9 -> 7.2767928e+08 | M21: ) | O21: 선지급금 | P21: 합계 | Q21: 공급액 | R21: 부가세 | S21: 합계
A22: 위 금액을 2023 년 01월 노무비(1회)로 청구하오니 아래와 같이 지급하여 주시기 바랍니다.
B23: 구분 | D23: 업 체 명 | H23: 은행명 | I23: 계좌번호(노무비) | J23: 청구액
B24: 계약상대자 | D24: =C12 -> 부강종합건설㈜ | H24: 농협은행 | I24: 355-0062-3586-33 | J24: =L11 -> 0
B25: 직불하도급사 | D25: =C14 -> 00건설㈜
B26: 직불하도급사 | D26: =C16 -> ㈜00기업
B27: 직불하도급사 | D27: =C18 -> ㈜000개발
A29: 붙 임 : 1. 노무자 명부 및 당월 개인별 노무비 청구(지급) 내역서 각 1부.
A32: 2023 년 02 월 일
E35: 계약상대자 : | H35: 회사명 | I35: =O35 -> 부강종합건설㈜ | O35: =D24 -> 부강종합건설㈜
H36: 주소 | I36: =O36 -> 경남 합천군 | O36: 경남 합천군
H37: 대표자 | I37: =O37& " (인)" -> 김 0 0 (인) | O37: 김 0 0
E38: 직불하도급사 : | H38: 회사명 | I38: =O38 -> 00건설㈜ | O38: =C14 -> 00건설㈜
H39: 주소 | I39: =O39 -> 경남 남해군 | O39: 경남 남해군
H40: 대표자 | I40: =O40& " (인)" -> 강 0 0 (인) | O40: 강 0 0
E41: 직불하도급사 : | H41: 회사명 | I41: =O41 -> ㈜00기업 | O41: =C16 -> ㈜00기업
H42: 주소 | I42: =O42 -> 대구광역시 수성구 | O42: 대구광역시 수성구
H43: 대표자 | I43: =O43& " (인)" -> 김 0 0 (인) | O43: 김 0 0
E44: 직불하도급사 : | H44: 회사명 | I44: =O44 -> ㈜000개발 | O44: =C18 -> ㈜000개발
H45: 주소 | I45: =O45 -> 경남 김해시 | O45: 경남 김해시
H46: 대표자 | I46: =O46& " (인)" -> 박 0 0 (인) | O46: 박 0 0
A49: =O49&"귀하" -> 경상남도교육지원청귀하 | O49: 경상남도교육지원청

Sheet 집계표
A2: 공사근로자 노무비 청구 내역 집계표(2023 년 01 월)
A3: =내역서!A3:D3 -> ○ 공 사 명 : | C3: =청구서!G3 -> 고색2지구 공원 및 공공공지 조성공사
A4: ○ 노무비 금액： | C4: ="일금 " & NUMBERSTRING(I4, 1) & "원정" -> 일금 칠억이천칠백육십칠만구천이백팔십사원정 | H4: ( | I4: =청구서!L8 -> 7.2767928e+08 | K4: )
A5: ○ 금월 청구금액： | C5: ="일금 " & NUMBERSTRING(I5, 1) & "원정" -> 일금 영원정 | H5: ( | I5: =H18 -> 0 | K5: )
A6: 구 분 | B6: 공 종 | D6: 업 체 명 | E6: 전용계좌번호 | F6: 노무비 금액 | G6: 전월까지 금액 | H6: 금월 청구금액 | J6: 누계 금액
A7: 도급사 | B7: 건축공사 | D7: =청구서!D24 -> 부강종합건설㈜ | E7: 355-0062-3586-33 농협은행(노무비) | F7: =L7-L11 -> 7.2767928e+08 | H7: =내역서!D30 -> 0 | J7: =G7+H7 -> 0 | L7: =청구서!L8 -> 7.2767928e+08
J8: =G8+H8 -> 0 | L8: 0
J9: =G9+H9 -> 0 | L9: 0
A10: 소 계(A) | F10: =SUM(F7:F9) -> 7.2767928e+08 | G10: =SUM(G7:G9) -> 0 | H10: =SUM(H7:I9) -> 0 | J10: =G10+H10 -> 0
A11: 직불 하도 급사 | J11: =G11+H11 -> 0
J12: =G12+H12 -> 0 | L12: 0
J13: =G13+H13 -> 0 | L13: 0
J14: =G14+H14 -> 0 | L14: =F14-G14 -> 0
J15: =G15+H15 -> 0 | L15: 0
G16: 0 | J16: =G16+H16 -> 0 | L16: 0
A17: 소 계(B) | F17: =SUM(F11:F16) -> 0 | G17: =SUM(G14:G16) -> 0 | H17: =SUM(H11:I16) -> 0 | J17: =G17+H17 -> 0 | L17: 0
A18: 합 계(A+B) | F18: =F10+F17 -> 7.2767928e+08 | G18: =G10+G17 -> 0 | H18: =H10+H17 -> 0 | J18: =G18+H18 -> 0 | L18: 20570000

Sheet 내역서
A1: 공사근로자 노무비 청구 내역서(2023 년 01월)
A3: ○ 공 사 명 : | B3: =청구서!G3 -> 고색2지구 공원 및 공공공지 조성공사
A4: 계약상대자 | B4: 직종 | C4: 근로자성명 | D4: 청구금액 | E4: 은행명 | F4: 계좌번호 | G4: 휴대폰번호
A5: =청구서!O35 -> 부강종합건설㈜ | B5: =IFERROR(VLOOKUP(C5,주소록!$A$4:$L$305,2,0)," ") -> 작업반장 | C5: =주소록!A4 -> 오부택 | D5: =IFERROR(VLOOKUP(C5,급여!$A$3:$M$127,6,0)," ") | E5: =IFERROR(VLOOKUP(C5,주소록!$A$4:$L$305,7,0)," ") -> 농협중앙회 | F5: =IFERROR(VLOOKUP(C5,주소록!$A$4:$L$305,8,0)," ") -> 204030-56-159309 | G5: =IFERROR(VLOOKUP(C5,주소록!$A$4:$L$305,5,0)," ") -> 010-8783-1657 | H5: 주소록 탭 기재 후 청구내역서 상 근로자 이름만 적으면 데이터 자동 연결됩니다.
B6: =IFERROR(VLOOKUP(C6,주소록!$A$4:$L$305,2,0)," ") -> 조경공 | C6: =주소록!A5 -> 하해군 | D6: =IFERROR(VLOOKUP(C6,급여!$A$3:$M$127,6,0)," ") | E6: =IFERROR(VLOOKUP(C6,주소록!$A$4:$L$305,7,0)," ") -> 농협중앙회 | F6: =IFERROR(VLOOKUP(C6,주소록!$A$4:$L$305,8,0)," ") -> 352-0964-6051-63 | G6: =IFERROR(VLOOKUP(C6,주소록!$A$4:$L$305,5,0)," ") -> 010-4993-9423
B7: =IFERROR(VLOOKUP(C7,주소록!$A$4:$L$305,2,0)," ") -> 조경공 | C7: =주소록!A6 -> 유수진 | D7: =IFERROR(VLOOKUP(C7,급여!$A$3:$M$127,6,0)," ") | E7: =IFERROR(VLOOKUP(C7,주소록!$A$4:$L$305,7,0)," ") -> 국민은행 | F7: =IFERROR(VLOOKUP(C7,주소록!$A$4:$L$305,8,0)," ") -> 352601-01-213053 | G7: =IFERROR(VLOOKUP(C7,주소록!$A$4:$L$305,5,0)," ") -> 010-3124-2716
B8: =IFERROR(VLOOKUP(C8,주소록!$A$4:$L$305,2,0)," ") | C8: C | D8: =IFERROR(VLOOKUP(C8,급여!$A$3:$M$127,6,0)," ") | E8: =IFERROR(VLOOKUP(C8,주소록!$A$4:$L$305,7,0)," ") | F8: =IFERROR(VLOOKUP(C8,주소록!$A$4:$L$305,8,0)," ") | G8: =IFERROR(VLOOKUP(C8,주소록!$A$4:$L$305,5,0)," ")
B9: =IFERROR(VLOOKUP(C9,주소록!$A$4:$L$305,2,0)," ") -> 조경공 | C9: =주소록!A8 -> 유광열 | D9: =IFERROR(VLOOKUP(C9,급여!$A$3:$M$127,6,0)," ") | E9: =IFERROR(VLOOKUP(C9,주소록!$A$4:$L$305,7,0)," ") -> 국민은행 | F9: =IFERROR(VLOOKUP(C9,주소록!$A$4:$L$305,8,0)," ") -> 420802-01-297649 | G9: =IFERROR(VLOOKUP(C9,주소록!$A$4:$L$305,5,0)," ") -> 010-8750-3852
B10: =IFERROR(VLOOKUP(C10,주소록!$A$4:$L$305,2,0)," ") -> 조경공 | C10: =주소록!A9 -> 현영석 | D10: =IFERROR(VLOOKUP(C10,급여!$A$3:$M$127,6,0)," ") | E10: =IFERROR(VLOOKUP(C10,주소록!$A$4:$L$305,7,0)," ") -> 우리은행 | F10: =IFERROR(VLOOKUP(C10,주소록!$A$4:$L$305,8,0)," ") -> 1002-209-949780 | G10: =IFERROR(VLOOKUP(C10,주소록!$A$4:$L$305,5,0)," ") -> 010-5335-3740
B11: =IFERROR(VLOOKUP(C11,주소록!$A$4:$L$305,2,0)," ") -> 조경공 | C11: =주소록!A10 -> 김성배 | D11: =IFERROR(VLOOKUP(C11,급여!$A$3:$M$127,6,0)," ") | E11: =IFERROR(VLOOKUP(C11,주소록!$A$4:$L$305,7,0)," ") -> 기업은행 | F11: =IFERROR(VLOOKUP(C11,주소록!$A$4:$L$305,8,0)," ") -> 139-018946-02-039 | G11: =IFERROR(VLOOKUP(C11,주소록!$A$4:$L$305,5,0)," ") -> 010-2084-1165
B12: =IFERROR(VLOOKUP(C12,주소록!$A$4:$L$305,2,0)," ") -> 조경공 | C12: =주소록!A11 -> 민경식 | D12: =IFERROR(VLOOKUP(C12,급여!$A$3:$M$127,6,0)," ") | E12: =IFERROR(VLOOKUP(C12,주소록!$A$4:$L$305,7,0)," ") -> 신한은행 | F12: =IFERROR(VLOOKUP(C12,주소록!$A$4:$L$305,8,0)," ") -> 110-065-529493 | G12: =IFERROR(VLOOKUP(C12,주소록!$A$4:$L$305,5,0)," ") -> 010-4253-6883
B13: =IFERROR(VLOOKUP(C13,주소록!$A$4:$L$305,2,0)," ") -> 보통인부 | C13: =주소록!A12 -> 문순철 | D13: =IFERROR(VLOOKUP(C13,급여!$A$3:$M$127,6,0)," ") | E13: =IFERROR(VLOOKUP(C13,주소록!$A$4:$L$305,7,0)," ") -> 농협중앙회 | F13: =IFERROR(VLOOKUP(C13,주소록!$A$4:$L$305,8,0)," ") -> 302-1775-7802-51 | G13: =IFERROR(VLOOKUP(C13,주소록!$A$4:$L$305,5,0)," ") -> 010-7963-6888
B14: =IFERROR(VLOOKUP(C14,주소록!$A$4:$L$305,2,0)," ") -> 조경공 | C14: =주소록!A13 -> 김기윤 | D14: =IFERROR(VLOOKUP(C14,급여!$A$3:$M$127,6,0)," ") | E14: =IFERROR(VLOOKUP(C14,주소록!$A$4:$L$305,7,0)," ") -> 국민은행 | F14: =IFERROR(VLOOKUP(C14,주소록!$A$4:$L$305,8,0)," ") -> 833-21-0509-800 | G14: =IFERROR(VLOOKUP(C14,주소록!$A$4:$L$305,5,0)," ") -> 010-5358-5893
B15: =IFERROR(VLOOKUP(C15,주소록!$A$4:$L$305,2,0)," ") -> 조경공 | C15: =주소록!A14 -> 김수석 | D15: =IFERROR(VLOOKUP(C15,급여!$A$3:$M$127,6,0)," ") | E15: =IFERROR(VLOOKUP(C15,주소록!$A$4:$L$305,7,0)," ") -> 농협중앙회 | F15: =IFERROR(VLOOKUP(C15,주소록!$A$4:$L$305,8,0)," ") -> 204040-56-201577 | G15: =IFERROR(VLOOKUP(C15,주소록!$A$4:$L$305,5,0)," ") -> 010-9185-0935
B16: =IFERROR(VLOOKUP(C16,주소록!$A$4:$L$305,2,0)," ") -> 조경공 | C16: =주소록!A15 -> 권오훈 | D16: =IFERROR(VLOOKUP(C16,급여!$A$3:$M$127,6,0)," ") | E16: =IFERROR(VLOOKUP(C16,주소록!$A$4:$L$305,7,0)," ") -> 농협중앙회 | F16: =IFERROR(VLOOKUP(C16,주소록!$A$4:$L$305,8,0)," ") -> 172080-52-090513 | G16: =IFERROR(VLOOKUP(C16,주소록!$A$4:$L$305,5,0)," ") -> 010-3433-9377
B17: =IFERROR(VLOOKUP(C17,주소록!$A$4:$L$305,2,0)," ") -> 조경공 | C17: =주소록!A16 -> 윤종현 | D17: =IFERROR(VLOOKUP(C17,급여!$A$3:$M$127,6,0)," ") | E17: =IFERROR(VLOOKUP(C17,주소록!$A$4:$L$305,7,0)," ") -> 국민은행 | F17: =IFERROR(VLOOKUP(C17,주소록!$A$4:$L$305,8,0)," ") -> 035802-04-481610 | G17: =IFERROR(VLOOKUP(C17,주소록!$A$4:$L$305,5,0)," ") -> 010-8716-9947
B18: =IFERROR(VLOOKUP(C18,주소록!$A$4:$L$305,2,0)," ") -> 보통인부 | C18: =주소록!A17 -> 김원태 | D18: =IFERROR(VLOOKUP(C18,급여!$A$3:$M$127,6,0)," ") | E18: =IFERROR(VLOOKUP(C18,주소록!$A$4:$L$305,7,0)," ") -> KEB하나은행 | F18: =IFERROR(VLOOKUP(C18,주소록!$A$4:$L$305,8,0)," ") -> 580-910278-79407 | G18: =IFERROR(VLOOKUP(C18,주소록!$A$4:$L$305,5,0)," ") -> 010-5540-5904
B19: =IFERROR(VLOOKUP(C19,주소록!$A$4:$L$305,2,0)," ") -> 조경공 | C19: =주소록!A18 -> 정재우 | D19: =IFERROR(VLOOKUP(C19,급여!$A$3:$M$127,6,0)," ") | E19: =IFERROR(VLOOKUP(C19,주소록!$A$4:$L$305,7,0)," ") -> 우체국 | F19: =IFERROR(VLOOKUP(C19,주소록!$A$4:$L$305,8,0)," ") -> 102822-02-132334 | G19: =IFERROR(VLOOKUP(C19,주소록!$A$4:$L$305,5,0)," ") -> 010-7767-5506
B20: =IFERROR(VLOOKUP(C20,주소록!$A$4:$L$305,2,0)," ") -> 조경공 | C20: =주소록!A19 -> 김웅탄 | D20: =IFERROR(VLOOKUP(C20,급여!$A$3:$M$127,6,0)," ") | E20: =IFERROR(VLOOKUP(C20,주소록!$A$4:$L$305,7,0)," ") -> 신한은행 | F20: =IFERROR(VLOOKUP(C20,주소록!$A$4:$L$305,8,0)," ") -> 110-414-437990 | G20: =IFERROR(VLOOKUP(C20,주소록!$A$4:$L$305,5,0)," ") -> 010-4890-8284
... B27: =IFERROR(VLOOKUP(C27,주소록!$A$4:$L$305,2,0)," ") -> 조경공 | C27: =주소록!A26 -> 이병대 | D27: =IFERROR(VLOOKUP(C27,급여!$A$3:$M$127,6,0)," ") | E27: =IFERROR(VLOOKUP(C27,주소록!$A$4:$L$305,7,0)," ") -> 신한은행 | F27: =IFERROR(VLOOKUP(C27,주소록!$A$4:$L$305,8,0)," ") -> 110-412-527148 | G27: =IFERROR(VLOOKUP(C27,주소록!$A$4:$L$305,5,0)," ") -> 010-8736-9866
A28: [소계1] | D28: =SUM(D5:D27) -> 0
A29: 부가세 | D29: =D28*0.1 -> 0
A30: 청구금액 | D30: =D28+D29 -> 0
A31: 직불하도급사 | B31: 직종 | C31: 근로자성명 | D31: 청구액 | E31: 은행명 | F31: 계좌번호 | G31: 휴대폰번호
B32: =IFERROR(VLOOKUP(C32,주소록!$A$4:$L$305,2,0)," ") -> 조경공 | C32: =주소록!A31 -> 조태휘 | D32: =IFERROR(VLOOKUP(C32,급여!$A$3:$M$127,6,0)," ") | E32: =IFERROR(VLOOKUP(C32,주소록!$A$4:$L$305,7,0)," ") -> 신한은행 | F32: =IFERROR(VLOOKUP(C32,주소록!$A$4:$L$305,8,0)," ") -> 110-479-254923
B33: =IFERROR(VLOOKUP(C33,주소록!$A$4:$L$305,2,0)," ") -> 조경공 | C33: =주소록!A32 -> 차용수 | D33: =IFERROR(VLOOKUP(C33,급여!$A$3:$M$127,6,0)," ") | E33: =IFERROR(VLOOKUP(C33,주소록!$A$4:$L$305,7,0)," ") -> 농협중앙회 | F33: =IFERROR(VLOOKUP(C33,주소록!$A$4:$L$305,8,0)," ") -> 216011-52-042985
B34: =IFERROR(VLOOKUP(C34,주소록!$A$4:$L$305,2,0)," ") -> 조경공 | C34: =주소록!A33 -> 한정수 | D34: =IFERROR(VLOOKUP(C34,급여!$A$3:$M$127,6,0)," ") | E34: =IFERROR(VLOOKUP(C34,주소록!$A$4:$L$305,7,0)," ") -> 신협중앙회 | F34: =IFERROR(VLOOKUP(C34,주소록!$A$4:$L$305,8,0)," ") -> 132-069-090029
B35: =IFERROR(VLOOKUP(C35,주소록!$A$4:$L$305,2,0)," ") -> 조경공 | C35: =주소록!A34 -> 김윤자 | D35: =IFERROR(VLOOKUP(C35,급여!$A$3:$M$127,6,0)," ") | E35: =IFERROR(VLOOKUP(C35,주소록!$A$4:$L$305,7,0)," ") -> 신한은행 | F35: =IFERROR(VLOOKUP(C35,주소록!$A$4:$L$305,8,0)," ") -> 110-118-001184
B36: =IFERROR(VLOOKUP(C36,주소록!$A$4:$L$305,2,0)," ") -> 조경공 | C36: =주소록!A35 -> 이명분 | D36: =IFERROR(VLOOKUP(C36,급여!$A$3:$M$127,6,0)," ") | E36: =IFERROR(VLOOKUP(C36,주소록!$A$4:$L$305,7,0)," ") -> 농협중앙회 | F36: =IFERROR(VLOOKUP(C36,주소록!$A$4:$L$305,8,0)," ") -> 301-0021-1505-41
B37: =IFERROR(VLOOKUP(C37,주소록!$A$4:$L$305,2,0)," ") -> 조경공 | C37: =주소록!A36 -> 이인애 | D37: =IFERROR(VLOOKUP(C37,급여!$A$3:$M$127,6,0)," ") | E37: =IFERROR(VLOOKUP(C37,주소록!$A$4:$L$305,7,0)," ") -> 새마을금고 | F37: =IFERROR(VLOOKUP(C37,주소록!$A$4:$L$305,8,0)," ") -> 9002-1804-7397-0
B38: =IFERROR(VLOOKUP(C38,주소록!$A$4:$L$305,2,0)," ") -> 조경공 | C38: =주소록!A37 -> 이정주 | D38: =IFERROR(VLOOKUP(C38,급여!$A$3:$M$127,6,0)," ") | E38: =IFERROR(VLOOKUP(C38,주소록!$A$4:$L$305,7,0)," ") -> 농협중앙회 | F38: =IFERROR(VLOOKUP(C38,주소록!$A$4:$L$305,8,0)," ") -> 170671-52-086183
B39: =IFERROR(VLOOKUP(C39,주소록!$A$4:$L$305,2,0)," ") -> 조경공 | C39: =주소록!A38 -> 이현자 | D39: =IFERROR(VLOOKUP(C39,급여!$A$3:$M$127,6,0)," ") | E39: =IFERROR(VLOOKUP(C39,주소록!$A$4:$L$305,7,0)," ") -> 국민은행 | F39: =IFERROR(VLOOKUP(C39,주소록!$A$4:$L$305,8,0)," ") -> 224601-04-129755
B40: =IFERROR(VLOOKUP(C40,주소록!$A$4:$L$305,2,0)," ") -> 조경공 | C40: =주소록!A39 -> 유군희 | D40: =IFERROR(VLOOKUP(C40,급여!$A$3:$M$127,6,0)," ") | E40: =IFERROR(VLOOKUP(C40,주소록!$A$4:$L$305,7,0)," ") -> 우리은행 | F40: =IFERROR(VLOOKUP(C40,주소록!$A$4:$L$305,8,0)," ") -> 1002-539-484383
B41: =IFERROR(VLOOKUP(C41,주소록!$A$4:$L$305,2,0)," ") -> 조경공 | C41: =주소록!A40 -> 류시현 | D41: =IFERROR(VLOOKUP(C41,급여!$A$3:$M$127,6,0)," ") | E41: =IFERROR(VLOOKUP(C41,주소록!$A$4:$L$305,7,0)," ") -> 제일은행 | F41: =IFERROR(VLOOKUP(C41,주소록!$A$4:$L$305,8,0)," ") -> 580-20-374487
A45: [소계2] | D45: =SUM(D32:D44) -> 0
A46: 부가세 | D46: =D45*0.1 -> 0
A47: 청구금액 | D47: =D45+D46 -> 0
A48: [합 계] | D48: =D28+D45 -> 0
A49: 부가세 | D49: =D48*0.1 -> 0
A50: 청구금액 | D50: =D48+D49 -> 0
A51: [ 총 계 ] | D51: =D50 -> 0
A52: 붙임 : 임금지급내역서, 통장사본 각 1부
A53: ※ 근로자의 계좌 개설 불가 또는 현금 지급 희망 등 사유의 경우에는 해당 근로자의 확인 서명(날인)
E54: ="- 작성자 : 현장대리인 "&H54&" (인)" -> - 작성자 : 현장대리인 정명덕 (인) | H54: 정명덕
E55: ="- 확인자 : 감리자 "&H55&" (인)" -> - 확인자 : 감리자 정명덕 (인) | H55: 정명덕
E56: =" 감독관 "&H56&" (인)" -> 감독관 정명덕 (인) | H56: 정명덕

Sheet 주소록
A2: 1 | B2: =A2+1 -> 2 | C2: =B2+1 -> 3 | D2: =C2+1 -> 4 | E2: =D2+1 -> 5 | F2: =E2+1 -> 6 | G2: =F2+1 -> 7 | H2: =G2+1 -> 8 | I2: =H2+1 -> 9 | ... K2: =J2+1 -> 11 | L2: 오늘기준 | M2: 은행명 아래 표 참고해서 통일 시켜주세요~ | N2: ="오류 : "&COUNTIF($P$4:$P$480,"X") -> 오류 : 0
A3: 성명 | B3: 직종 | C3: 주민등록번호 | D3: 주소 | E3: 연락처 | F3: 은행코드 | G3: 은행 | H3: 계좌번호 | I3: 예금주 | J3: 국적코드 | K3: 체류자격코드 | L3: 나이 (만) | N3: 주민번호 체크 | P3: 은행명 | S3: CPU시험사
A4: 오부택 | B4: 작업반장 | C4: 651015-1333111 | D4: 경기도 남양주시 도농동 291-34 19/4 | E4: 010-8783-1657 | F4: 0011 | G4: 농협중앙회 | H4: 204030-56-159309 | I4: 오부택 | L4: =IFERROR(IF(OR(MID(C4,8,1)<"3",AND(MID(C4,8,1)>="5",MID(C4,8,1)<="6")),INT(TEXT(TODAY(),"yyyy.mmdd")-TEXT(TEXT(LEFT(C4,6),"1900-00-00"),"yyyy.mmdd")),INT(TEXT(TODAY(),"yyyy.mmdd")-TEXT(TEXT(LEFT(C4,6),"2000-00-00"),"yyyy.mmdd"))),"") -> 60 | N4: =IFERROR(IF(MID(C4,8,1)>="5",IF(RIGHT(C4,1)=(RIGHT(13-MOD(MID(C4,1,1)*2+MID(C4,2,1)*3+MID(C4,3,1)*4+MID(C4,4,1)*5+MID(C4,5,1)*6+MID(C4,6,1)*7+MID(C4,8,1)*8+MID(C4,9,1)*9+MID(C4,10,1)*2+MID(C4,11,1)*3+MID(C4,12,1)*4+MID(C4,13,1)*5,11),1)),"O","X"),IF(RIGHT(C4,1)=(RIGHT(11-MOD(MID(C4,1,1)*2+MID(C4,2,1)*3+MID(C4,3,1)*4+MID(C4,4,1)*5+MID(C4,5,1)*6+MID(C4,6,1)*7+MID(C4,8,1)*8+MID(C4,9,1)*9+MID(C4,10,1)*2+MID(C4,11,1)*3+MID(C4,12,1)*4+MID(C4,13,1)*5,11),1)),"O","X")),"") -> O | P4: KEB하나은행 | Q4: 0081 | S4: H/W설치사
A5: 하해군 | B5: 조경공 | C5: 630816-1221210 | D5: 경기도 남양주시 진건읍 사릉로용정1길 11 | E5: 010-4993-9423 | F5: 0011 | G5: 농협중앙회 | H5: 352-0964-6051-63 | I5: 하진욱 | L5: =IFERROR(IF(OR(MID(C5,8,1)<"3",AND(MID(C5,8,1)>="5",MID(C5,8,1)<="6")),INT(TEXT(TODAY(),"yyyy.mmdd")-TEXT(TEXT(LEFT(C5,6),"1900-00-00"),"yyyy.mmdd")),INT(TEXT(TODAY(),"yyyy.mmdd")-TEXT(TEXT(LEFT(C5,6),"2000-00-00"),"yyyy.mmdd"))),"") -> 62 | N5: =IFERROR(IF(MID(C5,8,1)>="5",IF(RIGHT(C5,1)=(RIGHT(13-MOD(MID(C5,1,1)*2+MID(C5,2,1)*3+MID(C5,3,1)*4+MID(C5,4,1)*5+MID(C5,5,1)*6+MID(C5,6,1)*7+MID(C5,8,1)*8+MID(C5,9,1)*9+MID(C5,10,1)*2+MID(C5,11,1)*3+MID(C5,12,1)*4+MID(C5,13,1)*5,11),1)),"O","X"),IF(RIGHT(C5,1)=(RIGHT(11-MOD(MID(C5,1,1)*2+MID(C5,2,1)*3+MID(C5,3,1)*4+MID(C5,4,1)*5+MID(C5,5,1)*6+MID(C5,6,1)*7+MID(C5,8,1)*8+MID(C5,9,1)*9+MID(C5,10,1)*2+MID(C5,11,1)*3+MID(C5,12,1)*4+MID(C5,13,1)*5,11),1)),"O","X")),"") -> O | P5: 경남은행 | Q5: 0039 | S5: H/W시험사
A6: 유수진 | B6: 조경공 | C6: 701126-1241813 | D6: 경기도 포천군 영북면 운천리 528 | E6: 010-3124-2716 | F6: 0004 | G6: 국민은행 | H6: 352601-01-213053 | I6: 유수진 | L6: =IFERROR(IF(OR(MID(C6,8,1)<"3",AND(MID(C6,8,1)>="5",MID(C6,8,1)<="6")),INT(TEXT(TODAY(),"yyyy.mmdd")-TEXT(TEXT(LEFT(C6,6),"1900-00-00"),"yyyy.mmdd")),INT(TEXT(TODAY(),"yyyy.mmdd")-TEXT(TEXT(LEFT(C6,6),"2000-00-00"),"yyyy.mmdd"))),"") -> 55 | N6: =IFERROR(IF(MID(C6,8,1)>="5",IF(RIGHT(C6,1)=(RIGHT(13-MOD(MID(C6,1,1)*2+MID(C6,2,1)*3+MID(C6,3,1)*4+MID(C6,4,1)*5+MID(C6,5,1)*6+MID(C6,6,1)*7+MID(C6,8,1)*8+MID(C6,9,1)*9+MID(C6,10,1)*2+MID(C6,11,1)*3+MID(C6,12,1)*4+MID(C6,13,1)*5,11),1)),"O","X"),IF(RIGHT(C6,1)=(RIGHT(11-MOD(MID(C6,1,1)*2+MID(C6,2,1)*3+MID(C6,3,1)*4+MID(C6,4,1)*5+MID(C6,5,1)*6+MID(C6,6,1)*7+MID(C6,8,1)*8+MID(C6,9,1)*9+MID(C6,10,1)*2+MID(C6,11,1)*3+MID(C6,12,1)*4+MID(C6,13,1)*5,11),1)),"O","X")),"") -> O | P6: 광주은행 | Q6: 0034 | S6: H/W시험사
A7: 김방수 | B7: 조경공 | C7: 650604-1622312 | D7: 경기도 남양주시 경춘로859번길26, B동 204호(금곡동,동익빌라) | E7: 010-9342-8092 | F7: 0011 | G7: 농협중앙회 | H7: 204074-51-050436 | I7: 김방수 | L7: =IFERROR(IF(OR(MID(C7,8,1)<"3",AND(MID(C7,8,1)>="5",MID(C7,8,1)<="6")),INT(TEXT(TODAY(),"yyyy.mmdd")-TEXT(TEXT(LEFT(C7,6),"1900-00-00"),"yyyy.mmdd")),INT(TEXT(TODAY(),"yyyy.mmdd")-TEXT(TEXT(LEFT(C7,6),"2000-00-00"),"yyyy.mmdd"))),"") -> 60 | N7: =IFERROR(IF(MID(C7,8,1)>="5",IF(RIGHT(C7,1)=(RIGHT(13-MOD(MID(C7,1,1)*2+MID(C7,2,1)*3+MID(C7,3,1)*4+MID(C7,4,1)*5+MID(C7,5,1)*6+MID(C7,6,1)*7+MID(C7,8,1)*8+MID(C7,9,1)*9+MID(C7,10,1)*2+MID(C7,11,1)*3+MID(C7,12,1)*4+MID(C7,13,1)*5,11),1)),"O","X"),IF(RIGHT(C7,1)=(RIGHT(11-MOD(MID(C7,1,1)*2+MID(C7,2,1)*3+MID(C7,3,1)*4+MID(C7,4,1)*5+MID(C7,5,1)*6+MID(C7,6,1)*7+MID(C7,8,1)*8+MID(C7,9,1)*9+MID(C7,10,1)*2+MID(C7,11,1)*3+MID(C7,12,1)*4+MID(C7,13,1)*5,11),1)),"O","X")),"") -> O | P7: 국민은행 | Q7: 0004 | S7: P.C설치공
A8: 유광열 | B8: 조경공 | C8: 600815-1650411 | D8: 서울시 동대문구 제기로21길 63-4 | E8: 010-8750-3852 | F8: 0004 | G8: 국민은행 | H8: 420802-01-297649 | I8: 유광열 | L8: =IFERROR(IF(OR(MID(C8,8,1)<"3",AND(MID(C8,8,1)>="5",MID(C8,8,1)<="6")),INT(TEXT(TODAY(),"yyyy.mmdd")-TEXT(TEXT(LEFT(C8,6),"1900-00-00"),"yyyy.mmdd")),INT(TEXT(TODAY(),"yyyy.mmdd")-TEXT(TEXT(LEFT(C8,6),"2000-00-00"),"yyyy.mmdd"))),"") -> 65 | N8: =IFERROR(IF(MID(C8,8,1)>="5",IF(RIGHT(C8,1)=(RIGHT(13-MOD(MID(C8,1,1)*2+MID(C8,2,1)*3+MID(C8,3,1)*4+MID(C8,4,1)*5+MID(C8,5,1)*6+MID(C8,6,1)*7+MID(C8,8,1)*8+MID(C8,9,1)*9+MID(C8,10,1)*2+MID(C8,11,1)*3+MID(C8,12,1)*4+MID(C8,13,1)*5,11),1)),"O","X"),IF(RIGHT(C8,1)=(RIGHT(11-MOD(MID(C8,1,1)*2+MID(C8,2,1)*3+MID(C8,3,1)*4+MID(C8,4,1)*5+MID(C8,5,1)*6+MID(C8,6,1)*7+MID(C8,8,1)*8+MID(C8,9,1)*9+MID(C8,10,1)*2+MID(C8,11,1)*3+MID(C8,12,1)*4+MID(C8,13,1)*5,11),1)),"O","X")),"") -> O | P8: 기업은행 | Q8: 0003 | S8: P.C제작공
A9: 현영석 | B9: 조경공 | C9: 591020-1037016 | D9: 서울시 서대문구 세무서길 50-1 | E9: 010-5335-3740 | F9: 0020 | G9: 우리은행 | H9: 1002-209-949780 | I9: 현영석 | L9: =IFERROR(IF(OR(MID(C9,8,1)<"3",AND(MID(C9,8,1)>="5",MID(C9,8,1)<="6")),INT(TEXT(TODAY(),"yyyy.mmdd")-TEXT(TEXT(LEFT(C9,6),"1900-00-00"),"yyyy.mmdd")),INT(TEXT(TODAY(),"yyyy.mmdd")-TEXT(TEXT(LEFT(C9,6),"2000-00-00"),"yyyy.mmdd"))),"") -> 66 | N9: =IFERROR(IF(MID(C9,8,1)>="5",IF(RIGHT(C9,1)=(RIGHT(13-MOD(MID(C9,1,1)*2+MID(C9,2,1)*3+MID(C9,3,1)*4+MID(C9,4,1)*5+MID(C9,5,1)*6+MID(C9,6,1)*7+MID(C9,8,1)*8+MID(C9,9,1)*9+MID(C9,10,1)*2+MID(C9,11,1)*3+MID(C9,12,1)*4+MID(C9,13,1)*5,11),1)),"O","X"),IF(RIGHT(C9,1)=(RIGHT(11-MOD(MID(C9,1,1)*2+MID(C9,2,1)*3+MID(C9,3,1)*4+MID(C9,4,1)*5+MID(C9,5,1)*6+MID(C9,6,1)*7+MID(C9,8,1)*8+MID(C9,9,1)*9+MID(C9,10,1)*2+MID(C9,11,1)*3+MID(C9,12,1)*4+MID(C9,13,1)*5,11),1)),"O","X")),"") -> O | P9: 농협중앙회 | Q9: 0011 | S9: P.S공
A10: 김성배 | B10: 조경공 | C10: 540910-1041520 | D10: 서울시 은평구 녹번동 4-262 | E10: 010-2084-1165 | F10: 0003 | G10: 기업은행 | H10: 139-018946-02-039 | I10: 김성배 | L10: =IFERROR(IF(OR(MID(C10,8,1)<"3",AND(MID(C10,8,1)>="5",MID(C10,8,1)<="6")),INT(TEXT(TODAY(),"yyyy.mmdd")-TEXT(TEXT(LEFT(C10,6),"1900-00-00"),"yyyy.mmdd")),INT(TEXT(TODAY(),"yyyy.mmdd")-TEXT(TEXT(LEFT(C10,6),"2000-00-00"),"yyyy.mmdd"))),"") -> 71 | N10: =IFERROR(IF(MID(C10,8,1)>="5",IF(RIGHT(C10,1)=(RIGHT(13-MOD(MID(C10,1,1)*2+MID(C10,2,1)*3+MID(C10,3,1)*4+MID(C10,4,1)*5+MID(C10,5,1)*6+MID(C10,6,1)*7+MID(C10,8,1)*8+MID(C10,9,1)*9+MID(C10,10,1)*2+MID(C10,11,1)*3+MID(C10,12,1)*4+MID(C10,13,1)*5,11),1)),"O","X"),IF(RIGHT(C10,1)=(RIGHT(11-MOD(MID(C10,1,1)*2+MID(C10,2,1)*3+MID(C10,3,1)*4+MID(C10,4,1)*5+MID(C10,5,1)*6+MID(C10,6,1)*7+MID(C10,8,1)*8+MID(C10,9,1)*9+MID(C10,10,1)*2+MID(C10,11,1)*3+MID(C10,12,1)*4+MID(C10,13,1)*5,11),1)),"O","X")),"") -> O | P10: 농협회원조합 | Q10: 0012 | S10: P.S공
A11: 민경식 | B11: 조경공 | C11: 720302-1037116 | D11: 서울특별시 은평구 녹번동 44-26 B02호 | E11: 010-4253-6883 | F11: 0088 | G11: 신한은행 | H11: 110-065-529493 | I11: 민경식 | L11: =IFERROR(IF(OR(MID(C11,8,1)<"3",AND(MID(C11,8,1)>="5",MID(C11,8,1)<="6")),INT(TEXT(TODAY(),"yyyy.mmdd")-TEXT(TEXT(LEFT(C11,6),"1900-00-00"),"yyyy.mmdd")),INT(TEXT(TODAY(),"yyyy.mmdd")-TEXT(TEXT(LEFT(C11,6),"2000-00-00"),"yyyy.mmdd"))),"") -> 54 | N11: =IFERROR(IF(MID(C11,8,1)>="5",IF(RIGHT(C11,1)=(RIGHT(13-MOD(MID(C11,1,1)*2+MID(C11,2,1)*3+MID(C11,3,1)*4+MID(C11,4,1)*5+MID(C11,5,1)*6+MID(C11,6,1)*7+MID(C11,8,1)*8+MID(C11,9,1)*9+MID(C11,10,1)*2+MID(C11,11,1)*3+MID(C11,12,1)*4+MID(C11,13,1)*5,11),1)),"O","X"),IF(RIGHT(C11,1)=(RIGHT(11-MOD(MID(C11,1,1)*2+MID(C11,2,1)*3+MID(C11,3,1)*4+MID(C11,4,1)*5+MID(C11,5,1)*6+MID(C11,6,1)*7+MID(C11,8,1)*8+MID(C11,9,1)*9+MID(C11,10,1)*2+MID(C11,11,1)*3+MID(C11,12,1)*4+MID(C11,13,1)*5,11),1)),"O","X")),"") -> O | P11: 대구은행 | Q11: 0031 | S11: S/W시험사
A12: 문순철 | B12: 보통인부 | C12: 580706-5860194 | D12: 서울특별시 은평구 연소로 35길7 101 | E12: 010-7963-6888 | F12: 0011 | G12: 농협중앙회 | H12: 302-1775-7802-51 | I12: WEN SHUNZHE | L12: =IFERROR(IF(OR(MID(C12,8,1)<"3",AND(MID(C12,8,1)>="5",MID(C12,8,1)<="6")),INT(TEXT(TODAY(),"yyyy.mmdd")-TEXT(TEXT(LEFT(C12,6),"1900-00-00"),"yyyy.mmdd")),INT(TEXT(TODAY(),"yyyy.mmdd")-TEXT(TEXT(LEFT(C12,6),"2000-00-00"),"yyyy.mmdd"))),"") -> 67 | N12: =IFERROR(IF(MID(C12,8,1)>="5",IF(RIGHT(C12,1)=(RIGHT(13-MOD(MID(C12,1,1)*2+MID(C12,2,1)*3+MID(C12,3,1)*4+MID(C12,4,1)*5+MID(C12,5,1)*6+MID(C12,6,1)*7+MID(C12,8,1)*8+MID(C12,9,1)*9+MID(C12,10,1)*2+MID(C12,11,1)*3+MID(C12,12,1)*4+MID(C12,13,1)*5,11),1)),"O","X"),IF(RIGHT(C12,1)=(RIGHT(11-MOD(MID(C12,1,1)*2+MID(C12,2,1)*3+MID(C12,3,1)*4+MID(C12,4,1)*5+MID(C12,5,1)*6+MID(C12,6,1)*7+MID(C12,8,1)*8+MID(C12,9,1)*9+MID(C12,10,1)*2+MID(C12,11,1)*3+MID(C12,12,1)*4+MID(C12,13,1)*5,11),1)),"O","X")),"") -> O | P12: 부산은행 | Q12: 0032 | S12: 가구공
A13: 김기윤 | B13: 조경공 | C13: 620811-1538913 | D13: 서울특별시 은평구 갈현로31길3, 302호(갈현동, 장성케이씨빌) | E13: 010-5358-5893 | F13: 0004 | G13: 국민은행 | H13: 833-21-0509-800 | I13: 김기윤 | L13: =IFERROR(IF(OR(MID(C13,8,1)<"3",AND(MID(C13,8,1)>="5",MID(C13,8,1)<="6")),INT(TEXT(TODAY(),"yyyy.mmdd")-TEXT(TEXT(LEFT(C13,6),"1900-00-00"),"yyyy.mmdd")),INT(TEXT(TODAY(),"yyyy.mmdd")-TEXT(TEXT(LEFT(C13,6),"2000-00-00"),"yyyy.mmdd"))),"") -> 63 | N13: =IFERROR(IF(MID(C13,8,1)>="5",IF(RIGHT(C13,1)=(RIGHT(13-MOD(MID(C13,1,1)*2+MID(C13,2,1)*3+MID(C13,3,1)*4+MID(C13,4,1)*5+MID(C13,5,1)*6+MID(C13,6,1)*7+MID(C13,8,1)*8+MID(C13,9,1)*9+MID(C13,10,1)*2+MID(C13,11,1)*3+MID(C13,12,1)*4+MID(C13,13,1)*5,11),1)),"O","X"),IF(RIGHT(C13,1)=(RIGHT(11-MOD(MID(C13,1,1)*2+MID(C13,2,1)*3+MID(C13,3,1)*4+MID(C13,4,1)*5+MID(C13,5,1)*6+MID(C13,6,1)*7+MID(C13,8,1)*8+MID(C13,9,1)*9+MID(C13,10,1)*2+MID(C13,11,1)*3+MID(C13,12,1)*4+MID(C13,13,1)*5,11),1)),"O","X")),"") -> O | P13: 산림조합중앙회 | Q13: 0064 | S13: 가구공
A14: 김수석 | B14: 조경공 | C14: 650502-1810529 | D14: 경기도 남양주시 와부읍 덕소로67-20, 105동 505호 | E14: 010-9185-0935 | F14: 0011 | G14: 농협중앙회 | H14: 204040-56-201577 | I14: 김수석 | L14: =IFERROR(IF(OR(MID(C14,8,1)<"3",AND(MID(C14,8,1)>="5",MID(C14,8,1)<="6")),INT(TEXT(TODAY(),"yyyy.mmdd")-TEXT(TEXT(LEFT(C14,6),"1900-00-00"),"yyyy.mmdd")),INT(TEXT(TODAY(),"yyyy.mmdd")-TEXT(TEXT(LEFT(C14,6),"2000-00-00"),"yyyy.mmdd"))),"") -> 61 | N14: =IFERROR(IF(MID(C14,8,1)>="5",IF(RIGHT(C14,1)=(RIGHT(13-MOD(MID(C14,1,1)*2+MID(C14,2,1)*3+MID(C14,3,1)*4+MID(C14,4,1)*5+MID(C14,5,1)*6+MID(C14,6,1)*7+MID(C14,8,1)*8+MID(C14,9,1)*9+MID(C14,10,1)*2+MID(C14,11,1)*3+MID(C14,12,1)*4+MID(C14,13,1)*5,11),1)),"O","X"),IF(RIGHT(C14,1)=(RIGHT(11-MOD(MID(C14,1,1)*2+MID(C14,2,1)*3+MID(C14,3,1)*4+MID(C14,4,1)*5+MID(C14,5,1)*6+MID(C14,6,1)*7+MID(C14,8,1)*8+MID(C14,9,1)*9+MID(C14,10,1)*2+MID(C14,11,1)*3+MID(C14,12,1)*4+MID(C14,13,1)*5,11),1)),"O","X")),"") -> O | P14: 산업은행 | Q14: 0002 | S14: 가구목공
A15: 권오훈 | B15: 조경공 | C15: 640920-1814621 | D15: 경기도 남양주시 와부읍 수레로1번길 28-3, 203호(장미연립) | E15: 010-3433-9377 | F15: 0011 | G15: 농협중앙회 | H15: 172080-52-090513 | I15: 권오훈 | L15: =IFERROR(IF(OR(MID(C15,8,1)<"3",AND(MID(C15,8,1)>="5",MID(C15,8,1)<="6")),INT(TEXT(TODAY(),"yyyy.mmdd")-TEXT(TEXT(LEFT(C15,6),"1900-00-00"),"yyyy.mmdd")),INT(TEXT(TODAY(),"yyyy.mmdd")-TEXT(TEXT(LEFT(C15,6),"2000-00-00"),"yyyy.mmdd"))),"") -> 61 | N15: =IFERROR(IF(MID(C15,8,1)>="5",IF(RIGHT(C15,1)=(RIGHT(13-MOD(MID(C15,1,1)*2+MID(C15,2,1)*3+MID(C15,3,1)*4+MID(C15,4,1)*5+MID(C15,5,1)*6+MID(C15,6,1)*7+MID(C15,8,1)*8+MID(C15,9,1)*9+MID(C15,10,1)*2+MID(C15,11,1)*3+MID(C15,12,1)*4+MID(C15,13,1)*5,11),1)),"O","X"),IF(RIGHT(C15,1)=(RIGHT(11-MOD(MID(C15,1,1)*2+MID(C15,2,1)*3+MID(C15,3,1)*4+MID(C15,4,1)*5+MID(C15,5,1)*6+MID(C15,6,1)*7+MID(C15,8,1)*8+MID(C15,9,1)*9+MID(C15,10,1)*2+MID(C15,11,1)*3+MID(C15,12,1)*4+MID(C15,13,1)*5,11),1)),"O","X")),"") -> O | P15: 새마을금고 | Q15: 0045 | S15: 가스용접공
... A26: 이병대 | B26: 조경공 | C26: 610316-1543716 | D26: 서울 강동구 천호동 211-12 | E26: 010-8736-9866 | F26: 0088 | G26: 신한은행 | H26: 110-412-527148 | I26: 이병대 | L26: =IFERROR(IF(OR(MID(C26,8,1)<"3",AND(MID(C26,8,1)>="5",MID(C26,8,1)<="6")),INT(TEXT(TODAY(),"yyyy.mmdd")-TEXT(TEXT(LEFT(C26,6),"1900-00-00"),"yyyy.mmdd")),INT(TEXT(TODAY(),"yyyy.mmdd")-TEXT(TEXT(LEFT(C26,6),"2000-00-00"),"yyyy.mmdd"))),"") -> 65 | N26: =IFERROR(IF(MID(C26,8,1)>="5",IF(RIGHT(C26,1)=(RIGHT(13-MOD(MID(C26,1,1)*2+MID(C26,2,1)*3+MID(C26,3,1)*4+MID(C26,4,1)*5+MID(C26,5,1)*6+MID(C26,6,1)*7+MID(C26,8,1)*8+MID(C26,9,1)*9+MID(C26,10,1)*2+MID(C26,11,1)*3+MID(C26,12,1)*4+MID(C26,13,1)*5,11),1)),"O","X"),IF(RIGHT(C26,1)=(RIGHT(11-MOD(MID(C26,1,1)*2+MID(C26,2,1)*3+MID(C26,3,1)*4+MID(C26,4,1)*5+MID(C26,5,1)*6+MID(C26,6,1)*7+MID(C26,8,1)*8+MID(C26,9,1)*9+MID(C26,10,1)*2+MID(C26,11,1)*3+MID(C26,12,1)*4+MID(C26,13,1)*5,11),1)),"O","X")),"") -> O | P26: 한국시티은행 | Q26: 0027 | S26: 건설안전공
A27: 이병인 | B27: 조경공 | C27: 500709-1063529 | D27: 인천 연수구 예술로 22번길 20, 401호 | E27: 010-2010-0909 | F27: 0011 | G27: 농협중앙회 | H27: 352-1702-4909-03 | I27: 이병인 | L27: =IFERROR(IF(OR(MID(C27,8,1)<"3",AND(MID(C27,8,1)>="5",MID(C27,8,1)<="6")),INT(TEXT(TODAY(),"yyyy.mmdd")-TEXT(TEXT(LEFT(C27,6),"1900-00-00"),"yyyy.mmdd")),INT(TEXT(TODAY(),"yyyy.mmdd")-TEXT(TEXT(LEFT(C27,6),"2000-00-00"),"yyyy.mmdd"))),"") -> 75 | N27: =IFERROR(IF(MID(C27,8,1)>="5",IF(RIGHT(C27,1)=(RIGHT(13-MOD(MID(C27,1,1)*2+MID(C27,2,1)*3+MID(C27,3,1)*4+MID(C27,4,1)*5+MID(C27,5,1)*6+MID(C27,6,1)*7+MID(C27,8,1)*8+MID(C27,9,1)*9+MID(C27,10,1)*2+MID(C27,11,1)*3+MID(C27,12,1)*4+MID(C27,13,1)*5,11),1)),"O","X"),IF(RIGHT(C27,1)=(RIGHT(11-MOD(MID(C27,1,1)*2+MID(C27,2,1)*3+MID(C27,3,1)*4+MID(C27,4,1)*5+MID(C27,5,1)*6+MID(C27,6,1)*7+MID(C27,8,1)*8+MID(C27,9,1)*9+MID(C27,10,1)*2+MID(C27,11,1)*3+MID(C27,12,1)*4+MID(C27,13,1)*5,11),1)),"O","X")),"") -> O | S27: 건축목공
A28: 이우정 | B28: 조경공 | C28: 560418-1327011 | D28: 인천 남구 소성로 211, 3동 303호 학익동 신동아아파트 | E28: 010-8639-4427 | F28: 0011 | G28: 농협중앙회 | H28: 133-12-125675 | I28: 이우정 | L28: =IFERROR(IF(OR(MID(C28,8,1)<"3",AND(MID(C28,8,1)>="5",MID(C28,8,1)<="6")),INT(TEXT(TODAY(),"yyyy.mmdd")-TEXT(TEXT(LEFT(C28,6),"1900-00-00"),"yyyy.mmdd")),INT(TEXT(TODAY(),"yyyy.mmdd")-TEXT(TEXT(LEFT(C28,6),"2000-00-00"),"yyyy.mmdd"))),"") -> 70 | N28: =IFERROR(IF(MID(C28,8,1)>="5",IF(RIGHT(C28,1)=(RIGHT(13-MOD(MID(C28,1,1)*2+MID(C28,2,1)*3+MID(C28,3,1)*4+MID(C28,4,1)*5+MID(C28,5,1)*6+MID(C28,6,1)*7+MID(C28,8,1)*8+MID(C28,9,1)*9+MID(C28,10,1)*2+MID(C28,11,1)*3+MID(C28,12,1)*4+MID(C28,13,1)*5,11),1)),"O","X"),IF(RIGHT(C28,1)=(RIGHT(11-MOD(MID(C28,1,1)*2+MID(C28,2,1)*3+MID(C28,3,1)*4+MID(C28,4,1)*5+MID(C28,5,1)*6+MID(C28,6,1)*7+MID(C28,8,1)*8+MID(C28,9,1)*9+MID(C28,10,1)*2+MID(C28,11,1)*3+MID(C28,12,1)*4+MID(C28,13,1)*5,11),1)),"O","X")),"") -> O | S28: 견출공
A29: 정원봉 | B29: 조경공 | C29: 490711-1652917 | D29: 인천 연수구 선학동 347 선학시영아파트 115동 206호 | E29: 010-7732-5769 | F29: 0088 | G29: 신한은행 | H29: 110-300-559320 | I29: 정원봉 | L29: =IFERROR(IF(OR(MID(C29,8,1)<"3",AND(MID(C29,8,1)>="5",MID(C29,8,1)<="6")),INT(TEXT(TODAY(),"yyyy.mmdd")-TEXT(TEXT(LEFT(C29,6),"1900-00-00"),"yyyy.mmdd")),INT(TEXT(TODAY(),"yyyy.mmdd")-TEXT(TEXT(LEFT(C29,6),"2000-00-00"),"yyyy.mmdd"))),"") -> 76 | N29: =IFERROR(IF(MID(C29,8,1)>="5",IF(RIGHT(C29,1)=(RIGHT(13-MOD(MID(C29,1,1)*2+MID(C29,2,1)*3+MID(C29,3,1)*4+MID(C29,4,1)*5+MID(C29,5,1)*6+MID(C29,6,1)*7+MID(C29,8,1)*8+MID(C29,9,1)*9+MID(C29,10,1)*2+MID(C29,11,1)*3+MID(C29,12,1)*4+MID(C29,13,1)*5,11),1)),"O","X"),IF(RIGHT(C29,1)=(RIGHT(11-MOD(MID(C29,1,1)*2+MID(C29,2,1)*3+MID(C29,3,1)*4+MID(C29,4,1)*5+MID(C29,5,1)*6+MID(C29,6,1)*7+MID(C29,8,1)*8+MID(C29,9,1)*9+MID(C29,10,1)*2+MID(C29,11,1)*3+MID(C29,12,1)*4+MID(C29,13,1)*5,11),1)),"O","X")),"") -> O | S29: 경량기포공
A30: 정형기 | B30: 조경공 | C30: 440320-1472111 | D30: 인천 부평구 백범로 340번길 6 십정동 | E30: 010-3705-2432 | F30: 0048 | G30: 신협중앙회 | H30: 132-132-096895 | I30: 정형기 | L30: =IFERROR(IF(OR(MID(C30,8,1)<"3",AND(MID(C30,8,1)>="5",MID(C30,8,1)<="6")),INT(TEXT(TODAY(),"yyyy.mmdd")-TEXT(TEXT(LEFT(C30,6),"1900-00-00"),"yyyy.mmdd")),INT(TEXT(TODAY(),"yyyy.mmdd")-TEXT(TEXT(LEFT(C30,6),"2000-00-00"),"yyyy.mmdd"))),"") -> 82 | N30: =IFERROR(IF(MID(C30,8,1)>="5",IF(RIGHT(C30,1)=(RIGHT(13-MOD(MID(C30,1,1)*2+MID(C30,2,1)*3+MID(C30,3,1)*4+MID(C30,4,1)*5+MID(C30,5,1)*6+MID(C30,6,1)*7+MID(C30,8,1)*8+MID(C30,9,1)*9+MID(C30,10,1)*2+MID(C30,11,1)*3+MID(C30,12,1)*4+MID(C30,13,1)*5,11),1)),"O","X"),IF(RIGHT(C30,1)=(RIGHT(11-MOD(MID(C30,1,1)*2+MID(C30,2,1)*3+MID(C30,3,1)*4+MID(C30,4,1)*5+MID(C30,5,1)*6+MID(C30,6,1)*7+MID(C30,8,1)*8+MID(C30,9,1)*9+MID(C30,10,1)*2+MID(C30,11,1)*3+MID(C30,12,1)*4+MID(C30,13,1)*5,11),1)),"O","X")),"") -> O | S30: 경량기포공
A31: 조태휘 | B31: 조경공 | C31: 461015-1148113 | D31: 인천 남구 관교동 13-8 풍림아파트 102동 303호 | E31: 010-7799-6342 | F31: 0088 | G31: 신한은행 | H31: 110-479-254923 | I31: 조태휘 | L31: =IFERROR(IF(OR(MID(C31,8,1)<"3",AND(MID(C31,8,1)>="5",MID(C31,8,1)<="6")),INT(TEXT(TODAY(),"yyyy.mmdd")-TEXT(TEXT(LEFT(C31,6),"1900-00-00"),"yyyy.mmdd")),INT(TEXT(TODAY(),"yyyy.mmdd")-TEXT(TEXT(LEFT(C31,6),"2000-00-00"),"yyyy.mmdd"))),"") -> 79 | N31: =IFERROR(IF(MID(C31,8,1)>="5",IF(RIGHT(C31,1)=(RIGHT(13-MOD(MID(C31,1,1)*2+MID(C31,2,1)*3+MID(C31,3,1)*4+MID(C31,4,1)*5+MID(C31,5,1)*6+MID(C31,6,1)*7+MID(C31,8,1)*8+MID(C31,9,1)*9+MID(C31,10,1)*2+MID(C31,11,1)*3+MID(C31,12,1)*4+MID(C31,13,1)*5,11),1)),"O","X"),IF(RIGHT(C31,1)=(RIGHT(11-MOD(MID(C31,1,1)*2+MID(C31,2,1)*3+MID(C31,3,1)*4+MID(C31,4,1)*5+MID(C31,5,1)*6+MID(C31,6,1)*7+MID(C31,8,1)*8+MID(C31,9,1)*9+MID(C31,10,1)*2+MID(C31,11,1)*3+MID(C31,12,1)*4+MID(C31,13,1)*5,11),1)),"O","X")),"") -> O | S31: 경량철골공
A32: 차용수 | B32: 조경공 | C32: 430320-1141011 | D32: 경기도 부천시원미구 상동 1832-504 반달마을1832동504호 | E32: 010-2820-7710 | F32: 0011 | G32: 농협중앙회 | H32: 216011-52-042985 | I32: 차용수 | L32: =IFERROR(IF(OR(MID(C32,8,1)<"3",AND(MID(C32,8,1)>="5",MID(C32,8,1)<="6")),INT(TEXT(TODAY(),"yyyy.mmdd")-TEXT(TEXT(LEFT(C32,6),"1900-00-00"),"yyyy.mmdd")),INT(TEXT(TODAY(),"yyyy.mmdd")-TEXT(TEXT(LEFT(C32,6),"2000-00-00"),"yyyy.mmdd"))),"") -> 83 | N32: =IFERROR(IF(MID(C32,8,1)>="5",IF(RIGHT(C32,1)=(RIGHT(13-MOD(MID(C32,1,1)*2+MID(C32,2,1)*3+MID(C32,3,1)*4+MID(C32,4,1)*5+MID(C32,5,1)*6+MID(C32,6,1)*7+MID(C32,8,1)*8+MID(C32,9,1)*9+MID(C32,10,1)*2+MID(C32,11,1)*3+MID(C32,12,1)*4+MID(C32,13,1)*5,11),1)),"O","X"),IF(RIGHT(C32,1)=(RIGHT(11-MOD(MID(C32,1,1)*2+MID(C32,2,1)*3+MID(C32,3,1)*4+MID(C32,4,1)*5+MID(C32,5,1)*6+MID(C32,6,1)*7+MID(C32,8,1)*8+MID(C32,9,1)*9+MID(C32,10,1)*2+MID(C32,11,1)*3+MID(C32,12,1)*4+MID(C32,13,1)*5,11),1)),"O","X")),"") -> O | S32: 경비
A33: 한정수 | B33: 조경공 | C33: 560904-1245511 | D33: 인천 남동구 만수동 1049 담방마을아파트 101동 1102호 | E33: 010-2375-8518 | F33: 0048 | G33: 신협중앙회 | H33: 132-069-090029 | I33: 한정수 | L33: =IFERROR(IF(OR(MID(C33,8,1)<"3",AND(MID(C33,8,1)>="5",MID(C33,8,1)<="6")),INT(TEXT(TODAY(),"yyyy.mmdd")-TEXT(TEXT(LEFT(C33,6),"1900-00-00"),"yyyy.mmdd")),INT(TEXT(TODAY(),"yyyy.mmdd")-TEXT(TEXT(LEFT(C33,6),"2000-00-00"),"yyyy.mmdd"))),"") -> 69 | N33: =IFERROR(IF(MID(C33,8,1)>="5",IF(RIGHT(C33,1)=(RIGHT(13-MOD(MID(C33,1,1)*2+MID(C33,2,1)*3+MID(C33,3,1)*4+MID(C33,4,1)*5+MID(C33,5,1)*6+MID(C33,6,1)*7+MID(C33,8,1)*8+MID(C33,9,1)*9+MID(C33,10,1)*2+MID(C33,11,1)*3+MID(C33,12,1)*4+MID(C33,13,1)*5,11),1)),"O","X"),IF(RIGHT(C33,1)=(RIGHT(11-MOD(MID(C33,1,1)*2+MID(C33,2,1)*3+MID(C33,3,1)*4+MID(C33,4,1)*5+MID(C33,5,1)*6+MID(C33,6,1)*7+MID(C33,8,1)*8+MID(C33,9,1)*9+MID(C33,10,1)*2+MID(C33,11,1)*3+MID(C33,12,1)*4+MID(C33,13,1)*5,11),1)),"O","X")),"") -> O | S33: 계령공
A34: 김윤자 | B34: 조경공 | C34: 470310-2011417 | D34: 인천광역시 남구 주안동 421-53 | E34: 010-4847-3572 | F34: 0088 | G34: 신한은행 | H34: 110-118-001184 | I34: 김윤자 | L34: =IFERROR(IF(OR(MID(C34,8,1)<"3",AND(MID(C34,8,1)>="5",MID(C34,8,1)<="6")),INT(TEXT(TODAY(),"yyyy.mmdd")-TEXT(TEXT(LEFT(C34,6),"1900-00-00"),"yyyy.mmdd")),INT(TEXT(TODAY(),"yyyy.mmdd")-TEXT(TEXT(LEFT(C34,6),"2000-00-00"),"yyyy.mmdd"))),"") -> 79 | N34: =IFERROR(IF(MID(C34,8,1)>="5",IF(RIGHT(C34,1)=(RIGHT(13-MOD(MID(C34,1,1)*2+MID(C34,2,1)*3+MID(C34,3,1)*4+MID(C34,4,1)*5+MID(C34,5,1)*6+MID(C34,6,1)*7+MID(C34,8,1)*8+MID(C34,9,1)*9+MID(C34,10,1)*2+MID(C34,11,1)*3+MID(C34,12,1)*4+MID(C34,13,1)*5,11),1)),"O","X"),IF(RIGHT(C34,1)=(RIGHT(11-MOD(MID(C34,1,1)*2+MID(C34,2,1)*3+MID(C34,3,1)*4+MID(C34,4,1)*5+MID(C34,5,1)*6+MID(C34,6,1)*7+MID(C34,8,1)*8+MID(C34,9,1)*9+MID(C34,10,1)*2+MID(C34,11,1)*3+MID(C34,12,1)*4+MID(C34,13,1)*5,11),1)),"O","X")),"") -> O | S34: 계장공
A35: 이명분 | B35: 조경공 | C35: 491128-2149618 | D35: 인천광역시 남구 주안동 1434-19 | E35: 010-5758-9519 | F35: 0011 | G35: 농협중앙회 | H35: 301-0021-1505-41 | I35: 이명분 | L35: =IFERROR(IF(OR(MID(C35,8,1)<"3",AND(MID(C35,8,1)>="5",MID(C35,8,1)<="6")),INT(TEXT(TODAY(),"yyyy.mmdd")-TEXT(TEXT(LEFT(C35,6),"1900-00-00"),"yyyy.mmdd")),INT(TEXT(TODAY(),"yyyy.mmdd")-TEXT(TEXT(LEFT(C35,6),"2000-00-00"),"yyyy.mmdd"))),"") -> 76 | N35: =IFERROR(IF(MID(C35,8,1)>="5",IF(RIGHT(C35,1)=(RIGHT(13-MOD(MID(C35,1,1)*2+MID(C35,2,1)*3+MID(C35,3,1)*4+MID(C35,4,1)*5+MID(C35,5,1)*6+MID(C35,6,1)*7+MID(C35,8,1)*8+MID(C35,9,1)*9+MID(C35,10,1)*2+MID(C35,11,1)*3+MID(C35,12,1)*4+MID(C35,13,1)*5,11),1)),"O","X"),IF(RIGHT(C35,1)=(RIGHT(11-MOD(MID(C35,1,1)*2+MID(C35,2,1)*3+MID(C35,3,1)*4+MID(C35,4,1)*5+MID(C35,5,1)*6+MID(C35,6,1)*7+MID(C35,8,1)*8+MID(C35,9,1)*9+MID(C35,10,1)*2+MID(C35,11,1)*3+MID(C35,12,1)*4+MID(C35,13,1)*5,11),1)),"O","X")),"") -> O | S35: 계측공
A36: 이인애 | B36: 조경공 | C36: 491119-2141011 | D36: 인천 남구 주안동 668-6 남승빌라 202호 | E36: 010-4326-7710 | F36: 0045 | G36: 새마을금고 | H36: 9002-1804-7397-0 | I36: 이인애 | L36: =IFERROR(IF(OR(MID(C36,8,1)<"3",AND(MID(C36,8,1)>="5",MID(C36,8,1)<="6")),INT(TEXT(TODAY(),"yyyy.mmdd")-TEXT(TEXT(LEFT(C36,6),"1900-00-00"),"yyyy.mmdd")),INT(TEXT(TODAY(),"yyyy.mmdd")-TEXT(TEXT(LEFT(C36,6),"2000-00-00"),"yyyy.mmdd"))),"") -> 76 | N36: =IFERROR(IF(MID(C36,8,1)>="5",IF(RIGHT(C36,1)=(RIGHT(13-MOD(MID(C36,1,1)*2+MID(C36,2,1)*3+MID(C36,3,1)*4+MID(C36,4,1)*5+MID(C36,5,1)*6+MID(C36,6,1)*7+MID(C36,8,1)*8+MID(C36,9,1)*9+MID(C36,10,1)*2+MID(C36,11,1)*3+MID(C36,12,1)*4+MID(C36,13,1)*5,11),1)),"O","X"),IF(RIGHT(C36,1)=(RIGHT(11-MOD(MID(C36,1,1)*2+MID(C36,2,1)*3+MID(C36,3,1)*4+MID(C36,4,1)*5+MID(C36,5,1)*6+MID(C36,6,1)*7+MID(C36,8,1)*8+MID(C36,9,1)*9+MID(C36,10,1)*2+MID(C36,11,1)*3+MID(C36,12,1)*4+MID(C36,13,1)*5,11),1)),"O","X")),"") -> O | S36: 계측공
A37: 이정주 | B37: 조경공 | C37: 461024-2143612 | D37: 인천 남구 인하로 198번지 13 주안동 | E37: 010-2375-9442 | F37: 0011 | G37: 농협중앙회 | H37: 170671-52-086183 | I37: 이정주 | L37: =IFERROR(IF(OR(MID(C37,8,1)<"3",AND(MID(C37,8,1)>="5",MID(C37,8,1)<="6")),INT(TEXT(TODAY(),"yyyy.mmdd")-TEXT(TEXT(LEFT(C37,6),"1900-00-00"),"yyyy.mmdd")),INT(TEXT(TODAY(),"yyyy.mmdd")-TEXT(TEXT(LEFT(C37,6),"2000-00-00"),"yyyy.mmdd"))),"") -> 79 | N37: =IFERROR(IF(MID(C37,8,1)>="5",IF(RIGHT(C37,1)=(RIGHT(13-MOD(MID(C37,1,1)*2+MID(C37,2,1)*3+MID(C37,3,1)*4+MID(C37,4,1)*5+MID(C37,5,1)*6+MID(C37,6,1)*7+MID(C37,8,1)*8+MID(C37,9,1)*9+MID(C37,10,1)*2+MID(C37,11,1)*3+MID(C37,12,1)*4+MID(C37,13,1)*5,11),1)),"O","X"),IF(RIGHT(C37,1)=(RIGHT(11-MOD(MID(C37,1,1)*2+MID(C37,2,1)*3+MID(C37,3,1)*4+MID(C37,4,1)*5+MID(C37,5,1)*6+MID(C37,6,1)*7+MID(C37,8,1)*8+MID(C37,9,1)*9+MID(C37,10,1)*2+MID(C37,11,1)*3+MID(C37,12,1)*4+MID(C37,13,1)*5,11),1)),"O","X")),"") -> O | S37: 고압케이블전공
A38: 이현자 | B38: 조경공 | C38: 550519-2543711 | D38: 인천 남동구 간석동 1157-1 우신아파트 다동 301호 | E38: 010-3105-5988 | F38: 0004 | G38: 국민은행 | H38: 224601-04-129755 | I38: 이현자(외향산) | L38: =IFERROR(IF(OR(MID(C38,8,1)<"3",AND(MID(C38,8,1)>="5",MID(C38,8,1)<="6")),INT(TEXT(TODAY(),"yyyy.mmdd")-TEXT(TEXT(LEFT(C38,6),"1900-00-00"),"yyyy.mmdd")),INT(TEXT(TODAY(),"yyyy.mmdd")-TEXT(TEXT(LEFT(C38,6),"2000-00-00"),"yyyy.mmdd"))),"") -> 71 | N38: =IFERROR(IF(MID(C38,8,1)>="5",IF(RIGHT(C38,1)=(RIGHT(13-MOD(MID(C38,1,1)*2+MID(C38,2,1)*3+MID(C38,3,1)*4+MID(C38,4,1)*5+MID(C38,5,1)*6+MID(C38,6,1)*7+MID(C38,8,1)*8+MID(C38,9,1)*9+MID(C38,10,1)*2+MID(C38,11,1)*3+MID(C38,12,1)*4+MID(C38,13,1)*5,11),1)),"O","X"),IF(RIGHT(C38,1)=(RIGHT(11-MOD(MID(C38,1,1)*2+MID(C38,2,1)*3+MID(C38,3,1)*4+MID(C38,4,1)*5+MID(C38,5,1)*6+MID(C38,6,1)*7+MID(C38,8,1)*8+MID(C38,9,1)*9+MID(C38,10,1)*2+MID(C38,11,1)*3+MID(C38,12,1)*4+MID(C38,13,1)*5,11),1)),"O","X")),"") -> O | S38: 골재쇄석공
... A55: 진순금 | B55: 조경공 | C55: 540913-2394217 | D55: 인천 남동구 논현동 635-1 논현휴먼시아 하늘마을 316동 704호 | E55: 010-5361-8975 | F55: 0011 | G55: 농협중앙회 | H55: 351-0314-5156-53 | I55: 진순금 | L55: =IFERROR(IF(OR(MID(C55,8,1)<"3",AND(MID(C55,8,1)>="5",MID(C55,8,1)<="6")),INT(TEXT(TODAY(),"yyyy.mmdd")-TEXT(TEXT(LEFT(C55,6),"1900-00-00"),"yyyy.mmdd")),INT(TEXT(TODAY(),"yyyy.mmdd")-TEXT(TEXT(LEFT(C55,6),"2000-00-00"),"yyyy.mmdd"))),"") -> 71 | N55: =IFERROR(IF(MID(C55,8,1)>="5",IF(RIGHT(C55,1)=(RIGHT(13-MOD(MID(C55,1,1)*2+MID(C55,2,1)*3+MID(C55,3,1)*4+MID(C55,4,1)*5+MID(C55,5,1)*6+MID(C55,6,1)*7+MID(C55,8,1)*8+MID(C55,9,1)*9+MID(C55,10,1)*2+MID(C55,11,1)*3+MID(C55,12,1)*4+MID(C55,13,1)*5,11),1)),"O","X"),IF(RIGHT(C55,1)=(RIGHT(11-MOD(MID(C55,1,1)*2+MID(C55,2,1)*3+MID(C55,3,1)*4+MID(C55,4,1)*5+MID(C55,5,1)*6+MID(C55,6,1)*7+MID(C55,8,1)*8+MID(C55,9,1)*9+MID(C55,10,1)*2+MID(C55,11,1)*3+MID(C55,12,1)*4+MID(C55,13,1)*5,11),1)),"O","X")),"") -> O | S55: 기관선원
L56: =IFERROR(IF(OR(MID(C56,8,1)<"3",AND(MID(C56,8,1)>="5",MID(C56,8,1)<="6")),INT(TEXT(TODAY(),"yyyy.mmdd")-TEXT(TEXT(LEFT(C56,6),"1900-00-00"),"yyyy.mmdd")),INT(TEXT(TODAY(),"yyyy.mmdd")-TEXT(TEXT(LEFT(C56,6),"2000-00-00"),"yyyy.mmdd"))),"") | N56: =IFERROR(IF(MID(C56,8,1)>="5",IF(RIGHT(C56,1)=(RIGHT(13-MOD(MID(C56,1,1)*2+MID(C56,2,1)*3+MID(C56,3,1)*4+MID(C56,4,1)*5+MID(C56,5,1)*6+MID(C56,6,1)*7+MID(C56,8,1)*8+MID(C56,9,1)*9+MID(C56,10,1)*2+MID(C56,11,1)*3+MID(C56,12,1)*4+MID(C56,13,1)*5,11),1)),"O","X"),IF(RIGHT(C56,1)=(RIGHT(11-MOD(MID(C56,1,1)*2+MID(C56,2,1)*3+MID(C56,3,1)*4+MID(C56,4,1)*5+MID(C56,5,1)*6+MID(C56,6,1)*7+MID(C56,8,1)*8+MID(C56,9,1)*9+MID(C56,10,1)*2+MID(C56,11,1)*3+MID(C56,12,1)*4+MID(C56,13,1)*5,11),1)),"O","X")),"") | S56: 기관장
A57: 이병호 | B57: 조경공 | C57: 590724-1321219 | D57: 경기도 용인시 처인구 김량장 159-22 | E57: 010-3797-7304 | F57: 0011 | G57: 농협중앙회 | H57: 235020-52-083554 | I57: 이병호 | L57: =IFERROR(IF(OR(MID(C57,8,1)<"3",AND(MID(C57,8,1)>="5",MID(C57,8,1)<="6")),INT(TEXT(TODAY(),"yyyy.mmdd")-TEXT(TEXT(LEFT(C57,6),"1900-00-00"),"yyyy.mmdd")),INT(TEXT(TODAY(),"yyyy.mmdd")-TEXT(TEXT(LEFT(C57,6),"2000-00-00"),"yyyy.mmdd"))),"") -> 66 | N57: =IFERROR(IF(MID(C57,8,1)>="5",IF(RIGHT(C57,1)=(RIGHT(13-MOD(MID(C57,1,1)*2+MID(C57,2,1)*3+MID(C57,3,1)*4+MID(C57,4,1)*5+MID(C57,5,1)*6+MID(C57,6,1)*7+MID(C57,8,1)*8+MID(C57,9,1)*9+MID(C57,10,1)*2+MID(C57,11,1)*3+MID(C57,12,1)*4+MID(C57,13,1)*5,11),1)),"O","X"),IF(RIGHT(C57,1)=(RIGHT(11-MOD(MID(C57,1,1)*2+MID(C57,2,1)*3+MID(C57,3,1)*4+MID(C57,4,1)*5+MID(C57,5,1)*6+MID(C57,6,1)*7+MID(C57,8,1)*8+MID(C57,9,1)*9+MID(C57,10,1)*2+MID(C57,11,1)*3+MID(C57,12,1)*4+MID(C57,13,1)*5,11),1)),"O","X")),"") -> O | S57: 기술보조
A58: 이병묵 | B58: 조경공 | C58: 630504-1321213 | D58: 경기도 수원시 장안구 장안로 211 | E58: 010-9050-5294 | F58: 0011 | G58: 농협중앙회 | H58: 356-1148-2295-63 | I58: 이병묵 | L58: =IFERROR(IF(OR(MID(C58,8,1)<"3",AND(MID(C58,8,1)>="5",MID(C58,8,1)<="6")),INT(TEXT(TODAY(),"yyyy.mmdd")-TEXT(TEXT(LEFT(C58,6),"1900-00-00"),"yyyy.mmdd")),INT(TEXT(TODAY(),"yyyy.mmdd")-TEXT(TEXT(LEFT(C58,6),"2000-00-00"),"yyyy.mmdd"))),"") -> 63 | N58: =IFERROR(IF(MID(C58,8,1)>="5",IF(RIGHT(C58,1)=(RIGHT(13-MOD(MID(C58,1,1)*2+MID(C58,2,1)*3+MID(C58,3,1)*4+MID(C58,4,1)*5+MID(C58,5,1)*6+MID(C58,6,1)*7+MID(C58,8,1)*8+MID(C58,9,1)*9+MID(C58,10,1)*2+MID(C58,11,1)*3+MID(C58,12,1)*4+MID(C58,13,1)*5,11),1)),"O","X"),IF(RIGHT(C58,1)=(RIGHT(11-MOD(MID(C58,1,1)*2+MID(C58,2,1)*3+MID(C58,3,1)*4+MID(C58,4,1)*5+MID(C58,5,1)*6+MID(C58,6,1)*7+MID(C58,8,1)*8+MID(C58,9,1)*9+MID(C58,10,1)*2+MID(C58,11,1)*3+MID(C58,12,1)*4+MID(C58,13,1)*5,11),1)),"O","X")),"") -> O | S58: 기와공
A59: 이춘식 | B59: 조경공 | C59: 610213-1229113 | D59: 경기도 용인시 처인구 유방동 93 | E59: 010-9014-4004 | F59: 0011 | G59: 농협중앙회 | H59: 235010-56-164581 | I59: 이춘식 | L59: =IFERROR(IF(OR(MID(C59,8,1)<"3",AND(MID(C59,8,1)>="5",MID(C59,8,1)<="6")),INT(TEXT(TODAY(),"yyyy.mmdd")-TEXT(TEXT(LEFT(C59,6),"1900-00-00"),"yyyy.mmdd")),INT(TEXT(TODAY(),"yyyy.mmdd")-TEXT(TEXT(LEFT(C59,6),"2000-00-00"),"yyyy.mmdd"))),"") -> 65 | N59: =IFERROR(IF(MID(C59,8,1)>="5",IF(RIGHT(C59,1)=(RIGHT(13-MOD(MID(C59,1,1)*2+MID(C59,2,1)*3+MID(C59,3,1)*4+MID(C59,4,1)*5+MID(C59,5,1)*6+MID(C59,6,1)*7+MID(C59,8,1)*8+MID(C59,9,1)*9+MID(C59,10,1)*2+MID(C59,11,1)*3+MID(C59,12,1)*4+MID(C59,13,1)*5,11),1)),"O","X"),IF(RIGHT(C59,1)=(RIGHT(11-MOD(MID(C59,1,1)*2+MID(C59,2,1)*3+MID(C59,3,1)*4+MID(C59,4,1)*5+MID(C59,5,1)*6+MID(C59,6,1)*7+MID(C59,8,1)*8+MID(C59,9,1)*9+MID(C59,10,1)*2+MID(C59,11,1)*3+MID(C59,12,1)*4+MID(C59,13,1)*5,11),1)),"O","X")),"") -> O | S59: 기중기선원
A60: CUI SONGZHE | B60: 조경공 | C60: 630418-5101795 | D60: 경기도 용인시 처인구 금령로 93번길 12-6 | E60: 010-5755-8878 | F60: 0011 | G60: 농협중앙회 | H60: 302-0699-9766-61 | I60: CUI SONGZHE | L60: =IFERROR(IF(OR(MID(C60,8,1)<"3",AND(MID(C60,8,1)>="5",MID(C60,8,1)<="6")),INT(TEXT(TODAY(),"yyyy.mmdd")-TEXT(TEXT(LEFT(C60,6),"1900-00-00"),"yyyy.mmdd")),INT(TEXT(TODAY(),"yyyy.mmdd")-TEXT(TEXT(LEFT(C60,6),"2000-00-00"),"yyyy.mmdd"))),"") -> 63 | N60: =IFERROR(IF(MID(C60,8,1)>="5",IF(RIGHT(C60,1)=(RIGHT(13-MOD(MID(C60,1,1)*2+MID(C60,2,1)*3+MID(C60,3,1)*4+MID(C60,4,1)*5+MID(C60,5,1)*6+MID(C60,6,1)*7+MID(C60,8,1)*8+MID(C60,9,1)*9+MID(C60,10,1)*2+MID(C60,11,1)*3+MID(C60,12,1)*4+MID(C60,13,1)*5,11),1)),"O","X"),IF(RIGHT(C60,1)=(RIGHT(11-MOD(MID(C60,1,1)*2+MID(C60,2,1)*3+MID(C60,3,1)*4+MID(C60,4,1)*5+MID(C60,5,1)*6+MID(C60,6,1)*7+MID(C60,8,1)*8+MID(C60,9,1)*9+MID(C60,10,1)*2+MID(C60,11,1)*3+MID(C60,12,1)*4+MID(C60,13,1)*5,11),1)),"O","X")),"") -> O | S60: 내선전공
A61: LI GUANGSHAN | B61: 조경공 | C61: 741015-5761090 | D61: 경기도 용인시 처인구 학산로 69 | E61: 010-8689-6778 | F61: 0011 | G61: 농협중앙회 | H61: 351-0394-9779-43 | I61: LI GUANGSHAN | L61: =IFERROR(IF(OR(MID(C61,8,1)<"3",AND(MID(C61,8,1)>="5",MID(C61,8,1)<="6")),INT(TEXT(TODAY(),"yyyy.mmdd")-TEXT(TEXT(LEFT(C61,6),"1900-00-00"),"yyyy.mmdd")),INT(TEXT(TODAY(),"yyyy.mmdd")-TEXT(TEXT(LEFT(C61,6),"2000-00-00"),"yyyy.mmdd"))),"") -> 51 | N61: =IFERROR(IF(MID(C61,8,1)>="5",IF(RIGHT(C61,1)=(RIGHT(13-MOD(MID(C61,1,1)*2+MID(C61,2,1)*3+MID(C61,3,1)*4+MID(C61,4,1)*5+MID(C61,5,1)*6+MID(C61,6,1)*7+MID(C61,8,1)*8+MID(C61,9,1)*9+MID(C61,10,1)*2+MID(C61,11,1)*3+MID(C61,12,1)*4+MID(C61,13,1)*5,11),1)),"O","X"),IF(RIGHT(C61,1)=(RIGHT(11-MOD(MID(C61,1,1)*2+MID(C61,2,1)*3+MID(C61,3,1)*4+MID(C61,4,1)*5+MID(C61,5,1)*6+MID(C61,6,1)*7+MID(C61,8,1)*8+MID(C61,9,1)*9+MID(C61,10,1)*2+MID(C61,11,1)*3+MID(C61,12,1)*4+MID(C61,13,1)*5,11),1)),"O","X")),"") -> O | S61: 내장공
A62: QUAN GUANGSHI | B62: 조경공 | C62: 550312-5300299 | D62: 경기도 용인시 처인구 금학로 383번길 | E62: 010-3115-9188 | F62: 0045 | G62: 새마을금고 | H62: 9003-2802-2730-1 | I62: QUAN GUANGSHI | L62: =IFERROR(IF(OR(MID(C62,8,1)<"3",AND(MID(C62,8,1)>="5",MID(C62,8,1)<="6")),INT(TEXT(TODAY(),"yyyy.mmdd")-TEXT(TEXT(LEFT(C62,6),"1900-00-00"),"yyyy.mmdd")),INT(TEXT(TODAY(),"yyyy.mmdd")-TEXT(TEXT(LEFT(C62,6),"2000-00-00"),"yyyy.mmdd"))),"") -> 71 | N62: =IFERROR(IF(MID(C62,8,1)>="5",IF(RIGHT(C62,1)=(RIGHT(13-MOD(MID(C62,1,1)*2+MID(C62,2,1)*3+MID(C62,3,1)*4+MID(C62,4,1)*5+MID(C62,5,1)*6+MID(C62,6,1)*7+MID(C62,8,1)*8+MID(C62,9,1)*9+MID(C62,10,1)*2+MID(C62,11,1)*3+MID(C62,12,1)*4+MID(C62,13,1)*5,11),1)),"O","X"),IF(RIGHT(C62,1)=(RIGHT(11-MOD(MID(C62,1,1)*2+MID(C62,2,1)*3+MID(C62,3,1)*4+MID(C62,4,1)*5+MID(C62,5,1)*6+MID(C62,6,1)*7+MID(C62,8,1)*8+MID(C62,9,1)*9+MID(C62,10,1)*2+MID(C62,11,1)*3+MID(C62,12,1)*4+MID(C62,13,1)*5,11),1)),"O","X")),"") -> O | S62: 내장목공
A63: 이성회 | B63: 조경공 | C63: 730117-1821011 | D63: 경상남도 창원시 마산합포구 장장군로 3 | E63: 010-5495-9645 | F63: 0081 | G63: KEB하나은행 | H63: 346-910740-02107 | I63: 이성회 | L63: =IFERROR(IF(OR(MID(C63,8,1)<"3",AND(MID(C63,8,1)>="5",MID(C63,8,1)<="6")),INT(TEXT(TODAY(),"yyyy.mmdd")-TEXT(TEXT(LEFT(C63,6),"1900-00-00"),"yyyy.mmdd")),INT(TEXT(TODAY(),"yyyy.mmdd")-TEXT(TEXT(LEFT(C63,6),"2000-00-00"),"yyyy.mmdd"))),"") -> 53 | N63: =IFERROR(IF(MID(C63,8,1)>="5",IF(RIGHT(C63,1)=(RIGHT(13-MOD(MID(C63,1,1)*2+MID(C63,2,1)*3+MID(C63,3,1)*4+MID(C63,4,1)*5+MID(C63,5,1)*6+MID(C63,6,1)*7+MID(C63,8,1)*8+MID(C63,9,1)*9+MID(C63,10,1)*2+MID(C63,11,1)*3+MID(C63,12,1)*4+MID(C63,13,1)*5,11),1)),"O","X"),IF(RIGHT(C63,1)=(RIGHT(11-MOD(MID(C63,1,1)*2+MID(C63,2,1)*3+MID(C63,3,1)*4+MID(C63,4,1)*5+MID(C63,5,1)*6+MID(C63,6,1)*7+MID(C63,8,1)*8+MID(C63,9,1)*9+MID(C63,10,1)*2+MID(C63,11,1)*3+MID(C63,12,1)*4+MID(C63,13,1)*5,11),1)),"O","X")),"") -> O | S63: 내화벽돌공
A64: 김우용 | B64: 조경공 | C64: 550713-1249716 | D64: 경기도 용인시 처인구 포곡읍 포곡로 108번길 | E64: 010-7215-4530 | F64: 0045 | G64: 새마을금고 | H64: 9003-2360-9222-2 | I64: 김우용 | L64: =IFERROR(IF(OR(MID(C64,8,1)<"3",AND(MID(C64,8,1)>="5",MID(C64,8,1)<="6")),INT(TEXT(TODAY(),"yyyy.mmdd")-TEXT(TEXT(LEFT(C64,6),"1900-00-00"),"yyyy.mmdd")),INT(TEXT(TODAY(),"yyyy.mmdd")-TEXT(TEXT(LEFT(C64,6),"2000-00-00"),"yyyy.mmdd"))),"") -> 70 | N64: =IFERROR(IF(MID(C64,8,1)>="5",IF(RIGHT(C64,1)=(RIGHT(13-MOD(MID(C64,1,1)*2+MID(C64,2,1)*3+MID(C64,3,1)*4+MID(C64,4,1)*5+MID(C64,5,1)*6+MID(C64,6,1)*7+MID(C64,8,1)*8+MID(C64,9,1)*9+MID(C64,10,1)*2+MID(C64,11,1)*3+MID(C64,12,1)*4+MID(C64,13,1)*5,11),1)),"O","X"),IF(RIGHT(C64,1)=(RIGHT(11-MOD(MID(C64,1,1)*2+MID(C64,2,1)*3+MID(C64,3,1)*4+MID(C64,4,1)*5+MID(C64,5,1)*6+MID(C64,6,1)*7+MID(C64,8,1)*8+MID(C64,9,1)*9+MID(C64,10,1)*2+MID(C64,11,1)*3+MID(C64,12,1)*4+MID(C64,13,1)*5,11),1)),"O","X")),"") -> O | S64: 내화벽돌공
A65: 조왕행 | B65: 조경공 | C65: 470518-1329213 | D65: 경기도 용인시 처인구 금령로 106번길 | E65: 010-8780-8916 | F65: 0011 | G65: 농협중앙회 | H65: 356-1489-0156-23 | I65: 조왕행 | L65: =IFERROR(IF(OR(MID(C65,8,1)<"3",AND(MID(C65,8,1)>="5",MID(C65,8,1)<="6")),INT(TEXT(TODAY(),"yyyy.mmdd")-TEXT(TEXT(LEFT(C65,6),"1900-00-00"),"yyyy.mmdd")),INT(TEXT(TODAY(),"yyyy.mmdd")-TEXT(TEXT(LEFT(C65,6),"2000-00-00"),"yyyy.mmdd"))),"") -> 79 | N65: =IFERROR(IF(MID(C65,8,1)>="5",IF(RIGHT(C65,1)=(RIGHT(13-MOD(MID(C65,1,1)*2+MID(C65,2,1)*3+MID(C65,3,1)*4+MID(C65,4,1)*5+MID(C65,5,1)*6+MID(C65,6,1)*7+MID(C65,8,1)*8+MID(C65,9,1)*9+MID(C65,10,1)*2+MID(C65,11,1)*3+MID(C65,12,1)*4+MID(C65,13,1)*5,11),1)),"O","X"),IF(RIGHT(C65,1)=(RIGHT(11-MOD(MID(C65,1,1)*2+MID(C65,2,1)*3+MID(C65,3,1)*4+MID(C65,4,1)*5+MID(C65,5,1)*6+MID(C65,6,1)*7+MID(C65,8,1)*8+MID(C65,9,1)*9+MID(C65,10,1)*2+MID(C65,11,1)*3+MID(C65,12,1)*4+MID(C65,13,1)*5,11),1)),"O","X")),"") -> O | S65: 냉동수리공
A66: 이미정 | B66: 신호수 | C66: 700520-2909022 | D66: 경기도 용인시 기흥구 동백8로 131번길 20 | E66: 010-5527-0633 | F66: 0088 | G66: 신한은행 | H66: 110-240-521583 | I66: 이미정 | L66: =IFERROR(IF(OR(MID(C66,8,1)<"3",AND(MID(C66,8,1)>="5",MID(C66,8,1)<="6")),INT(TEXT(TODAY(),"yyyy.mmdd")-TEXT(TEXT(LEFT(C66,6),"1900-00-00"),"yyyy.mmdd")),INT(TEXT(TODAY(),"yyyy.mmdd")-TEXT(TEXT(LEFT(C66,6),"2000-00-00"),"yyyy.mmdd"))),"") -> 56 | N66: =IFERROR(IF(MID(C66,8,1)>="5",IF(RIGHT(C66,1)=(RIGHT(13-MOD(MID(C66,1,1)*2+MID(C66,2,1)*3+MID(C66,3,1)*4+MID(C66,4,1)*5+MID(C66,5,1)*6+MID(C66,6,1)*7+MID(C66,8,1)*8+MID(C66,9,1)*9+MID(C66,10,1)*2+MID(C66,11,1)*3+MID(C66,12,1)*4+MID(C66,13,1)*5,11),1)),"O","X"),IF(RIGHT(C66,1)=(RIGHT(11-MOD(MID(C66,1,1)*2+MID(C66,2,1)*3+MID(C66,3,1)*4+MID(C66,4,1)*5+MID(C66,5,1)*6+MID(C66,6,1)*7+MID(C66,8,1)*8+MID(C66,9,1)*9+MID(C66,10,1)*2+MID(C66,11,1)*3+MID(C66,12,1)*4+MID(C66,13,1)*5,11),1)),"O","X")),"") -> O | S66: 노즐공
A67: 김명선 | B67: 조경공 | C67: 570219-1526525 | D67: 서울시 영등포구 신길 2176 | E67: 010-5217-1834 | F67: 0088 | G67: 신한은행 | H67: 110-059-759360 | I67: 김명선 | L67: =IFERROR(IF(OR(MID(C67,8,1)<"3",AND(MID(C67,8,1)>="5",MID(C67,8,1)<="6")),INT(TEXT(TODAY(),"yyyy.mmdd")-TEXT(TEXT(LEFT(C67,6),"1900-00-00"),"yyyy.mmdd")),INT(TEXT(TODAY(),"yyyy.mmdd")-TEXT(TEXT(LEFT(C67,6),"2000-00-00"),"yyyy.mmdd"))),"") -> 69 | N67: =IFERROR(IF(MID(C67,8,1)>="5",IF(RIGHT(C67,1)=(RIGHT(13-MOD(MID(C67,1,1)*2+MID(C67,2,1)*3+MID(C67,3,1)*4+MID(C67,4,1)*5+MID(C67,5,1)*6+MID(C67,6,1)*7+MID(C67,8,1)*8+MID(C67,9,1)*9+MID(C67,10,1)*2+MID(C67,11,1)*3+MID(C67,12,1)*4+MID(C67,13,1)*5,11),1)),"O","X"),IF(RIGHT(C67,1)=(RIGHT(11-MOD(MID(C67,1,1)*2+MID(C67,2,1)*3+MID(C67,3,1)*4+MID(C67,4,1)*5+MID(C67,5,1)*6+MID(C67,6,1)*7+MID(C67,8,1)*8+MID(C67,9,1)*9+MID(C67,10,1)*2+MID(C67,11,1)*3+MID(C67,12,1)*4+MID(C67,13,1)*5,11),1)),"O","X")),"") -> O | S67: 대리석공
L68: =IFERROR(IF(OR(MID(C68,8,1)<"3",AND(MID(C68,8,1)>="5",MID(C68,8,1)<="6")),INT(TEXT(TODAY(),"yyyy.mmdd")-TEXT(TEXT(LEFT(C68,6),"1900-00-00"),"yyyy.mmdd")),INT(TEXT(TODAY(),"yyyy.mmdd")-TEXT(TEXT(LEFT(C68,6),"2000-00-00"),"yyyy.mmdd"))),"") | N68: =IFERROR(IF(MID(C68,8,1)>="5",IF(RIGHT(C68,1)=(RIGHT(13-MOD(MID(C68,1,1)*2+MID(C68,2,1)*3+MID(C68,3,1)*4+MID(C68,4,1)*5+MID(C68,5,1)*6+MID(C68,6,1)*7+MID(C68,8,1)*8+MID(C68,9,1)*9+MID(C68,10,1)*2+MID(C68,11,1)*3+MID(C68,12,1)*4+MID(C68,13,1)*5,11),1)),"O","X"),IF(RIGHT(C68,1)=(RIGHT(11-MOD(MID(C68,1,1)*2+MID(C68,2,1)*3+MID(C68,3,1)*4+MID(C68,4,1)*5+MID(C68,5,1)*6+MID(C68,6,1)*7+MID(C68,8,1)*8+MID(C68,9,1)*9+MID(C68,10,1)*2+MID(C68,11,1)*3+MID(C68,12,1)*4+MID(C68,13,1)*5,11),1)),"O","X")),"") | S68: 대장공
A69: 장진권 | B69: 용역 | C69: 571216-1069414 | D69: 경기도 용인시 처인구 포곡읍 포곡로118번길 | E69: 010-6312-5256 | F69: 0011 | G69: 농협중앙회 | H69: 352-0309-1895-63 | I69: 장진권 | L69: =IFERROR(IF(OR(MID(C69,8,1)<"3",AND(MID(C69,8,1)>="5",MID(C69,8,1)<="6")),INT(TEXT(TODAY(),"yyyy.mmdd")-TEXT(TEXT(LEFT(C69,6),"1900-00-00"),"yyyy.mmdd")),INT(TEXT(TODAY(),"yyyy.mmdd")-TEXT(TEXT(LEFT(C69,6),"2000-00-00"),"yyyy.mmdd"))),"") -> 68 | N69: =IFERROR(IF(MID(C69,8,1)>="5",IF(RIGHT(C69,1)=(RIGHT(13-MOD(MID(C69,1,1)*2+MID(C69,2,1)*3+MID(C69,3,1)*4+MID(C69,4,1)*5+MID(C69,5,1)*6+MID(C69,6,1)*7+MID(C69,8,1)*8+MID(C69,9,1)*9+MID(C69,10,1)*2+MID(C69,11,1)*3+MID(C69,12,1)*4+MID(C69,13,1)*5,11),1)),"O","X"),IF(RIGHT(C69,1)=(RIGHT(11-MOD(MID(C69,1,1)*2+MID(C69,2,1)*3+MID(C69,3,1)*4+MID(C69,4,1)*5+MID(C69,5,1)*6+MID(C69,6,1)*7+MID(C69,8,1)*8+MID(C69,9,1)*9+MID(C69,10,1)*2+MID(C69,11,1)*3+MID(C69,12,1)*4+MID(C69,13,1)*5,11),1)),"O","X")),"") -> O | S69: 덕트공
A70: 김성준 | B70: 용역 | C70: 610125-1249228 | D70: 경기도 용인시 포곡면 마성리 304-2 | E70: 010-4615-4531 | F70: 0011 | G70: 농협중앙회 | H70: 352-1734-3501-63 | I70: 김성준 | L70: =IFERROR(IF(OR(MID(C70,8,1)<"3",AND(MID(C70,8,1)>="5",MID(C70,8,1)<="6")),INT(TEXT(TODAY(),"yyyy.mmdd")-TEXT(TEXT(LEFT(C70,6),"1900-00-00"),"yyyy.mmdd")),INT(TEXT(TODAY(),"yyyy.mmdd")-TEXT(TEXT(LEFT(C70,6),"2000-00-00"),"yyyy.mmdd"))),"") -> 65 | N70: =IFERROR(IF(MID(C70,8,1)>="5",IF(RIGHT(C70,1)=(RIGHT(13-MOD(MID(C70,1,1)*2+MID(C70,2,1)*3+MID(C70,3,1)*4+MID(C70,4,1)*5+MID(C70,5,1)*6+MID(C70,6,1)*7+MID(C70,8,1)*8+MID(C70,9,1)*9+MID(C70,10,1)*2+MID(C70,11,1)*3+MID(C70,12,1)*4+MID(C70,13,1)*5,11),1)),"O","X"),IF(RIGHT(C70,1)=(RIGHT(11-MOD(MID(C70,1,1)*2+MID(C70,2,1)*3+MID(C70,3,1)*4+MID(C70,4,1)*5+MID(C70,5,1)*6+MID(C70,6,1)*7+MID(C70,8,1)*8+MID(C70,9,1)*9+MID(C70,10,1)*2+MID(C70,11,1)*3+MID(C70,12,1)*4+MID(C70,13,1)*5,11),1)),"O","X")),"") -> O | S70: 덤프트럭(운전원)
A71: 유호열 | B71: 용역 | C71: 600805-1233826 | D71: 경기도 용인시 처인구 포곡읍 포곡로 272번길 | E71: 010-3409-1127 | F71: 0011 | G71: 농협중앙회 | H71: 351-1324-2250-13 | I71: 유호열 | L71: =IFERROR(IF(OR(MID(C71,8,1)<"3",AND(MID(C71,8,1)>="5",MID(C71,8,1)<="6")),INT(TEXT(TODAY(),"yyyy.mmdd")-TEXT(TEXT(LEFT(C71,6),"1900-00-00"),"yyyy.mmdd")),INT(TEXT(TODAY(),"yyyy.mmdd")-TEXT(TEXT(LEFT(C71,6),"2000-00-00"),"yyyy.mmdd"))),"") -> 65 | N71: =IFERROR(IF(MID(C71,8,1)>="5",IF(RIGHT(C71,1)=(RIGHT(13-MOD(MID(C71,1,1)*2+MID(C71,2,1)*3+MID(C71,3,1)*4+MID(C71,4,1)*5+MID(C71,5,1)*6+MID(C71,6,1)*7+MID(C71,8,1)*8+MID(C71,9,1)*9+MID(C71,10,1)*2+MID(C71,11,1)*3+MID(C71,12,1)*4+MID(C71,13,1)*5,11),1)),"O","X"),IF(RIGHT(C71,1)=(RIGHT(11-MOD(MID(C71,1,1)*2+MID(C71,2,1)*3+MID(C71,3,1)*4+MID(C71,4,1)*5+MID(C71,5,1)*6+MID(C71,6,1)*7+MID(C71,8,1)*8+MID(C71,9,1)*9+MID(C71,10,1)*2+MID(C71,11,1)*3+MID(C71,12,1)*4+MID(C71,13,1)*5,11),1)),"O","X")),"") -> O | S71: 데크공
L72: =IFERROR(IF(OR(MID(C72,8,1)<"3",AND(MID(C72,8,1)>="5",MID(C72,8,1)<="6")),INT(TEXT(TODAY(),"yyyy.mmdd")-TEXT(TEXT(LEFT(C72,6),"1900-00-00"),"yyyy.mmdd")),INT(TEXT(TODAY(),"yyyy.mmdd")-TEXT(TEXT(LEFT(C72,6),"2000-00-00"),"yyyy.mmdd"))),"") | N72: =IFERROR(IF(MID(C72,8,1)>="5",IF(RIGHT(C72,1)=(RIGHT(13-MOD(MID(C72,1,1)*2+MID(C72,2,1)*3+MID(C72,3,1)*4+MID(C72,4,1)*5+MID(C72,5,1)*6+MID(C72,6,1)*7+MID(C72,8,1)*8+MID(C72,9,1)*9+MID(C72,10,1)*2+MID(C72,11,1)*3+MID(C72,12,1)*4+MID(C72,13,1)*5,11),1)),"O","X"),IF(RIGHT(C72,1)=(RIGHT(11-MOD(MID(C72,1,1)*2+MID(C72,2,1)*3+MID(C72,3,1)*4+MID(C72,4,1)*5+MID(C72,5,1)*6+MID(C72,6,1)*7+MID(C72,8,1)*8+MID(C72,9,1)*9+MID(C72,10,1)*2+MID(C72,11,1)*3+MID(C72,12,1)*4+MID(C72,13,1)*5,11),1)),"O","X")),"") | S72: 도목수
A73: 박찬식 | B73: 조경공 | C73: 590407-1906717 | D73: 부산광역시 동구 작전동 768-26 | E73: 010-3837-5876 | F73: 0011 | G73: 농협중앙회 | H73: 211041-56-176755 | I73: 박찬식 | L73: =IFERROR(IF(OR(MID(C73,8,1)<"3",AND(MID(C73,8,1)>="5",MID(C73,8,1)<="6")),INT(TEXT(TODAY(),"yyyy.mmdd")-TEXT(TEXT(LEFT(C73,6),"1900-00-00"),"yyyy.mmdd")),INT(TEXT(TODAY(),"yyyy.mmdd")-TEXT(TEXT(LEFT(C73,6),"2000-00-00"),"yyyy.mmdd"))),"") -> 67 | N73: =IFERROR(IF(MID(C73,8,1)>="5",IF(RIGHT(C73,1)=(RIGHT(13-MOD(MID(C73,1,1)*2+MID(C73,2,1)*3+MID(C73,3,1)*4+MID(C73,4,1)*5+MID(C73,5,1)*6+MID(C73,6,1)*7+MID(C73,8,1)*8+MID(C73,9,1)*9+MID(C73,10,1)*2+MID(C73,11,1)*3+MID(C73,12,1)*4+MID(C73,13,1)*5,11),1)),"O","X"),IF(RIGHT(C73,1)=(RIGHT(11-MOD(MID(C73,1,1)*2+MID(C73,2,1)*3+MID(C73,3,1)*4+MID(C73,4,1)*5+MID(C73,5,1)*6+MID(C73,6,1)*7+MID(C73,8,1)*8+MID(C73,9,1)*9+MID(C73,10,1)*2+MID(C73,11,1)*3+MID(C73,12,1)*4+MID(C73,13,1)*5,11),1)),"O","X")),"") -> O | S73: 도배공
A74: 조영제 | B74: 보통인부 | C74: 600326-1822229 | D74: 경상남도 창원시 마산합포구 산호남3길 6-1 | E74: 010-8031-5915 | F74: 0071 | G74: 우체국 | H74: 110-0027-29329 | I74: 조영제 | L74: =IFERROR(IF(OR(MID(C74,8,1)<"3",AND(MID(C74,8,1)>="5",MID(C74,8,1)<="6")),INT(TEXT(TODAY(),"yyyy.mmdd")-TEXT(TEXT(LEFT(C74,6),"1900-00-00"),"yyyy.mmdd")),INT(TEXT(TODAY(),"yyyy.mmdd")-TEXT(TEXT(LEFT(C74,6),"2000-00-00"),"yyyy.mmdd"))),"") -> 66 | N74: =IFERROR(IF(MID(C74,8,1)>="5",IF(RIGHT(C74,1)=(RIGHT(13-MOD(MID(C74,1,1)*2+MID(C74,2,1)*3+MID(C74,3,1)*4+MID(C74,4,1)*5+MID(C74,5,1)*6+MID(C74,6,1)*7+MID(C74,8,1)*8+MID(C74,9,1)*9+MID(C74,10,1)*2+MID(C74,11,1)*3+MID(C74,12,1)*4+MID(C74,13,1)*5,11),1)),"O","X"),IF(RIGHT(C74,1)=(RIGHT(11-MOD(MID(C74,1,1)*2+MID(C74,2,1)*3+MID(C74,3,1)*4+MID(C74,4,1)*5+MID(C74,5,1)*6+MID(C74,6,1)*7+MID(C74,8,1)*8+MID(C74,9,1)*9+MID(C74,10,1)*2+MID(C74,11,1)*3+MID(C74,12,1)*4+MID(C74,13,1)*5,11),1)),"O","X")),"") -> O | S74: 도색공
A75: 박용선 | B75: 보통인부 | C75: 670318-1237525 | D75: 서울시 강서구 강서로8길 192 | E75: 010-5300-0045 | F75: 0071 | G75: 우체국 | H75: 013243-02-236841 | I75: 박용선 | L75: =IFERROR(IF(OR(MID(C75,8,1)<"3",AND(MID(C75,8,1)>="5",MID(C75,8,1)<="6")),INT(TEXT(TODAY(),"yyyy.mmdd")-TEXT(TEXT(LEFT(C75,6),"1900-00-00"),"yyyy.mmdd")),INT(TEXT(TODAY(),"yyyy.mmdd")-TEXT(TEXT(LEFT(C75,6),"2000-00-00"),"yyyy.mmdd"))),"") -> 59 | N75: =IFERROR(IF(MID(C75,8,1)>="5",IF(RIGHT(C75,1)=(RIGHT(13-MOD(MID(C75,1,1)*2+MID(C75,2,1)*3+MID(C75,3,1)*4+MID(C75,4,1)*5+MID(C75,5,1)*6+MID(C75,6,1)*7+MID(C75,8,1)*8+MID(C75,9,1)*9+MID(C75,10,1)*2+MID(C75,11,1)*3+MID(C75,12,1)*4+MID(C75,13,1)*5,11),1)),"O","X"),IF(RIGHT(C75,1)=(RIGHT(11-MOD(MID(C75,1,1)*2+MID(C75,2,1)*3+MID(C75,3,1)*4+MID(C75,4,1)*5+MID(C75,5,1)*6+MID(C75,6,1)*7+MID(C75,8,1)*8+MID(C75,9,1)*9+MID(C75,10,1)*2+MID(C75,11,1)*3+MID(C75,12,1)*4+MID(C75,13,1)*5,11),1)),"O","X")),"") -> O | S75: 도우저(운전원)
A76: NIGAY VLADIMIR | B76: 보통인부 | C76: 641216-5820035 | D76: 경기도 안산시 상로구 둥지길4 | E76: 010-5755-4575 | F76: 0004 | G76: 국민은행 | H76: 784501-00-427717 | I76: NIGAY VLADIMIR | L76: =IFERROR(IF(OR(MID(C76,8,1)<"3",AND(MID(C76,8,1)>="5",MID(C76,8,1)<="6")),INT(TEXT(TODAY(),"yyyy.mmdd")-TEXT(TEXT(LEFT(C76,6),"1900-00-00"),"yyyy.mmdd")),INT(TEXT(TODAY(),"yyyy.mmdd")-TEXT(TEXT(LEFT(C76,6),"2000-00-00"),"yyyy.mmdd"))),"") -> 61 | N76: =IFERROR(IF(MID(C76,8,1)>="5",IF(RIGHT(C76,1)=(RIGHT(13-MOD(MID(C76,1,1)*2+MID(C76,2,1)*3+MID(C76,3,1)*4+MID(C76,4,1)*5+MID(C76,5,1)*6+MID(C76,6,1)*7+MID(C76,8,1)*8+MID(C76,9,1)*9+MID(C76,10,1)*2+MID(C76,11,1)*3+MID(C76,12,1)*4+MID(C76,13,1)*5,11),1)),"O","X"),IF(RIGHT(C76,1)=(RIGHT(11-MOD(MID(C76,1,1)*2+MID(C76,2,1)*3+MID(C76,3,1)*4+MID(C76,4,1)*5+MID(C76,5,1)*6+MID(C76,6,1)*7+MID(C76,8,1)*8+MID(C76,9,1)*9+MID(C76,10,1)*2+MID(C76,11,1)*3+MID(C76,12,1)*4+MID(C76,13,1)*5,11),1)),"O","X")),"") -> O | S76: 도우저(운전원)
A77: NIGAY ANATOLIY | B77: 보통인부 | C77: 020521-7820013 | D77: 경기도 안산시 상로구 둥지길4 | E77: 010-4448-2403 | F77: 0088 | G77: 신한은행 | H77: 110-529-925219 | I77: NIGAY ANATOLIY | L77: =IFERROR(IF(OR(MID(C77,8,1)<"3",AND(MID(C77,8,1)>="5",MID(C77,8,1)<="6")),INT(TEXT(TODAY(),"yyyy.mmdd")-TEXT(TEXT(LEFT(C77,6),"1900-00-00"),"yyyy.mmdd")),INT(TEXT(TODAY(),"yyyy.mmdd")-TEXT(TEXT(LEFT(C77,6),"2000-00-00"),"yyyy.mmdd"))),"") -> 23 | N77: =IFERROR(IF(MID(C77,8,1)>="5",IF(RIGHT(C77,1)=(RIGHT(13-MOD(MID(C77,1,1)*2+MID(C77,2,1)*3+MID(C77,3,1)*4+MID(C77,4,1)*5+MID(C77,5,1)*6+MID(C77,6,1)*7+MID(C77,8,1)*8+MID(C77,9,1)*9+MID(C77,10,1)*2+MID(C77,11,1)*3+MID(C77,12,1)*4+MID(C77,13,1)*5,11),1)),"O","X"),IF(RIGHT(C77,1)=(RIGHT(11-MOD(MID(C77,1,1)*2+MID(C77,2,1)*3+MID(C77,3,1)*4+MID(C77,4,1)*5+MID(C77,5,1)*6+MID(C77,6,1)*7+MID(C77,8,1)*8+MID(C77,9,1)*9+MID(C77,10,1)*2+MID(C77,11,1)*3+MID(C77,12,1)*4+MID(C77,13,1)*5,11),1)),"O","X")),"") -> O | S77: 도장공
A78: 박찬구 | B78: 조경공 | C78: 570411-1640313 | D78: 경기도 김포시 하성면 전류리 67-9 | E78: 010-9313-6807 | F78: 0011 | G78: 농협중앙회 | H78: 351-0499-5374-13 | I78: 박찬구 | L78: =IFERROR(IF(OR(MID(C78,8,1)<"3",AND(MID(C78,8,1)>="5",MID(C78,8,1)<="6")),INT(TEXT(TODAY(),"yyyy.mmdd")-TEXT(TEXT(LEFT(C78,6),"1900-00-00"),"yyyy.mmdd")),INT(TEXT(TODAY(),"yyyy.mmdd")-TEXT(TEXT(LEFT(C78,6),"2000-00-00"),"yyyy.mmdd"))),"") -> 69 | N78: =IFERROR(IF(MID(C78,8,1)>="5",IF(RIGHT(C78,1)=(RIGHT(13-MOD(MID(C78,1,1)*2+MID(C78,2,1)*3+MID(C78,3,1)*4+MID(C78,4,1)*5+MID(C78,5,1)*6+MID(C78,6,1)*7+MID(C78,8,1)*8+MID(C78,9,1)*9+MID(C78,10,1)*2+MID(C78,11,1)*3+MID(C78,12,1)*4+MID(C78,13,1)*5,11),1)),"O","X"),IF(RIGHT(C78,1)=(RIGHT(11-MOD(MID(C78,1,1)*2+MID(C78,2,1)*3+MID(C78,3,1)*4+MID(C78,4,1)*5+MID(C78,5,1)*6+MID(C78,6,1)*7+MID(C78,8,1)*8+MID(C78,9,1)*9+MID(C78,10,1)*2+MID(C78,11,1)*3+MID(C78,12,1)*4+MID(C78,13,1)*5,11),1)),"O","X")),"") -> O | S78: 도편수
A79: 이제훈 | B79: 조경공 | C79: 560525-1244814 | D79: 경기도 남양주시 별내3로 23 | E79: 010-5272-2183 | F79: 0011 | G79: 농협중앙회 | H79: 100027-51-038748 | I79: 이제훈 | L79: =IFERROR(IF(OR(MID(C79,8,1)<"3",AND(MID(C79,8,1)>="5",MID(C79,8,1)<="6")),INT(TEXT(TODAY(),"yyyy.mmdd")-TEXT(TEXT(LEFT(C79,6),"1900-00-00"),"yyyy.mmdd")),INT(TEXT(TODAY(),"yyyy.mmdd")-TEXT(TEXT(LEFT(C79,6),"2000-00-00"),"yyyy.mmdd"))),"") -> 69 | N79: =IFERROR(IF(MID(C79,8,1)>="5",IF(RIGHT(C79,1)=(RIGHT(13-MOD(MID(C79,1,1)*2+MID(C79,2,1)*3+MID(C79,3,1)*4+MID(C79,4,1)*5+MID(C79,5,1)*6+MID(C79,6,1)*7+MID(C79,8,1)*8+MID(C79,9,1)*9+MID(C79,10,1)*2+MID(C79,11,1)*3+MID(C79,12,1)*4+MID(C79,13,1)*5,11),1)),"O","X"),IF(RIGHT(C79,1)=(RIGHT(11-MOD(MID(C79,1,1)*2+MID(C79,2,1)*3+MID(C79,3,1)*4+MID(C79,4,1)*5+MID(C79,5,1)*6+MID(C79,6,1)*7+MID(C79,8,1)*8+MID(C79,9,1)*9+MID(C79,10,1)*2+MID(C79,11,1)*3+MID(C79,12,1)*4+MID(C79,13,1)*5,11),1)),"O","X")),"") -> O | S79: 동발공
A80: 이주흥 | B80: 조경공 | C80: 580616-1010426 | D80: 서울시 강동구 상일로 74 | E80: 010-5459-6046 | F80: 0020 | G80: 우리은행 | H80: 1002-843-373434 | I80: 이주흥 | L80: =IFERROR(IF(OR(MID(C80,8,1)<"3",AND(MID(C80,8,1)>="5",MID(C80,8,1)<="6")),INT(TEXT(TODAY(),"yyyy.mmdd")-TEXT(TEXT(LEFT(C80,6),"1900-00-00"),"yyyy.mmdd")),INT(TEXT(TODAY(),"yyyy.mmdd")-TEXT(TEXT(LEFT(C80,6),"2000-00-00"),"yyyy.mmdd"))),"") -> 67 | N80: =IFERROR(IF(MID(C80,8,1)>="5",IF(RIGHT(C80,1)=(RIGHT(13-MOD(MID(C80,1,1)*2+MID(C80,2,1)*3+MID(C80,3,1)*4+MID(C80,4,1)*5+MID(C80,5,1)*6+MID(C80,6,1)*7+MID(C80,8,1)*8+MID(C80,9,1)*9+MID(C80,10,1)*2+MID(C80,11,1)*3+MID(C80,12,1)*4+MID(C80,13,1)*5,11),1)),"O","X"),IF(RIGHT(C80,1)=(RIGHT(11-MOD(MID(C80,1,1)*2+MID(C80,2,1)*3+MID(C80,3,1)*4+MID(C80,4,1)*5+MID(C80,5,1)*6+MID(C80,6,1)*7+MID(C80,8,1)*8+MID(C80,9,1)*9+MID(C80,10,1)*2+MID(C80,11,1)*3+MID(C80,12,1)*4+MID(C80,13,1)*5,11),1)),"O","X")),"") -> O | S80: 드릴링공
L81: =IFERROR(IF(OR(MID(C81,8,1)<"3",AND(MID(C81,8,1)>="5",MID(C81,8,1)<="6")),INT(TEXT(TODAY(),"yyyy.mmdd")-TEXT(TEXT(LEFT(C81,6),"1900-00-00"),"yyyy.mmdd")),INT(TEXT(TODAY(),"yyyy.mmdd")-TEXT(TEXT(LEFT(C81,6),"2000-00-00"),"yyyy.mmdd"))),"") | N81: =IFERROR(IF(MID(C81,8,1)>="5",IF(RIGHT(C81,1)=(RIGHT(13-MOD(MID(C81,1,1)*2+MID(C81,2,1)*3+MID(C81,3,1)*4+MID(C81,4,1)*5+MID(C81,5,1)*6+MID(C81,6,1)*7+MID(C81,8,1)*8+MID(C81,9,1)*9+MID(C81,10,1)*2+MID(C81,11,1)*3+MID(C81,12,1)*4+MID(C81,13,1)*5,11),1)),"O","X"),IF(RIGHT(C81,1)=(RIGHT(11-MOD(MID(C81,1,1)*2+MID(C81,2,1)*3+MID(C81,3,1)*4+MID(C81,4,1)*5+MID(C81,5,1)*6+MID(C81,6,1)*7+MID(C81,8,1)*8+MID(C81,9,1)*9+MID(C81,10,1)*2+MID(C81,11,1)*3+MID(C81,12,1)*4+MID(C81,13,1)*5,11),1)),"O","X")),"") | S81: 드잡이공
A82: 용석규 | B82: 조경공 | C82: 670403-1340511 | D82: 경기도 용인시 처인구 포곡읍 진성로21 | E82: 010-5252-1269 | F82: 0011 | G82: 농협중앙회 | H82: 235020-52-023971 | I82: 용석규 | L82: =IFERROR(IF(OR(MID(C82,8,1)<"3",AND(MID(C82,8,1)>="5",MID(C82,8,1)<="6")),INT(TEXT(TODAY(),"yyyy.mmdd")-TEXT(TEXT(LEFT(C82,6),"1900-00-00"),"yyyy.mmdd")),INT(TEXT(TODAY(),"yyyy.mmdd")-TEXT(TEXT(LEFT(C82,6),"2000-00-00"),"yyyy.mmdd"))),"") -> 59 | N82: =IFERROR(IF(MID(C82,8,1)>="5",IF(RIGHT(C82,1)=(RIGHT(13-MOD(MID(C82,1,1)*2+MID(C82,2,1)*3+MID(C82,3,1)*4+MID(C82,4,1)*5+MID(C82,5,1)*6+MID(C82,6,1)*7+MID(C82,8,1)*8+MID(C82,9,1)*9+MID(C82,10,1)*2+MID(C82,11,1)*3+MID(C82,12,1)*4+MID(C82,13,1)*5,11),1)),"O","X"),IF(RIGHT(C82,1)=(RIGHT(11-MOD(MID(C82,1,1)*2+MID(C82,2,1)*3+MID(C82,3,1)*4+MID(C82,4,1)*5+MID(C82,5,1)*6+MID(C82,6,1)*7+MID(C82,8,1)*8+MID(C82,9,1)*9+MID(C82,10,1)*2+MID(C82,11,1)*3+MID(C82,12,1)*4+MID(C82,13,1)*5,11),1)),"O","X")),"") -> O | S82: 드잡이공편수
A83: 이상옥 | B83: 조경공 | C83: 511216-1330619 | D83: 경기도 용인시 처인구 포곡읍 부곡로32번길 9 | E83: 010-8524-8490 | F83: 0011 | G83: 농협중앙회 | H83: 235020-51-054834 | I83: 이상옥 | L83: =IFERROR(IF(OR(MID(C83,8,1)<"3",AND(MID(C83,8,1)>="5",MID(C83,8,1)<="6")),INT(TEXT(TODAY(),"yyyy.mmdd")-TEXT(TEXT(LEFT(C83,6),"1900-00-00"),"yyyy.mmdd")),INT(TEXT(TODAY(),"yyyy.mmdd")-TEXT(TEXT(LEFT(C83,6),"2000-00-00"),"yyyy.mmdd"))),"") -> 74 | N83: =IFERROR(IF(MID(C83,8,1)>="5",IF(RIGHT(C83,1)=(RIGHT(13-MOD(MID(C83,1,1)*2+MID(C83,2,1)*3+MID(C83,3,1)*4+MID(C83,4,1)*5+MID(C83,5,1)*6+MID(C83,6,1)*7+MID(C83,8,1)*8+MID(C83,9,1)*9+MID(C83,10,1)*2+MID(C83,11,1)*3+MID(C83,12,1)*4+MID(C83,13,1)*5,11),1)),"O","X"),IF(RIGHT(C83,1)=(RIGHT(11-MOD(MID(C83,1,1)*2+MID(C83,2,1)*3+MID(C83,3,1)*4+MID(C83,4,1)*5+MID(C83,5,1)*6+MID(C83,6,1)*7+MID(C83,8,1)*8+MID(C83,9,1)*9+MID(C83,10,1)*2+MID(C83,11,1)*3+MID(C83,12,1)*4+MID(C83,13,1)*5,11),1)),"O","X")),"") -> O | S83: 디워터링공
A84: 이상운 | B84: 조경공 | C84: 601014-1340513 | D84: 경기도 용인시 처인구 포곡읍 전대로 63-3 | E84: 010-4382-2000 | F84: 0011 | G84: 농협중앙회 | H84: 235020-52-135860 | I84: 이상운 | L84: =IFERROR(IF(OR(MID(C84,8,1)<"3",AND(MID(C84,8,1)>="5",MID(C84,8,1)<="6")),INT(TEXT(TODAY(),"yyyy.mmdd")-TEXT(TEXT(LEFT(C84,6),"1900-00-00"),"yyyy.mmdd")),INT(TEXT(TODAY(),"yyyy.mmdd")-TEXT(TEXT(LEFT(C84,6),"2000-00-00"),"yyyy.mmdd"))),"") -> 65 | N84: =IFERROR(IF(MID(C84,8,1)>="5",IF(RIGHT(C84,1)=(RIGHT(13-MOD(MID(C84,1,1)*2+MID(C84,2,1)*3+MID(C84,3,1)*4+MID(C84,4,1)*5+MID(C84,5,1)*6+MID(C84,6,1)*7+MID(C84,8,1)*8+MID(C84,9,1)*9+MID(C84,10,1)*2+MID(C84,11,1)*3+MID(C84,12,1)*4+MID(C84,13,1)*5,11),1)),"O","X"),IF(RIGHT(C84,1)=(RIGHT(11-MOD(MID(C84,1,1)*2+MID(C84,2,1)*3+MID(C84,3,1)*4+MID(C84,4,1)*5+MID(C84,5,1)*6+MID(C84,6,1)*7+MID(C84,8,1)*8+MID(C84,9,1)*9+MID(C84,10,1)*2+MID(C84,11,1)*3+MID(C84,12,1)*4+MID(C84,13,1)*5,11),1)),"O","X")),"") -> O | S84: 디워터링공
A85: 김영환 | B85: 조경공 | C85: 520910-1252412 | D85: 경기도 용인시 처인구 고림로22 | E85: 010-4025-8994 | F85: 0071 | G85: 우체국 | H85: 110-0137-51851 | I85: 김영환 | L85: =IFERROR(IF(OR(MID(C85,8,1)<"3",AND(MID(C85,8,1)>="5",MID(C85,8,1)<="6")),INT(TEXT(TODAY(),"yyyy.mmdd")-TEXT(TEXT(LEFT(C85,6),"1900-00-00"),"yyyy.mmdd")),INT(TEXT(TODAY(),"yyyy.mmdd")-TEXT(TEXT(LEFT(C85,6),"2000-00-00"),"yyyy.mmdd"))),"") -> 73 | N85: =IFERROR(IF(MID(C85,8,1)>="5",IF(RIGHT(C85,1)=(RIGHT(13-MOD(MID(C85,1,1)*2+MID(C85,2,1)*3+MID(C85,3,1)*4+MID(C85,4,1)*5+MID(C85,5,1)*6+MID(C85,6,1)*7+MID(C85,8,1)*8+MID(C85,9,1)*9+MID(C85,10,1)*2+MID(C85,11,1)*3+MID(C85,12,1)*4+MID(C85,13,1)*5,11),1)),"O","X"),IF(RIGHT(C85,1)=(RIGHT(11-MOD(MID(C85,1,1)*2+MID(C85,2,1)*3+MID(C85,3,1)*4+MID(C85,4,1)*5+MID(C85,5,1)*6+MID(C85,6,1)*7+MID(C85,8,1)*8+MID(C85,9,1)*9+MID(C85,10,1)*2+MID(C85,11,1)*3+MID(C85,12,1)*4+MID(C85,13,1)*5,11),1)),"O","X")),"") -> O | S85: 라인마킹공
A86: 정만진 | B86: 조경공 | C86: 620603-1249135 | D86: 경기도 용인시 고림동 438 | E86: 010-6256-0489 | F86: 0011 | G86: 농협중앙회 | H86: 356-0712-8412-33 | I86: 정만진 | L86: =IFERROR(IF(OR(MID(C86,8,1)<"3",AND(MID(C86,8,1)>="5",MID(C86,8,1)<="6")),INT(TEXT(TODAY(),"yyyy.mmdd")-TEXT(TEXT(LEFT(C86,6),"1900-00-00"),"yyyy.mmdd")),INT(TEXT(TODAY(),"yyyy.mmdd")-TEXT(TEXT(LEFT(C86,6),"2000-00-00"),"yyyy.mmdd"))),"") -> 63 | N86: =IFERROR(IF(MID(C86,8,1)>="5",IF(RIGHT(C86,1)=(RIGHT(13-MOD(MID(C86,1,1)*2+MID(C86,2,1)*3+MID(C86,3,1)*4+MID(C86,4,1)*5+MID(C86,5,1)*6+MID(C86,6,1)*7+MID(C86,8,1)*8+MID(C86,9,1)*9+MID(C86,10,1)*2+MID(C86,11,1)*3+MID(C86,12,1)*4+MID(C86,13,1)*5,11),1)),"O","X"),IF(RIGHT(C86,1)=(RIGHT(11-MOD(MID(C86,1,1)*2+MID(C86,2,1)*3+MID(C86,3,1)*4+MID(C86,4,1)*5+MID(C86,5,1)*6+MID(C86,6,1)*7+MID(C86,8,1)*8+MID(C86,9,1)*9+MID(C86,10,1)*2+MID(C86,11,1)*3+MID(C86,12,1)*4+MID(C86,13,1)*5,11),1)),"O","X")),"") -> O | S86: 락볼팅공
A87: 권경준 | B87: 조경공 | C87: 541217-1675619 | D87: 경기도 용인시 처인구 금학로399번길 11 | E87: 010-4079-8915 | F87: 0011 | G87: 농협중앙회 | H87: 207179-56-172156 | I87: 권경준 | L87: =IFERROR(IF(OR(MID(C87,8,1)<"3",AND(MID(C87,8,1)>="5",MID(C87,8,1)<="6")),INT(TEXT(TODAY(),"yyyy.mmdd")-TEXT(TEXT(LEFT(C87,6),"1900-00-00"),"yyyy.mmdd")),INT(TEXT(TODAY(),"yyyy.mmdd")-TEXT(TEXT(LEFT(C87,6),"2000-00-00"),"yyyy.mmdd"))),"") -> 71 | N87: =IFERROR(IF(MID(C87,8,1)>="5",IF(RIGHT(C87,1)=(RIGHT(13-MOD(MID(C87,1,1)*2+MID(C87,2,1)*3+MID(C87,3,1)*4+MID(C87,4,1)*5+MID(C87,5,1)*6+MID(C87,6,1)*7+MID(C87,8,1)*8+MID(C87,9,1)*9+MID(C87,10,1)*2+MID(C87,11,1)*3+MID(C87,12,1)*4+MID(C87,13,1)*5,11),1)),"O","X"),IF(RIGHT(C87,1)=(RIGHT(11-MOD(MID(C87,1,1)*2+MID(C87,2,1)*3+MID(C87,3,1)*4+MID(C87,4,1)*5+MID(C87,5,1)*6+MID(C87,6,1)*7+MID(C87,8,1)*8+MID(C87,9,1)*9+MID(C87,10,1)*2+MID(C87,11,1)*3+MID(C87,12,1)*4+MID(C87,13,1)*5,11),1)),"O","X")),"") -> O | S87: 락볼팅공
A88: 김재현 | B88: 조경공 | C88: 550115-1006023 | D88: 경기도 용인시 기흥구 삼하636 | E88: 010-7134-3773 | F88: 0011 | G88: 농협중앙회 | H88: 302-0765-9777-11 | I88: 김재현 | L88: =IFERROR(IF(OR(MID(C88,8,1)<"3",AND(MID(C88,8,1)>="5",MID(C88,8,1)<="6")),INT(TEXT(TODAY(),"yyyy.mmdd")-TEXT(TEXT(LEFT(C88,6),"1900-00-00"),"yyyy.mmdd")),INT(TEXT(TODAY(),"yyyy.mmdd")-TEXT(TEXT(LEFT(C88,6),"2000-00-00"),"yyyy.mmdd"))),"") -> 71 | N88: =IFERROR(IF(MID(C88,8,1)>="5",IF(RIGHT(C88,1)=(RIGHT(13-MOD(MID(C88,1,1)*2+MID(C88,2,1)*3+MID(C88,3,1)*4+MID(C88,4,1)*5+MID(C88,5,1)*6+MID(C88,6,1)*7+MID(C88,8,1)*8+MID(C88,9,1)*9+MID(C88,10,1)*2+MID(C88,11,1)*3+MID(C88,12,1)*4+MID(C88,13,1)*5,11),1)),"O","X"),IF(RIGHT(C88,1)=(RIGHT(11-MOD(MID(C88,1,1)*2+MID(C88,2,1)*3+MID(C88,3,1)*4+MID(C88,4,1)*5+MID(C88,5,1)*6+MID(C88,6,1)*7+MID(C88,8,1)*8+MID(C88,9,1)*9+MID(C88,10,1)*2+MID(C88,11,1)*3+MID(C88,12,1)*4+MID(C88,13,1)*5,11),1)),"O","X")),"") -> O | S88: 로드헤다공
A89: 박진상 | B89: 조경공 | C89: 560823-1665841 | D89: 경기도 용인시 처인구 포곡읍 전대로69번길 6 | E89: 010-2771-3622 | F89: 0011 | G89: 농협중앙회 | H89: 235020-51-016240 | I89: 박진상 | L89: =IFERROR(IF(OR(MID(C89,8,1)<"3",AND(MID(C89,8,1)>="5",MID(C89,8,1)<="6")),INT(TEXT(TODAY(),"yyyy.mmdd")-TEXT(TEXT(LEFT(C89,6),"1900-00-00"),"yyyy.mmdd")),INT(TEXT(TODAY(),"yyyy.mmdd")-TEXT(TEXT(LEFT(C89,6),"2000-00-00"),"yyyy.mmdd"))),"") -> 69 | N89: =IFERROR(IF(MID(C89,8,1)>="5",IF(RIGHT(C89,1)=(RIGHT(13-MOD(MID(C89,1,1)*2+MID(C89,2,1)*3+MID(C89,3,1)*4+MID(C89,4,1)*5+MID(C89,5,1)*6+MID(C89,6,1)*7+MID(C89,8,1)*8+MID(C89,9,1)*9+MID(C89,10,1)*2+MID(C89,11,1)*3+MID(C89,12,1)*4+MID(C89,13,1)*5,11),1)),"O","X"),IF(RIGHT(C89,1)=(RIGHT(11-MOD(MID(C89,1,1)*2+MID(C89,2,1)*3+MID(C89,3,1)*4+MID(C89,4,1)*5+MID(C89,5,1)*6+MID(C89,6,1)*7+MID(C89,8,1)*8+MID(C89,9,1)*9+MID(C89,10,1)*2+MID(C89,11,1)*3+MID(C89,12,1)*4+MID(C89,13,1)*5,11),1)),"O","X")),"") -> O | S89: 로드헤다공
A90: LI FUBI | B90: 조경공 | C90: 700523-5780194 | D90: 서울특별시 은평구 갈현1동 391-11 | E90: 010-8248-7978 | F90: 0011 | G90: 농협중앙회 | H90: 302-0008-5936-11 | I90: LI FUBI | L90: =IFERROR(IF(OR(MID(C90,8,1)<"3",AND(MID(C90,8,1)>="5",MID(C90,8,1)<="6")),INT(TEXT(TODAY(),"yyyy.mmdd")-TEXT(TEXT(LEFT(C90,6),"1900-00-00"),"yyyy.mmdd")),INT(TEXT(TODAY(),"yyyy.mmdd")-TEXT(TEXT(LEFT(C90,6),"2000-00-00"),"yyyy.mmdd"))),"") -> 55 | N90: =IFERROR(IF(MID(C90,8,1)>="5",IF(RIGHT(C90,1)=(RIGHT(13-MOD(MID(C90,1,1)*2+MID(C90,2,1)*3+MID(C90,3,1)*4+MID(C90,4,1)*5+MID(C90,5,1)*6+MID(C90,6,1)*7+MID(C90,8,1)*8+MID(C90,9,1)*9+MID(C90,10,1)*2+MID(C90,11,1)*3+MID(C90,12,1)*4+MID(C90,13,1)*5,11),1)),"O","X"),IF(RIGHT(C90,1)=(RIGHT(11-MOD(MID(C90,1,1)*2+MID(C90,2,1)*3+MID(C90,3,1)*4+MID(C90,4,1)*5+MID(C90,5,1)*6+MID(C90,6,1)*7+MID(C90,8,1)*8+MID(C90,9,1)*9+MID(C90,10,1)*2+MID(C90,11,1)*3+MID(C90,12,1)*4+MID(C90,13,1)*5,11),1)),"O","X")),"") -> O | S90: 로우더(운전원)
A91: 조선환 | B91: 석공 | C91: 581220-1222024 | D91: 인천광역시 남동구 청능대로718번길 7 | E91: 010-8776-1868 | F91: 0011 | G91: 농협중앙회 | H91: 130012-52-229539 | I91: 조선환 | L91: =IFERROR(IF(OR(MID(C91,8,1)<"3",AND(MID(C91,8,1)>="5",MID(C91,8,1)<="6")),INT(TEXT(TODAY(),"yyyy.mmdd")-TEXT(TEXT(LEFT(C91,6),"1900-00-00"),"yyyy.mmdd")),INT(TEXT(TODAY(),"yyyy.mmdd")-TEXT(TEXT(LEFT(C91,6),"2000-00-00"),"yyyy.mmdd"))),"") -> 67 | N91: =IFERROR(IF(MID(C91,8,1)>="5",IF(RIGHT(C91,1)=(RIGHT(13-MOD(MID(C91,1,1)*2+MID(C91,2,1)*3+MID(C91,3,1)*4+MID(C91,4,1)*5+MID(C91,5,1)*6+MID(C91,6,1)*7+MID(C91,8,1)*8+MID(C91,9,1)*9+MID(C91,10,1)*2+MID(C91,11,1)*3+MID(C91,12,1)*4+MID(C91,13,1)*5,11),1)),"O","X"),IF(RIGHT(C91,1)=(RIGHT(11-MOD(MID(C91,1,1)*2+MID(C91,2,1)*3+MID(C91,3,1)*4+MID(C91,4,1)*5+MID(C91,5,1)*6+MID(C91,6,1)*7+MID(C91,8,1)*8+MID(C91,9,1)*9+MID(C91,10,1)*2+MID(C91,11,1)*3+MID(C91,12,1)*4+MID(C91,13,1)*5,11),1)),"O","X")),"") -> O | S91: 롤러(운전원)
F92: =IFERROR(VLOOKUP(G92,$P$4:$Q$26,2,FALSE),"") | L92: =IFERROR(IF(OR(MID(C92,8,1)<"3",AND(MID(C92,8,1)>="5",MID(C92,8,1)<="6")),INT(TEXT(TODAY(),"yyyy.mmdd")-TEXT(TEXT(LEFT(C92,6),"1900-00-00"),"yyyy.mmdd")),INT(TEXT(TODAY(),"yyyy.mmdd")-TEXT(TEXT(LEFT(C92,6),"2000-00-00"),"yyyy.mmdd"))),"") | N92: =IFERROR(IF(MID(C92,8,1)>="5",IF(RIGHT(C92,1)=(RIGHT(13-MOD(MID(C92,1,1)*2+MID(C92,2,1)*3+MID(C92,3,1)*4+MID(C92,4,1)*5+MID(C92,5,1)*6+MID(C92,6,1)*7+MID(C92,8,1)*8+MID(C92,9,1)*9+MID(C92,10,1)*2+MID(C92,11,1)*3+MID(C92,12,1)*4+MID(C92,13,1)*5,11),1)),"O","X"),IF(RIGHT(C92,1)=(RIGHT(11-MOD(MID(C92,1,1)*2+MID(C92,2,1)*3+MID(C92,3,1)*4+MID(C92,4,1)*5+MID(C92,5,1)*6+MID(C92,6,1)*7+MID(C92,8,1)*8+MID(C92,9,1)*9+MID(C92,10,1)*2+MID(C92,11,1)*3+MID(C92,12,1)*4+MID(C92,13,1)*5,11),1)),"O","X")),"") | S92: 롤러(운전원)
A93: 이기연 | B93: 조경공 | C93: 590120-1244816 | D93: 경기도 파주시 하지석길 150-67 | E93: 010-9120-2168 | F93: 0011 | G93: 농협중앙회 | H93: 215120-52-005803 | I93: 이기연 | L93: =IFERROR(IF(OR(MID(C93,8,1)<"3",AND(MID(C93,8,1)>="5",MID(C93,8,1)<="6")),INT(TEXT(TODAY(),"yyyy.mmdd")-TEXT(TEXT(LEFT(C93,6),"1900-00-00"),"yyyy.mmdd")),INT(TEXT(TODAY(),"yyyy.mmdd")-TEXT(TEXT(LEFT(C93,6),"2000-00-00"),"yyyy.mmdd"))),"") -> 67 | N93: =IFERROR(IF(MID(C93,8,1)>="5",IF(RIGHT(C93,1)=(RIGHT(13-MOD(MID(C93,1,1)*2+MID(C93,2,1)*3+MID(C93,3,1)*4+MID(C93,4,1)*5+MID(C93,5,1)*6+MID(C93,6,1)*7+MID(C93,8,1)*8+MID(C93,9,1)*9+MID(C93,10,1)*2+MID(C93,11,1)*3+MID(C93,12,1)*4+MID(C93,13,1)*5,11),1)),"O","X"),IF(RIGHT(C93,1)=(RIGHT(11-MOD(MID(C93,1,1)*2+MID(C93,2,1)*3+MID(C93,3,1)*4+MID(C93,4,1)*5+MID(C93,5,1)*6+MID(C93,6,1)*7+MID(C93,8,1)*8+MID(C93,9,1)*9+MID(C93,10,1)*2+MID(C93,11,1)*3+MID(C93,12,1)*4+MID(C93,13,1)*5,11),1)),"O","X")),"") -> O | S93: 루핑공
A94: 이찬석 | B94: 조경공 | C94: 651110-1232814 | D94: 경기도 파주시 정담길 123 101동 602호 | E94: 010-7671-5881 | F94: 0011 | G94: 농협중앙회 | H94: 352-1705-3514-03 | I94: 이찬석 | L94: =IFERROR(IF(OR(MID(C94,8,1)<"3",AND(MID(C94,8,1)>="5",MID(C94,8,1)<="6")),INT(TEXT(TODAY(),"yyyy.mmdd")-TEXT(TEXT(LEFT(C94,6),"1900-00-00"),"yyyy.mmdd")),INT(TEXT(TODAY(),"yyyy.mmdd")-TEXT(TEXT(LEFT(C94,6),"2000-00-00"),"yyyy.mmdd"))),"") -> 60 | N94: =IFERROR(IF(MID(C94,8,1)>="5",IF(RIGHT(C94,1)=(RIGHT(13-MOD(MID(C94,1,1)*2+MID(C94,2,1)*3+MID(C94,3,1)*4+MID(C94,4,1)*5+MID(C94,5,1)*6+MID(C94,6,1)*7+MID(C94,8,1)*8+MID(C94,9,1)*9+MID(C94,10,1)*2+MID(C94,11,1)*3+MID(C94,12,1)*4+MID(C94,13,1)*5,11),1)),"O","X"),IF(RIGHT(C94,1)=(RIGHT(11-MOD(MID(C94,1,1)*2+MID(C94,2,1)*3+MID(C94,3,1)*4+MID(C94,4,1)*5+MID(C94,5,1)*6+MID(C94,6,1)*7+MID(C94,8,1)*8+MID(C94,9,1)*9+MID(C94,10,1)*2+MID(C94,11,1)*3+MID(C94,12,1)*4+MID(C94,13,1)*5,11),1)),"O","X")),"") -> O | S94: 리벳공
F95: =IFERROR(VLOOKUP(G95,$P$4:$Q$26,2,FALSE),"") | L95: =IFERROR(IF(OR(MID(C95,8,1)<"3",AND(MID(C95,8,1)>="5",MID(C95,8,1)<="6")),INT(TEXT(TODAY(),"yyyy.mmdd")-TEXT(TEXT(LEFT(C95,6),"1900-00-00"),"yyyy.mmdd")),INT(TEXT(TODAY(),"yyyy.mmdd")-TEXT(TEXT(LEFT(C95,6),"2000-00-00"),"yyyy.mmdd"))),"") | N95: =IFERROR(IF(MID(C95,8,1)>="5",IF(RIGHT(C95,1)=(RIGHT(13-MOD(MID(C95,1,1)*2+MID(C95,2,1)*3+MID(C95,3,1)*4+MID(C95,4,1)*5+MID(C95,5,1)*6+MID(C95,6,1)*7+MID(C95,8,1)*8+MID(C95,9,1)*9+MID(C95,10,1)*2+MID(C95,11,1)*3+MID(C95,12,1)*4+MID(C95,13,1)*5,11),1)),"O","X"),IF(RIGHT(C95,1)=(RIGHT(11-MOD(MID(C95,1,1)*2+MID(C95,2,1)*3+MID(C95,3,1)*4+MID(C95,4,1)*5+MID(C95,5,1)*6+MID(C95,6,1)*7+MID(C95,8,1)*8+MID(C95,9,1)*9+MID(C95,10,1)*2+MID(C95,11,1)*3+MID(C95,12,1)*4+MID(C95,13,1)*5,11),1)),"O","X")),"") | S95: 마루판공
A96: 김학춘 | B96: 조경공 | C96: 690525-1321017 | D96: 인천광역시 미추홀구 길파로35번길 71-1, 102호 | E96: 010-5306-6707 | F96: 0081 | G96: KEB하나은행 | H96: 259201-04-132579 | I96: =A96 -> 김학춘 | L96: =IFERROR(IF(OR(MID(C96,8,1)<"3",AND(MID(C96,8,1)>="5",MID(C96,8,1)<="6")),INT(TEXT(TODAY(),"yyyy.mmdd")-TEXT(TEXT(LEFT(C96,6),"1900-00-00"),"yyyy.mmdd")),INT(TEXT(TODAY(),"yyyy.mmdd")-TEXT(TEXT(LEFT(C96,6),"2000-00-00"),"yyyy.mmdd"))),"") -> 56 | N96: =IFERROR(IF(MID(C96,8,1)>="5",IF(RIGHT(C96,1)=(RIGHT(13-MOD(MID(C96,1,1)*2+MID(C96,2,1)*3+MID(C96,3,1)*4+MID(C96,4,1)*5+MID(C96,5,1)*6+MID(C96,6,1)*7+MID(C96,8,1)*8+MID(C96,9,1)*9+MID(C96,10,1)*2+MID(C96,11,1)*3+MID(C96,12,1)*4+MID(C96,13,1)*5,11),1)),"O","X"),IF(RIGHT(C96,1)=(RIGHT(11-MOD(MID(C96,1,1)*2+MID(C96,2,1)*3+MID(C96,3,1)*4+MID(C96,4,1)*5+MID(C96,5,1)*6+MID(C96,6,1)*7+MID(C96,8,1)*8+MID(C96,9,1)*9+MID(C96,10,1)*2+MID(C96,11,1)*3+MID(C96,12,1)*4+MID(C96,13,1)*5,11),1)),"O","X")),"") -> O | S96: 마킹공
A97: 정연복 | B97: 조경공 | C97: 640909-1324212 | D97: 인천광역시 미추홀구 미추홀대로 657번길 22-1 | E97: 010-2081-4474 | F97: 0081 | G97: KEB하나은행 | H97: 403-910413-64207 | I97: =A97 -> 정연복 | L97: =IFERROR(IF(OR(MID(C97,8,1)<"3",AND(MID(C97,8,1)>="5",MID(C97,8,1)<="6")),INT(TEXT(TODAY(),"yyyy.mmdd")-TEXT(TEXT(LEFT(C97,6),"1900-00-00"),"yyyy.mmdd")),INT(TEXT(TODAY(),"yyyy.mmdd")-TEXT(TEXT(LEFT(C97,6),"2000-00-00"),"yyyy.mmdd"))),"") -> 61 | N97: =IFERROR(IF(MID(C97,8,1)>="5",IF(RIGHT(C97,1)=(RIGHT(13-MOD(MID(C97,1,1)*2+MID(C97,2,1)*3+MID(C97,3,1)*4+MID(C97,4,1)*5+MID(C97,5,1)*6+MID(C97,6,1)*7+MID(C97,8,1)*8+MID(C97,9,1)*9+MID(C97,10,1)*2+MID(C97,11,1)*3+MID(C97,12,1)*4+MID(C97,13,1)*5,11),1)),"O","X"),IF(RIGHT(C97,1)=(RIGHT(11-MOD(MID(C97,1,1)*2+MID(C97,2,1)*3+MID(C97,3,1)*4+MID(C97,4,1)*5+MID(C97,5,1)*6+MID(C97,6,1)*7+MID(C97,8,1)*8+MID(C97,9,1)*9+MID(C97,10,1)*2+MID(C97,11,1)*3+MID(C97,12,1)*4+MID(C97,13,1)*5,11),1)),"O","X")),"") -> O | S97: 마킹공
A98: LI ZHEXUN(이철훈) | B98: 조경공 | C98: 621222-5100053 | D98: 인천광역시 미추홀구 수봉남로17번길37 102호(용현동,럭키빌라) | E98: 010-8227-3088 | F98: 0004 | G98: 국민은행 | H98: 024801-04-446948 | I98: =A98 -> LI ZHEXUN(이철훈) | L98: =IFERROR(IF(OR(MID(C98,8,1)<"3",AND(MID(C98,8,1)>="5",MID(C98,8,1)<="6")),INT(TEXT(TODAY(),"yyyy.mmdd")-TEXT(TEXT(LEFT(C98,6),"1900-00-00"),"yyyy.mmdd")),INT(TEXT(TODAY(),"yyyy.mmdd")-TEXT(TEXT(LEFT(C98,6),"2000-00-00"),"yyyy.mmdd"))),"") -> 63 | N98: =IFERROR(IF(MID(C98,8,1)>="5",IF(RIGHT(C98,1)=(RIGHT(13-MOD(MID(C98,1,1)*2+MID(C98,2,1)*3+MID(C98,3,1)*4+MID(C98,4,1)*5+MID(C98,5,1)*6+MID(C98,6,1)*7+MID(C98,8,1)*8+MID(C98,9,1)*9+MID(C98,10,1)*2+MID(C98,11,1)*3+MID(C98,12,1)*4+MID(C98,13,1)*5,11),1)),"O","X"),IF(RIGHT(C98,1)=(RIGHT(11-MOD(MID(C98,1,1)*2+MID(C98,2,1)*3+MID(C98,3,1)*4+MID(C98,4,1)*5+MID(C98,5,1)*6+MID(C98,6,1)*7+MID(C98,8,1)*8+MID(C98,9,1)*9+MID(C98,10,1)*2+MID(C98,11,1)*3+MID(C98,12,1)*4+MID(C98,13,1)*5,11),1)),"O","X")),"") -> O | S98: 모래분사공
A99: CUI CHENGMIN(최성민) | B99: 조경공 | C99: 710413-5100057 | D99: 인천광역시 미추홀구 독정안길 71-20 삼영빌라 | E99: 010-5824-7954 | F99: 0081 | G99: KEB하나은행 | H99: 620-910226-10107 | I99: =A99 -> CUI CHENGMIN(최성민) | L99: =IFERROR(IF(OR(MID(C99,8,1)<"3",AND(MID(C99,8,1)>="5",MID(C99,8,1)<="6")),INT(TEXT(TODAY(),"yyyy.mmdd")-TEXT(TEXT(LEFT(C99,6),"1900-00-00"),"yyyy.mmdd")),INT(TEXT(TODAY(),"yyyy.mmdd")-TEXT(TEXT(LEFT(C99,6),"2000-00-00"),"yyyy.mmdd"))),"") -> 55 | N99: =IFERROR(IF(MID(C99,8,1)>="5",IF(RIGHT(C99,1)=(RIGHT(13-MOD(MID(C99,1,1)*2+MID(C99,2,1)*3+MID(C99,3,1)*4+MID(C99,4,1)*5+MID(C99,5,1)*6+MID(C99,6,1)*7+MID(C99,8,1)*8+MID(C99,9,1)*9+MID(C99,10,1)*2+MID(C99,11,1)*3+MID(C99,12,1)*4+MID(C99,13,1)*5,11),1)),"O","X"),IF(RIGHT(C99,1)=(RIGHT(11-MOD(MID(C99,1,1)*2+MID(C99,2,1)*3+MID(C99,3,1)*4+MID(C99,4,1)*5+MID(C99,5,1)*6+MID(C99,6,1)*7+MID(C99,8,1)*8+MID(C99,9,1)*9+MID(C99,10,1)*2+MID(C99,11,1)*3+MID(C99,12,1)*4+MID(C99,13,1)*5,11),1)),"O","X")),"") -> O | S99: 모형절단공
A100: JIN YUANTAI(김원태) | B100: 조경공 | C100: 590427-5101290 | D100: 인천광역시 미추홀구 수봉로70번길 3 202동(숭의동) | E100: 010-5540-5904 | F100: 0081 | G100: KEB하나은행 | H100: 580-910278-79407 | I100: =A100 -> JIN YUANTAI(김원태) | L100: =IFERROR(IF(OR(MID(C100,8,1)<"3",AND(MID(C100,8,1)>="5",MID(C100,8,1)<="6")),INT(TEXT(TODAY(),"yyyy.mmdd")-TEXT(TEXT(LEFT(C100,6),"1900-00-00"),"yyyy.mmdd")),INT(TEXT(TODAY(),"yyyy.mmdd")-TEXT(TEXT(LEFT(C100,6),"2000-00-00"),"yyyy.mmdd"))),"") -> 67 | N100: =IFERROR(IF(MID(C100,8,1)>="5",IF(RIGHT(C100,1)=(RIGHT(13-MOD(MID(C100,1,1)*2+MID(C100,2,1)*3+MID(C100,3,1)*4+MID(C100,4,1)*5+MID(C100,5,1)*6+MID(C100,6,1)*7+MID(C100,8,1)*8+MID(C100,9,1)*9+MID(C100,10,1)*2+MID(C100,11,1)*3+MID(C100,12,1)*4+MID(C100,13,1)*5,11),1)),"O","X"),IF(RIGHT(C100,1)=(RIGHT(11-MOD(MID(C100,1,1)*2+MID(C100,2,1)*3+MID(C100,3,1)*4+MID(C100,4,1)*5+MID(C100,5,1)*6+MID(C100,6,1)*7+MID(C100,8,1)*8+MID(C100,9,1)*9+MID(C100,10,1)*2+MID(C100,11,1)*3+MID(C100,12,1)*4+MID(C100,13,1)*5,11),1)),"O","X")),"") -> O | S100: 모형절단공
F101: =IFERROR(VLOOKUP(G101,$P$4:$Q$26,2,FALSE),"") | L101: =IFERROR(IF(OR(MID(C101,8,1)<"3",AND(MID(C101,8,1)>="5",MID(C101,8,1)<="6")),INT(TEXT(TODAY(),"yyyy.mmdd")-TEXT(TEXT(LEFT(C101,6),"1900-00-00"),"yyyy.mmdd")),INT(TEXT(TODAY(),"yyyy.mmdd")-TEXT(TEXT(LEFT(C101,6),"2000-00-00"),"yyyy.mmdd"))),"") | N101: =IFERROR(IF(MID(C101,8,1)>="5",IF(RIGHT(C101,1)=(RIGHT(13-MOD(MID(C101,1,1)*2+MID(C101,2,1)*3+MID(C101,3,1)*4+MID(C101,4,1)*5+MID(C101,5,1)*6+MID(C101,6,1)*7+MID(C101,8,1)*8+MID(C101,9,1)*9+MID(C101,10,1)*2+MID(C101,11,1)*3+MID(C101,12,1)*4+MID(C101,13,1)*5,11),1)),"O","X"),IF(RIGHT(C101,1)=(RIGHT(11-MOD(MID(C101,1,1)*2+MID(C101,2,1)*3+MID(C101,3,1)*4+MID(C101,4,1)*5+MID(C101,5,1)*6+MID(C101,6,1)*7+MID(C101,8,1)*8+MID(C101,9,1)*9+MID(C101,10,1)*2+MID(C101,11,1)*3+MID(C101,12,1)*4+MID(C101,13,1)*5,11),1)),"O","X")),"") | S101: 목공
F102: =IFERROR(VLOOKUP(G102,$P$4:$Q$26,2,FALSE),"") | L102: =IFERROR(IF(OR(MID(C102,8,1)<"3",AND(MID(C102,8,1)>="5",MID(C102,8,1)<="6")),INT(TEXT(TODAY(),"yyyy.mmdd")-TEXT(TEXT(LEFT(C102,6),"1900-00-00"),"yyyy.mmdd")),INT(TEXT(TODAY(),"yyyy.mmdd")-TEXT(TEXT(LEFT(C102,6),"2000-00-00"),"yyyy.mmdd"))),"") | N102: =IFERROR(IF(MID(C102,8,1)>="5",IF(RIGHT(C102,1)=(RIGHT(13-MOD(MID(C102,1,1)*2+MID(C102,2,1)*3+MID(C102,3,1)*4+MID(C102,4,1)*5+MID(C102,5,1)*6+MID(C102,6,1)*7+MID(C102,8,1)*8+MID(C102,9,1)*9+MID(C102,10,1)*2+MID(C102,11,1)*3+MID(C102,12,1)*4+MID(C102,13,1)*5,11),1)),"O","X"),IF(RIGHT(C102,1)=(RIGHT(11-MOD(MID(C102,1,1)*2+MID(C102,2,1)*3+MID(C102,3,1)*4+MID(C102,4,1)*5+MID(C102,5,1)*6+MID(C102,6,1)*7+MID(C102,8,1)*8+MID(C102,9,1)*9+MID(C102,10,1)*2+MID(C102,11,1)*3+MID(C102,12,1)*4+MID(C102,13,1)*5,11),1)),"O","X")),"") | S102: 목조각공
F103: =IFERROR(VLOOKUP(G103,$P$4:$Q$26,2,FALSE),"") | L103: =IFERROR(IF(OR(MID(C103,8,1)<"3",AND(MID(C103,8,1)>="5",MID(C103,8,1)<="6")),INT(TEXT(TODAY(),"yyyy.mmdd")-TEXT(TEXT(LEFT(C103,6),"1900-00-00"),"yyyy.mmdd")),INT(TEXT(TODAY(),"yyyy.mmdd")-TEXT(TEXT(LEFT(C103,6),"2000-00-00"),"yyyy.mmdd"))),"") | N103: =IFERROR(IF(MID(C103,8,1)>="5",IF(RIGHT(C103,1)=(RIGHT(13-MOD(MID(C103,1,1)*2+MID(C103,2,1)*3+MID(C103,3,1)*4+MID(C103,4,1)*5+MID(C103,5,1)*6+MID(C103,6,1)*7+MID(C103,8,1)*8+MID(C103,9,1)*9+MID(C103,10,1)*2+MID(C103,11,1)*3+MID(C103,12,1)*4+MID(C103,13,1)*5,11),1)),"O","X"),IF(RIGHT(C103,1)=(RIGHT(11-MOD(MID(C103,1,1)*2+MID(C103,2,1)*3+MID(C103,3,1)*4+MID(C103,4,1)*5+MID(C103,5,1)*6+MID(C103,6,1)*7+MID(C103,8,1)*8+MID(C103,9,1)*9+MID(C103,10,1)*2+MID(C103,11,1)*3+MID(C103,12,1)*4+MID(C103,13,1)*5,11),1)),"O","X")),"") | S103: 목조각공
F104: =IFERROR(VLOOKUP(G104,$P$4:$Q$26,2,FALSE),"") | L104: =IFERROR(IF(OR(MID(C104,8,1)<"3",AND(MID(C104,8,1)>="5",MID(C104,8,1)<="6")),INT(TEXT(TODAY(),"yyyy.mmdd")-TEXT(TEXT(LEFT(C104,6),"1900-00-00"),"yyyy.mmdd")),INT(TEXT(TODAY(),"yyyy.mmdd")-TEXT(TEXT(LEFT(C104,6),"2000-00-00"),"yyyy.mmdd"))),"") | N104: =IFERROR(IF(MID(C104,8,1)>="5",IF(RIGHT(C104,1)=(RIGHT(13-MOD(MID(C104,1,1)*2+MID(C104,2,1)*3+MID(C104,3,1)*4+MID(C104,4,1)*5+MID(C104,5,1)*6+MID(C104,6,1)*7+MID(C104,8,1)*8+MID(C104,9,1)*9+MID(C104,10,1)*2+MID(C104,11,1)*3+MID(C104,12,1)*4+MID(C104,13,1)*5,11),1)),"O","X"),IF(RIGHT(C104,1)=(RIGHT(11-MOD(MID(C104,1,1)*2+MID(C104,2,1)*3+MID(C104,3,1)*4+MID(C104,4,1)*5+MID(C104,5,1)*6+MID(C104,6,1)*7+MID(C104,8,1)*8+MID(C104,9,1)*9+MID(C104,10,1)*2+MID(C104,11,1)*3+MID(C104,12,1)*4+MID(C104,13,1)*5,11),1)),"O","X")),"") | S104: 몰탈스프래이공
F105: =IFERROR(VLOOKUP(G105,$P$4:$Q$26,2,FALSE),"") | L105: =IFERROR(IF(OR(MID(C105,8,1)<"3",AND(MID(C105,8,1)>="5",MID(C105,8,1)<="6")),INT(TEXT(TODAY(),"yyyy.mmdd")-TEXT(TEXT(LEFT(C105,6),"1900-00-00"),"yyyy.mmdd")),INT(TEXT(TODAY(),"yyyy.mmdd")-TEXT(TEXT(LEFT(C105,6),"2000-00-00"),"yyyy.mmdd"))),"") | N105: =IFERROR(IF(MID(C105,8,1)>="5",IF(RIGHT(C105,1)=(RIGHT(13-MOD(MID(C105,1,1)*2+MID(C105,2,1)*3+MID(C105,3,1)*4+MID(C105,4,1)*5+MID(C105,5,1)*6+MID(C105,6,1)*7+MID(C105,8,1)*8+MID(C105,9,1)*9+MID(C105,10,1)*2+MID(C105,11,1)*3+MID(C105,12,1)*4+MID(C105,13,1)*5,11),1)),"O","X"),IF(RIGHT(C105,1)=(RIGHT(11-MOD(MID(C105,1,1)*2+MID(C105,2,1)*3+MID(C105,3,1)*4+MID(C105,4,1)*5+MID(C105,5,1)*6+MID(C105,6,1)*7+MID(C105,8,1)*8+MID(C105,9,1)*9+MID(C105,10,1)*2+MID(C105,11,1)*3+MID(C105,12,1)*4+MID(C105,13,1)*5,11),1)),"O","X")),"") | S105: 무선안테나공
F106: =IFERROR(VLOOKUP(G106,$P$4:$Q$26,2,FALSE),"") | L106: =IFERROR(IF(OR(MID(C106,8,1)<"3",AND(MID(C106,8,1)>="5",MID(C106,8,1)<="6")),INT(TEXT(TODAY(),"yyyy.mmdd")-TEXT(TEXT(LEFT(C106,6),"1900-00-00"),"yyyy.mmdd")),INT(TEXT(TODAY(),"yyyy.mmdd")-TEXT(TEXT(LEFT(C106,6),"2000-00-00"),"yyyy.mmdd"))),"") | N106: =IFERROR(IF(MID(C106,8,1)>="5",IF(RIGHT(C106,1)=(RIGHT(13-MOD(MID(C106,1,1)*2+MID(C106,2,1)*3+MID(C106,3,1)*4+MID(C106,4,1)*5+MID(C106,5,1)*6+MID(C106,6,1)*7+MID(C106,8,1)*8+MID(C106,9,1)*9+MID(C106,10,1)*2+MID(C106,11,1)*3+MID(C106,12,1)*4+MID(C106,13,1)*5,11),1)),"O","X"),IF(RIGHT(C106,1)=(RIGHT(11-MOD(MID(C106,1,1)*2+MID(C106,2,1)*3+MID(C106,3,1)*4+MID(C106,4,1)*5+MID(C106,5,1)*6+MID(C106,6,1)*7+MID(C106,8,1)*8+MID(C106,9,1)*9+MID(C106,10,1)*2+MID(C106,11,1)*3+MID(C106,12,1)*4+MID(C106,13,1)*5,11),1)),"O","X")),"") | S106: 물다짐흙쌓기공
F107: =IFERROR(VLOOKUP(G107,$P$4:$Q$26,2,FALSE),"") | L107: =IFERROR(IF(OR(MID(C107,8,1)<"3",AND(MID(C107,8,1)>="5",MID(C107,8,1)<="6")),INT(TEXT(TODAY(),"yyyy.mmdd")-TEXT(TEXT(LEFT(C107,6),"1900-00-00"),"yyyy.mmdd")),INT(TEXT(TODAY(),"yyyy.mmdd")-TEXT(TEXT(LEFT(C107,6),"2000-00-00"),"yyyy.mmdd"))),"") | N107: =IFERROR(IF(MID(C107,8,1)>="5",IF(RIGHT(C107,1)=(RIGHT(13-MOD(MID(C107,1,1)*2+MID(C107,2,1)*3+MID(C107,3,1)*4+MID(C107,4,1)*5+MID(C107,5,1)*6+MID(C107,6,1)*7+MID(C107,8,1)*8+MID(C107,9,1)*9+MID(C107,10,1)*2+MID(C107,11,1)*3+MID(C107,12,1)*4+MID(C107,13,1)*5,11),1)),"O","X"),IF(RIGHT(C107,1)=(RIGHT(11-MOD(MID(C107,1,1)*2+MID(C107,2,1)*3+MID(C107,3,1)*4+MID(C107,4,1)*5+MID(C107,5,1)*6+MID(C107,6,1)*7+MID(C107,8,1)*8+MID(C107,9,1)*9+MID(C107,10,1)*2+MID(C107,11,1)*3+MID(C107,12,1)*4+MID(C107,13,1)*5,11),1)),"O","X")),"") | S107: 미술사
F108: =IFERROR(VLOOKUP(G108,$P$4:$Q$26,2,FALSE),"") | L108: =IFERROR(IF(OR(MID(C108,8,1)<"3",AND(MID(C108,8,1)>="5",MID(C108,8,1)<="6")),INT(TEXT(TODAY(),"yyyy.mmdd")-TEXT(TEXT(LEFT(C108,6),"1900-00-00"),"yyyy.mmdd")),INT(TEXT(TODAY(),"yyyy.mmdd")-TEXT(TEXT(LEFT(C108,6),"2000-00-00"),"yyyy.mmdd"))),"") | N108: =IFERROR(IF(MID(C108,8,1)>="5",IF(RIGHT(C108,1)=(RIGHT(13-MOD(MID(C108,1,1)*2+MID(C108,2,1)*3+MID(C108,3,1)*4+MID(C108,4,1)*5+MID(C108,5,1)*6+MID(C108,6,1)*7+MID(C108,8,1)*8+MID(C108,9,1)*9+MID(C108,10,1)*2+MID(C108,11,1)*3+MID(C108,12,1)*4+MID(C108,13,1)*5,11),1)),"O","X"),IF(RIGHT(C108,1)=(RIGHT(11-MOD(MID(C108,1,1)*2+MID(C108,2,1)*3+MID(C108,3,1)*4+MID(C108,4,1)*5+MID(C108,5,1)*6+MID(C108,6,1)*7+MID(C108,8,1)*8+MID(C108,9,1)*9+MID(C108,10,1)*2+MID(C108,11,1)*3+MID(C108,12,1)*4+MID(C108,13,1)*5,11),1)),"O","X")),"") | S108: 미장공
F109: =IFERROR(VLOOKUP(G109,$P$4:$Q$26,2,FALSE),"") | L109: =IFERROR(IF(OR(MID(C109,8,1)<"3",AND(MID(C109,8,1)>="5",MID(C109,8,1)<="6")),INT(TEXT(TODAY(),"yyyy.mmdd")-TEXT(TEXT(LEFT(C109,6),"1900-00-00"),"yyyy.mmdd")),INT(TEXT(TODAY(),"yyyy.mmdd")-TEXT(TEXT(LEFT(C109,6),"2000-00-00"),"yyyy.mmdd"))),"") | N109: =IFERROR(IF(MID(C109,8,1)>="5",IF(RIGHT(C109,1)=(RIGHT(13-MOD(MID(C109,1,1)*2+MID(C109,2,1)*3+MID(C109,3,1)*4+MID(C109,4,1)*5+MID(C109,5,1)*6+MID(C109,6,1)*7+MID(C109,8,1)*8+MID(C109,9,1)*9+MID(C109,10,1)*2+MID(C109,11,1)*3+MID(C109,12,1)*4+MID(C109,13,1)*5,11),1)),"O","X"),IF(RIGHT(C109,1)=(RIGHT(11-MOD(MID(C109,1,1)*2+MID(C109,2,1)*3+MID(C109,3,1)*4+MID(C109,4,1)*5+MID(C109,5,1)*6+MID(C109,6,1)*7+MID(C109,8,1)*8+MID(C109,9,1)*9+MID(C109,10,1)*2+MID(C109,11,1)*3+MID(C109,12,1)*4+MID(C109,13,1)*5,11),1)),"O","X")),"") | S109: 바닥공
F110: =IFERROR(VLOOKUP(G110,$P$4:$Q$26,2,FALSE),"") | L110: =IFERROR(IF(OR(MID(C110,8,1)<"3",AND(MID(C110,8,1)>="5",MID(C110,8,1)<="6")),INT(TEXT(TODAY(),"yyyy.mmdd")-TEXT(TEXT(LEFT(C110,6),"1900-00-00"),"yyyy.mmdd")),INT(TEXT(TODAY(),"yyyy.mmdd")-TEXT(TEXT(LEFT(C110,6),"2000-00-00"),"yyyy.mmdd"))),"") | N110: =IFERROR(IF(MID(C110,8,1)>="5",IF(RIGHT(C110,1)=(RIGHT(13-MOD(MID(C110,1,1)*2+MID(C110,2,1)*3+MID(C110,3,1)*4+MID(C110,4,1)*5+MID(C110,5,1)*6+MID(C110,6,1)*7+MID(C110,8,1)*8+MID(C110,9,1)*9+MID(C110,10,1)*2+MID(C110,11,1)*3+MID(C110,12,1)*4+MID(C110,13,1)*5,11),1)),"O","X"),IF(RIGHT(C110,1)=(RIGHT(11-MOD(MID(C110,1,1)*2+MID(C110,2,1)*3+MID(C110,3,1)*4+MID(C110,4,1)*5+MID(C110,5,1)*6+MID(C110,6,1)*7+MID(C110,8,1)*8+MID(C110,9,1)*9+MID(C110,10,1)*2+MID(C110,11,1)*3+MID(C110,12,1)*4+MID(C110,13,1)*5,11),1)),"O","X")),"") | S110: 바이브래타공
F111: =IFERROR(VLOOKUP(G111,$P$4:$Q$26,2,FALSE),"") | L111: =IFERROR(IF(OR(MID(C111,8,1)<"3",AND(MID(C111,8,1)>="5",MID(C111,8,1)<="6")),INT(TEXT(TODAY(),"yyyy.mmdd")-TEXT(TEXT(LEFT(C111,6),"1900-00-00"),"yyyy.mmdd")),INT(TEXT(TODAY(),"yyyy.mmdd")-TEXT(TEXT(LEFT(C111,6),"2000-00-00"),"yyyy.mmdd"))),"") | N111: =IFERROR(IF(MID(C111,8,1)>="5",IF(RIGHT(C111,1)=(RIGHT(13-MOD(MID(C111,1,1)*2+MID(C111,2,1)*3+MID(C111,3,1)*4+MID(C111,4,1)*5+MID(C111,5,1)*6+MID(C111,6,1)*7+MID(C111,8,1)*8+MID(C111,9,1)*9+MID(C111,10,1)*2+MID(C111,11,1)*3+MID(C111,12,1)*4+MID(C111,13,1)*5,11),1)),"O","X"),IF(RIGHT(C111,1)=(RIGHT(11-MOD(MID(C111,1,1)*2+MID(C111,2,1)*3+MID(C111,3,1)*4+MID(C111,4,1)*5+MID(C111,5,1)*6+MID(C111,6,1)*7+MID(C111,8,1)*8+MID(C111,9,1)*9+MID(C111,10,1)*2+MID(C111,11,1)*3+MID(C111,12,1)*4+MID(C111,13,1)*5,11),1)),"O","X")),"") | S111: 발전기공
F112: =IFERROR(VLOOKUP(G112,$P$4:$Q$26,2,FALSE),"") | L112: =IFERROR(IF(OR(MID(C112,8,1)<"3",AND(MID(C112,8,1)>="5",MID(C112,8,1)<="6")),INT(TEXT(TODAY(),"yyyy.mmdd")-TEXT(TEXT(LEFT(C112,6),"1900-00-00"),"yyyy.mmdd")),INT(TEXT(TODAY(),"yyyy.mmdd")-TEXT(TEXT(LEFT(C112,6),"2000-00-00"),"yyyy.mmdd"))),"") | N112: =IFERROR(IF(MID(C112,8,1)>="5",IF(RIGHT(C112,1)=(RIGHT(13-MOD(MID(C112,1,1)*2+MID(C112,2,1)*3+MID(C112,3,1)*4+MID(C112,4,1)*5+MID(C112,5,1)*6+MID(C112,6,1)*7+MID(C112,8,1)*8+MID(C112,9,1)*9+MID(C112,10,1)*2+MID(C112,11,1)*3+MID(C112,12,1)*4+MID(C112,13,1)*5,11),1)),"O","X"),IF(RIGHT(C112,1)=(RIGHT(11-MOD(MID(C112,1,1)*2+MID(C112,2,1)*3+MID(C112,3,1)*4+MID(C112,4,1)*5+MID(C112,5,1)*6+MID(C112,6,1)*7+MID(C112,8,1)*8+MID(C112,9,1)*9+MID(C112,10,1)*2+MID(C112,11,1)*3+MID(C112,12,1)*4+MID(C112,13,1)*5,11),1)),"O","X")),"") | S112: 발파공
... F299: =IFERROR(VLOOKUP(G299,$P$4:$Q$26,2,FALSE),"") | L299: =IFERROR(IF(OR(MID(C299,8,1)<"3",AND(MID(C299,8,1)>="5",MID(C299,8,1)<="6")),INT(TEXT(TODAY(),"yyyy.mmdd")-TEXT(TEXT(LEFT(C299,6),"1900-00-00"),"yyyy.mmdd")),INT(TEXT(TODAY(),"yyyy.mmdd")-TEXT(TEXT(LEFT(C299,6),"2000-00-00"),"yyyy.mmdd"))),"") | N299: =IFERROR(IF(MID(C299,8,1)>="5",IF(RIGHT(C299,1)=(RIGHT(13-MOD(MID(C299,1,1)*2+MID(C299,2,1)*3+MID(C299,3,1)*4+MID(C299,4,1)*5+MID(C299,5,1)*6+MID(C299,6,1)*7+MID(C299,8,1)*8+MID(C299,9,1)*9+MID(C299,10,1)*2+MID(C299,11,1)*3+MID(C299,12,1)*4+MID(C299,13,1)*5,11),1)),"O","X"),IF(RIGHT(C299,1)=(RIGHT(11-MOD(MID(C299,1,1)*2+MID(C299,2,1)*3+MID(C299,3,1)*4+MID(C299,4,1)*5+MID(C299,5,1)*6+MID(C299,6,1)*7+MID(C299,8,1)*8+MID(C299,9,1)*9+MID(C299,10,1)*2+MID(C299,11,1)*3+MID(C299,12,1)*4+MID(C299,13,1)*5,11),1)),"O","X")),"") | S299: 흙막이공
F300: =IFERROR(VLOOKUP(G300,$P$4:$Q$26,2,FALSE),"") | L300: =IFERROR(IF(OR(MID(C300,8,1)<"3",AND(MID(C300,8,1)>="5",MID(C300,8,1)<="6")),INT(TEXT(TODAY(),"yyyy.mmdd")-TEXT(TEXT(LEFT(C300,6),"1900-00-00"),"yyyy.mmdd")),INT(TEXT(TODAY(),"yyyy.mmdd")-TEXT(TEXT(LEFT(C300,6),"2000-00-00"),"yyyy.mmdd"))),"") | N300: =IFERROR(IF(MID(C300,8,1)>="5",IF(RIGHT(C300,1)=(RIGHT(13-MOD(MID(C300,1,1)*2+MID(C300,2,1)*3+MID(C300,3,1)*4+MID(C300,4,1)*5+MID(C300,5,1)*6+MID(C300,6,1)*7+MID(C300,8,1)*8+MID(C300,9,1)*9+MID(C300,10,1)*2+MID(C300,11,1)*3+MID(C300,12,1)*4+MID(C300,13,1)*5,11),1)),"O","X"),IF(RIGHT(C300,1)=(RIGHT(11-MOD(MID(C300,1,1)*2+MID(C300,2,1)*3+MID(C300,3,1)*4+MID(C300,4,1)*5+MID(C300,5,1)*6+MID(C300,6,1)*7+MID(C300,8,1)*8+MID(C300,9,1)*9+MID(C300,10,1)*2+MID(C300,11,1)*3+MID(C300,12,1)*4+MID(C300,13,1)*5,11),1)),"O","X")),"")
F301: =IFERROR(VLOOKUP(G301,$P$4:$Q$26,2,FALSE),"") | L301: =IFERROR(IF(OR(MID(C301,8,1)<"3",AND(MID(C301,8,1)>="5",MID(C301,8,1)<="6")),INT(TEXT(TODAY(),"yyyy.mmdd")-TEXT(TEXT(LEFT(C301,6),"1900-00-00"),"yyyy.mmdd")),INT(TEXT(TODAY(),"yyyy.mmdd")-TEXT(TEXT(LEFT(C301,6),"2000-00-00"),"yyyy.mmdd"))),"") | N301: =IFERROR(IF(MID(C301,8,1)>="5",IF(RIGHT(C301,1)=(RIGHT(13-MOD(MID(C301,1,1)*2+MID(C301,2,1)*3+MID(C301,3,1)*4+MID(C301,4,1)*5+MID(C301,5,1)*6+MID(C301,6,1)*7+MID(C301,8,1)*8+MID(C301,9,1)*9+MID(C301,10,1)*2+MID(C301,11,1)*3+MID(C301,12,1)*4+MID(C301,13,1)*5,11),1)),"O","X"),IF(RIGHT(C301,1)=(RIGHT(11-MOD(MID(C301,1,1)*2+MID(C301,2,1)*3+MID(C301,3,1)*4+MID(C301,4,1)*5+MID(C301,5,1)*6+MID(C301,6,1)*7+MID(C301,8,1)*8+MID(C301,9,1)*9+MID(C301,10,1)*2+MID(C301,11,1)*3+MID(C301,12,1)*4+MID(C301,13,1)*5,11),1)),"O","X")),"")
F302: =IFERROR(VLOOKUP(G302,$P$4:$Q$26,2,FALSE),"") | L302: =IFERROR(IF(OR(MID(C302,8,1)<"3",AND(MID(C302,8,1)>="5",MID(C302,8,1)<="6")),INT(TEXT(TODAY(),"yyyy.mmdd")-TEXT(TEXT(LEFT(C302,6),"1900-00-00"),"yyyy.mmdd")),INT(TEXT(TODAY(),"yyyy.mmdd")-TEXT(TEXT(LEFT(C302,6),"2000-00-00"),"yyyy.mmdd"))),"") | N302: =IFERROR(IF(MID(C302,8,1)>="5",IF(RIGHT(C302,1)=(RIGHT(13-MOD(MID(C302,1,1)*2+MID(C302,2,1)*3+MID(C302,3,1)*4+MID(C302,4,1)*5+MID(C302,5,1)*6+MID(C302,6,1)*7+MID(C302,8,1)*8+MID(C302,9,1)*9+MID(C302,10,1)*2+MID(C302,11,1)*3+MID(C302,12,1)*4+MID(C302,13,1)*5,11),1)),"O","X"),IF(RIGHT(C302,1)=(RIGHT(11-MOD(MID(C302,1,1)*2+MID(C302,2,1)*3+MID(C302,3,1)*4+MID(C302,4,1)*5+MID(C302,5,1)*6+MID(C302,6,1)*7+MID(C302,8,1)*8+MID(C302,9,1)*9+MID(C302,10,1)*2+MID(C302,11,1)*3+MID(C302,12,1)*4+MID(C302,13,1)*5,11),1)),"O","X")),"")
F303: =IFERROR(VLOOKUP(G303,$P$4:$Q$26,2,FALSE),"") | L303: =IFERROR(IF(OR(MID(C303,8,1)<"3",AND(MID(C303,8,1)>="5",MID(C303,8,1)<="6")),INT(TEXT(TODAY(),"yyyy.mmdd")-TEXT(TEXT(LEFT(C303,6),"1900-00-00"),"yyyy.mmdd")),INT(TEXT(TODAY(),"yyyy.mmdd")-TEXT(TEXT(LEFT(C303,6),"2000-00-00"),"yyyy.mmdd"))),"") | N303: =IFERROR(IF(MID(C303,8,1)>="5",IF(RIGHT(C303,1)=(RIGHT(13-MOD(MID(C303,1,1)*2+MID(C303,2,1)*3+MID(C303,3,1)*4+MID(C303,4,1)*5+MID(C303,5,1)*6+MID(C303,6,1)*7+MID(C303,8,1)*8+MID(C303,9,1)*9+MID(C303,10,1)*2+MID(C303,11,1)*3+MID(C303,12,1)*4+MID(C303,13,1)*5,11),1)),"O","X"),IF(RIGHT(C303,1)=(RIGHT(11-MOD(MID(C303,1,1)*2+MID(C303,2,1)*3+MID(C303,3,1)*4+MID(C303,4,1)*5+MID(C303,5,1)*6+MID(C303,6,1)*7+MID(C303,8,1)*8+MID(C303,9,1)*9+MID(C303,10,1)*2+MID(C303,11,1)*3+MID(C303,12,1)*4+MID(C303,13,1)*5,11),1)),"O","X")),"")
F304: =IFERROR(VLOOKUP(G304,$P$4:$Q$26,2,FALSE),"") | L304: =IFERROR(IF(OR(MID(C304,8,1)<"3",AND(MID(C304,8,1)>="5",MID(C304,8,1)<="6")),INT(TEXT(TODAY(),"yyyy.mmdd")-TEXT(TEXT(LEFT(C304,6),"1900-00-00"),"yyyy.mmdd")),INT(TEXT(TODAY(),"yyyy.mmdd")-TEXT(TEXT(LEFT(C304,6),"2000-00-00"),"yyyy.mmdd"))),"") | N304: =IFERROR(IF(MID(C304,8,1)>="5",IF(RIGHT(C304,1)=(RIGHT(13-MOD(MID(C304,1,1)*2+MID(C304,2,1)*3+MID(C304,3,1)*4+MID(C304,4,1)*5+MID(C304,5,1)*6+MID(C304,6,1)*7+MID(C304,8,1)*8+MID(C304,9,1)*9+MID(C304,10,1)*2+MID(C304,11,1)*3+MID(C304,12,1)*4+MID(C304,13,1)*5,11),1)),"O","X"),IF(RIGHT(C304,1)=(RIGHT(11-MOD(MID(C304,1,1)*2+MID(C304,2,1)*3+MID(C304,3,1)*4+MID(C304,4,1)*5+MID(C304,5,1)*6+MID(C304,6,1)*7+MID(C304,8,1)*8+MID(C304,9,1)*9+MID(C304,10,1)*2+MID(C304,11,1)*3+MID(C304,12,1)*4+MID(C304,13,1)*5,11),1)),"O","X")),"")
N305: =IFERROR(IF(MID(C305,8,1)>="5",IF(RIGHT(C305,1)=(RIGHT(13-MOD(MID(C305,1,1)*2+MID(C305,2,1)*3+MID(C305,3,1)*4+MID(C305,4,1)*5+MID(C305,5,1)*6+MID(C305,6,1)*7+MID(C305,8,1)*8+MID(C305,9,1)*9+MID(C305,10,1)*2+MID(C305,11,1)*3+MID(C305,12,1)*4+MID(C305,13,1)*5,11),1)),"O","X"),IF(RIGHT(C305,1)=(RIGHT(11-MOD(MID(C305,1,1)*2+MID(C305,2,1)*3+MID(C305,3,1)*4+MID(C305,4,1)*5+MID(C305,5,1)*6+MID(C305,6,1)*7+MID(C305,8,1)*8+MID(C305,9,1)*9+MID(C305,10,1)*2+MID(C305,11,1)*3+MID(C305,12,1)*4+MID(C305,13,1)*5,11),1)),"O","X")),"")
N306: =IFERROR(IF(MID(C306,8,1)>="5",IF(RIGHT(C306,1)=(RIGHT(13-MOD(MID(C306,1,1)*2+MID(C306,2,1)*3+MID(C306,3,1)*4+MID(C306,4,1)*5+MID(C306,5,1)*6+MID(C306,6,1)*7+MID(C306,8,1)*8+MID(C306,9,1)*9+MID(C306,10,1)*2+MID(C306,11,1)*3+MID(C306,12,1)*4+MID(C306,13,1)*5,11),1)),"O","X"),IF(RIGHT(C306,1)=(RIGHT(11-MOD(MID(C306,1,1)*2+MID(C306,2,1)*3+MID(C306,3,1)*4+MID(C306,4,1)*5+MID(C306,5,1)*6+MID(C306,6,1)*7+MID(C306,8,1)*8+MID(C306,9,1)*9+MID(C306,10,1)*2+MID(C306,11,1)*3+MID(C306,12,1)*4+MID(C306,13,1)*5,11),1)),"O","X")),"")
N307: =IFERROR(IF(MID(C307,8,1)>="5",IF(RIGHT(C307,1)=(RIGHT(13-MOD(MID(C307,1,1)*2+MID(C307,2,1)*3+MID(C307,3,1)*4+MID(C307,4,1)*5+MID(C307,5,1)*6+MID(C307,6,1)*7+MID(C307,8,1)*8+MID(C307,9,1)*9+MID(C307,10,1)*2+MID(C307,11,1)*3+MID(C307,12,1)*4+MID(C307,13,1)*5,11),1)),"O","X"),IF(RIGHT(C307,1)=(RIGHT(11-MOD(MID(C307,1,1)*2+MID(C307,2,1)*3+MID(C307,3,1)*4+MID(C307,4,1)*5+MID(C307,5,1)*6+MID(C307,6,1)*7+MID(C307,8,1)*8+MID(C307,9,1)*9+MID(C307,10,1)*2+MID(C307,11,1)*3+MID(C307,12,1)*4+MID(C307,13,1)*5,11),1)),"O","X")),"")
N308: =IFERROR(IF(MID(C308,8,1)>="5",IF(RIGHT(C308,1)=(RIGHT(13-MOD(MID(C308,1,1)*2+MID(C308,2,1)*3+MID(C308,3,1)*4+MID(C308,4,1)*5+MID(C308,5,1)*6+MID(C308,6,1)*7+MID(C308,8,1)*8+MID(C308,9,1)*9+MID(C308,10,1)*2+MID(C308,11,1)*3+MID(C308,12,1)*4+MID(C308,13,1)*5,11),1)),"O","X"),IF(RIGHT(C308,1)=(RIGHT(11-MOD(MID(C308,1,1)*2+MID(C308,2,1)*3+MID(C308,3,1)*4+MID(C308,4,1)*5+MID(C308,5,1)*6+MID(C308,6,1)*7+MID(C308,8,1)*8+MID(C308,9,1)*9+MID(C308,10,1)*2+MID(C308,11,1)*3+MID(C308,12,1)*4+MID(C308,13,1)*5,11),1)),"O","X")),"")
N309: =IFERROR(IF(MID(C309,8,1)>="5",IF(RIGHT(C309,1)=(RIGHT(13-MOD(MID(C309,1,1)*2+MID(C309,2,1)*3+MID(C309,3,1)*4+MID(C309,4,1)*5+MID(C309,5,1)*6+MID(C309,6,1)*7+MID(C309,8,1)*8+MID(C309,9,1)*9+MID(C309,10,1)*2+MID(C309,11,1)*3+MID(C309,12,1)*4+MID(C309,13,1)*5,11),1)),"O","X"),IF(RIGHT(C309,1)=(RIGHT(11-MOD(MID(C309,1,1)*2+MID(C309,2,1)*3+MID(C309,3,1)*4+MID(C309,4,1)*5+MID(C309,5,1)*6+MID(C309,6,1)*7+MID(C309,8,1)*8+MID(C309,9,1)*9+MID(C309,10,1)*2+MID(C309,11,1)*3+MID(C309,12,1)*4+MID(C309,13,1)*5,11),1)),"O","X")),"")
N310: =IFERROR(IF(MID(C310,8,1)>="5",IF(RIGHT(C310,1)=(RIGHT(13-MOD(MID(C310,1,1)*2+MID(C310,2,1)*3+MID(C310,3,1)*4+MID(C310,4,1)*5+MID(C310,5,1)*6+MID(C310,6,1)*7+MID(C310,8,1)*8+MID(C310,9,1)*9+MID(C310,10,1)*2+MID(C310,11,1)*3+MID(C310,12,1)*4+MID(C310,13,1)*5,11),1)),"O","X"),IF(RIGHT(C310,1)=(RIGHT(11-MOD(MID(C310,1,1)*2+MID(C310,2,1)*3+MID(C310,3,1)*4+MID(C310,4,1)*5+MID(C310,5,1)*6+MID(C310,6,1)*7+MID(C310,8,1)*8+MID(C310,9,1)*9+MID(C310,10,1)*2+MID(C310,11,1)*3+MID(C310,12,1)*4+MID(C310,13,1)*5,11),1)),"O","X")),"")
N311: =IFERROR(IF(MID(C311,8,1)>="5",IF(RIGHT(C311,1)=(RIGHT(13-MOD(MID(C311,1,1)*2+MID(C311,2,1)*3+MID(C311,3,1)*4+MID(C311,4,1)*5+MID(C311,5,1)*6+MID(C311,6,1)*7+MID(C311,8,1)*8+MID(C311,9,1)*9+MID(C311,10,1)*2+MID(C311,11,1)*3+MID(C311,12,1)*4+MID(C311,13,1)*5,11),1)),"O","X"),IF(RIGHT(C311,1)=(RIGHT(11-MOD(MID(C311,1,1)*2+MID(C311,2,1)*3+MID(C311,3,1)*4+MID(C311,4,1)*5+MID(C311,5,1)*6+MID(C311,6,1)*7+MID(C311,8,1)*8+MID(C311,9,1)*9+MID(C311,10,1)*2+MID(C311,11,1)*3+MID(C311,12,1)*4+MID(C311,13,1)*5,11),1)),"O","X")),"")
N312: =IFERROR(IF(MID(C312,8,1)>="5",IF(RIGHT(C312,1)=(RIGHT(13-MOD(MID(C312,1,1)*2+MID(C312,2,1)*3+MID(C312,3,1)*4+MID(C312,4,1)*5+MID(C312,5,1)*6+MID(C312,6,1)*7+MID(C312,8,1)*8+MID(C312,9,1)*9+MID(C312,10,1)*2+MID(C312,11,1)*3+MID(C312,12,1)*4+MID(C312,13,1)*5,11),1)),"O","X"),IF(RIGHT(C312,1)=(RIGHT(11-MOD(MID(C312,1,1)*2+MID(C312,2,1)*3+MID(C312,3,1)*4+MID(C312,4,1)*5+MID(C312,5,1)*6+MID(C312,6,1)*7+MID(C312,8,1)*8+MID(C312,9,1)*9+MID(C312,10,1)*2+MID(C312,11,1)*3+MID(C312,12,1)*4+MID(C312,13,1)*5,11),1)),"O","X")),"")
N313: =IFERROR(IF(MID(C313,8,1)>="5",IF(RIGHT(C313,1)=(RIGHT(13-MOD(MID(C313,1,1)*2+MID(C313,2,1)*3+MID(C313,3,1)*4+MID(C313,4,1)*5+MID(C313,5,1)*6+MID(C313,6,1)*7+MID(C313,8,1)*8+MID(C313,9,1)*9+MID(C313,10,1)*2+MID(C313,11,1)*3+MID(C313,12,1)*4+MID(C313,13,1)*5,11),1)),"O","X"),IF(RIGHT(C313,1)=(RIGHT(11-MOD(MID(C313,1,1)*2+MID(C313,2,1)*3+MID(C313,3,1)*4+MID(C313,4,1)*5+MID(C313,5,1)*6+MID(C313,6,1)*7+MID(C313,8,1)*8+MID(C313,9,1)*9+MID(C313,10,1)*2+MID(C313,11,1)*3+MID(C313,12,1)*4+MID(C313,13,1)*5,11),1)),"O","X")),"")
...

Sheet 위임장
A1: 위 임 장
A3: 수 임 인
A4: 성 명 | I4: 주 민 번 호 | L4: =IF(ISERROR(VLOOKUP(D4,주소록!$A$3:$K$523,5,0)),"",VLOOKUP(D4,주소록!$A$3:$K$523,5,0))
A5: 주 소 | D5: =IF(ISERROR(VLOOKUP(D4,주소록!$A$3:$K$523,6,0)),"",VLOOKUP(D4,주소록!$A$3:$K$523,6,0))
A6: 연 락 처 | D6: =IF(ISERROR(VLOOKUP(D4,주소록!$A$3:$K$523,7,0)),"",VLOOKUP(D4,주소록!$A$3:$K$523,7,0)) | I6: 계 좌 번 호 | L6: =IF(ISERROR(VLOOKUP(D4,주소록!$A$3:$K$523,9,0)),"",VLOOKUP(D4,주소록!$A$3:$K$523,9,0)) | N6: =IF(ISERROR(VLOOKUP(D4,주소록!$A$3:$K$523,10,0)),"",VLOOKUP(D4,주소록!$A$3:$K$523,10,0))
A8: =" 상기인을 본인의 대리인으로 정하여 ["&V8&"] 「"&V9&"」 하수급인 「"&V10&"」의" -> 상기인을 본인의 대리인으로 정하여 [고색2지구 공원 및 공공공지 조성공사] 「부강종합건설㈜」 하수급인 「(주)하도급 회사」의 | U8: 공사명 | V8: =요율!G6 -> 고색2지구 공원 및 공공공지 조성공사
A9: =" 근로자로서 「"&V10&"」이(가) 지급하여야할 ["&V11&" "&W11&"] 노무비를 원수급자인 「"&V9&"」와(과) 하수급인" -> 근로자로서 「(주)하도급 회사」이(가) 지급하여야할 [2023년 1월] 노무비를 원수급자인 「부강종합건설㈜」와(과) 하수급인 | U9: 원도급 회사 | V9: 부강종합건설㈜
A10: =" 「"&V10&"」로부터 수령할 노무비와 기타 모든 사항을 수임인에게 일체의 권한을 위임하고 위임후에 따른" -> 「(주)하도급 회사」로부터 수령할 노무비와 기타 모든 사항을 수임인에게 일체의 권한을 위임하고 위임후에 따른 | U10: 하도급 회사 | V10: (주)하도급 회사
A11: 분실,휭령,공문서 위조등을 포함한 모든 책임을 본인이 감수하며 민,형사상 처벌을 감수할것이며 어떠한 법률적 | U11: 청구 월 | V11: 2023년 | W11: 1월
A12: 책임도 이의를 제기치 않을 것을 서명 날인 합니다
A14: 성 명 | C14: 주 민 번 호 | G14: 주 소 | M14: 청구금액 | P14: 서 명
M15: =IFERROR(VLOOKUP(A15,INDIRECT(#REF!&"!$B$7:$BA$93"),33,FALSE),"")
M16: =IFERROR(VLOOKUP(A16,INDIRECT(#REF!&"!$B$7:$BA$93"),33,FALSE),"")
M17: =IFERROR(VLOOKUP(A17,INDIRECT(#REF!&"!$B$7:$BA$93"),33,FALSE),"")
M18: =IFERROR(VLOOKUP(A18,INDIRECT(#REF!&"!$B$7:$BA$93"),33,FALSE),"")
M19: =IFERROR(VLOOKUP(A19,INDIRECT(#REF!&"!$B$7:$BA$93"),33,FALSE),"")
C20: =IF(ISERROR(VLOOKUP(A20,주소록!$A$3:$K$523,5,0)),"",VLOOKUP(A20,주소록!$A$3:$K$523,5,0)) | G20: =IF(ISERROR(VLOOKUP(A20,주소록!$A$3:$K$523,6,0)),"",VLOOKUP(A20,주소록!$A$3:$K$523,4,0)) | M20: =IFERROR(VLOOKUP(A20,INDIRECT(#REF!&"!$B$7:$BA$93"),33,FALSE),"")
C21: =IF(ISERROR(VLOOKUP(A21,주소록!$A$3:$K$523,5,0)),"",VLOOKUP(A21,주소록!$A$3:$K$523,5,0)) | G21: =IF(ISERROR(VLOOKUP(A21,주소록!$A$3:$K$523,6,0)),"",VLOOKUP(A21,주소록!$A$3:$K$523,4,0)) | M21: =IFERROR(VLOOKUP(A21,INDIRECT(#REF!&"!$B$7:$BA$93"),33,FALSE),"")
C22: =IF(ISERROR(VLOOKUP(A22,주소록!$A$3:$K$523,5,0)),"",VLOOKUP(A22,주소록!$A$3:$K$523,5,0)) | G22: =IF(ISERROR(VLOOKUP(A22,주소록!$A$3:$K$523,6,0)),"",VLOOKUP(A22,주소록!$A$3:$K$523,4,0)) | M22: =IFERROR(VLOOKUP(A22,INDIRECT(#REF!&"!$B$7:$BA$93"),33,FALSE),"")
C23: =IF(ISERROR(VLOOKUP(A23,주소록!$A$3:$K$523,5,0)),"",VLOOKUP(A23,주소록!$A$3:$K$523,5,0)) | G23: =IF(ISERROR(VLOOKUP(A23,주소록!$A$3:$K$523,6,0)),"",VLOOKUP(A23,주소록!$A$3:$K$523,4,0)) | M23: =IFERROR(VLOOKUP(A23,INDIRECT(#REF!&"!$B$7:$BA$93"),33,FALSE),"")
C24: =IF(ISERROR(VLOOKUP(A24,주소록!$A$3:$K$523,5,0)),"",VLOOKUP(A24,주소록!$A$3:$K$523,5,0)) | G24: =IF(ISERROR(VLOOKUP(A24,주소록!$A$3:$K$523,6,0)),"",VLOOKUP(A24,주소록!$A$3:$K$523,4,0)) | M24: =IFERROR(VLOOKUP(A24,INDIRECT(#REF!&"!$B$7:$BA$93"),33,FALSE),"")
C25: =IF(ISERROR(VLOOKUP(A25,주소록!$A$3:$K$523,5,0)),"",VLOOKUP(A25,주소록!$A$3:$K$523,5,0)) | G25: =IF(ISERROR(VLOOKUP(A25,주소록!$A$3:$K$523,6,0)),"",VLOOKUP(A25,주소록!$A$3:$K$523,4,0)) | M25: =IFERROR(VLOOKUP(A25,INDIRECT(#REF!&"!$B$7:$BA$93"),33,FALSE),"")
C26: =IF(ISERROR(VLOOKUP(A26,주소록!$A$3:$K$523,5,0)),"",VLOOKUP(A26,주소록!$A$3:$K$523,5,0)) | G26: =IF(ISERROR(VLOOKUP(A26,주소록!$A$3:$K$523,6,0)),"",VLOOKUP(A26,주소록!$A$3:$K$523,4,0)) | M26: =IFERROR(VLOOKUP(A26,INDIRECT(#REF!&"!$B$7:$BA$93"),33,FALSE),"")
C27: =IF(ISERROR(VLOOKUP(A27,주소록!$A$3:$K$523,5,0)),"",VLOOKUP(A27,주소록!$A$3:$K$523,5,0)) | G27: =IF(ISERROR(VLOOKUP(A27,주소록!$A$3:$K$523,6,0)),"",VLOOKUP(A27,주소록!$A$3:$K$523,4,0)) | M27: =IFERROR(VLOOKUP(A27,INDIRECT(#REF!&"!$B$7:$BA$93"),33,FALSE),"")
C28: =IF(ISERROR(VLOOKUP(A28,주소록!$A$3:$K$523,5,0)),"",VLOOKUP(A28,주소록!$A$3:$K$523,5,0)) | G28: =IF(ISERROR(VLOOKUP(A28,주소록!$A$3:$K$523,6,0)),"",VLOOKUP(A28,주소록!$A$3:$K$523,4,0)) | M28: =IFERROR(VLOOKUP(A28,INDIRECT(#REF!&"!$B$7:$BA$93"),33,FALSE),"")
C29: =IF(ISERROR(VLOOKUP(A29,주소록!$A$3:$K$523,5,0)),"",VLOOKUP(A29,주소록!$A$3:$K$523,5,0)) | G29: =IF(ISERROR(VLOOKUP(A29,주소록!$A$3:$K$523,6,0)),"",VLOOKUP(A29,주소록!$A$3:$K$523,4,0)) | M29: =IFERROR(VLOOKUP(A29,INDIRECT(#REF!&"!$B$7:$BA$93"),33,FALSE),"")
C30: =IF(ISERROR(VLOOKUP(A30,주소록!$A$3:$K$523,5,0)),"",VLOOKUP(A30,주소록!$A$3:$K$523,5,0)) | G30: =IF(ISERROR(VLOOKUP(A30,주소록!$A$3:$K$523,6,0)),"",VLOOKUP(A30,주소록!$A$3:$K$523,4,0)) | M30: =IFERROR(VLOOKUP(A30,INDIRECT(#REF!&"!$B$7:$BA$93"),33,FALSE),"")
C31: =IF(ISERROR(VLOOKUP(A31,주소록!$A$3:$K$523,5,0)),"",VLOOKUP(A31,주소록!$A$3:$K$523,5,0)) | G31: =IF(ISERROR(VLOOKUP(A31,주소록!$A$3:$K$523,6,0)),"",VLOOKUP(A31,주소록!$A$3:$K$523,4,0)) | M31: =IFERROR(VLOOKUP(A31,INDIRECT(#REF!&"!$B$7:$BA$93"),33,FALSE),"")
... C34: =IF(ISERROR(VLOOKUP(A34,주소록!$A$3:$K$523,5,0)),"",VLOOKUP(A34,주소록!$A$3:$K$523,5,0)) | G34: =IF(ISERROR(VLOOKUP(A34,주소록!$A$3:$K$523,6,0)),"",VLOOKUP(A34,주소록!$A$3:$K$523,4,0)) | M34: =IFERROR(VLOOKUP(A34,INDIRECT(#REF!&"!$B$7:$BA$93"),33,FALSE),"")

Sheet 4월
A1: 일용 노무비 지급 명세서 | BA1: =Y2&"03" -> 202603
A2: 공 사 명 | C2: =요율!G6 -> 고색2지구 공원 및 공공공지 조성공사 | O2: 기 간 | Y2: 2026 | AC2: 4 | AH2: 청 구 금 액 | AK2: =AK5&" "&AK6 -> 소 득 세 지방소득세 | AN2: 건강보험 노인장기 | AQ2: 국민연금 고용보험 | AT2: 공제계 | AW2: 실 지급액 | BA2: =RIGHT(Y2,2)&"-03" -> 26-03 | BG2: 기준날짜
A3: 회 사 명 | C3: =요율!G5 -> ㈜아 산 | O3: =DATE($Y$2,$AC$2,1) -> 46113 | R3: ~ | S3: =DATE($Y$2,$AC$2+1,0) -> 46142 | AH3: =AH153 -> 33425000 | AK3: =SUM(AK7:AM152) -> 262930 | AN3: =SUM(AN7:AP152) -> 1198200 | AQ3: =SUM(AQ7:AS152) -> 574560 | AT3: =SUM(AT7:AV152) -> 2035690 | AW3: =SUM(AW7:AY152) -> 31389310 | BA3: =Y2&"03" -> 202603 | BG3: =O3 -> 46113
A5: 번 호 | B5: 성 명 | C5: 주 민 번 호 | G5: 주 소 | O5: =O3 -> 46113 | P5: =O5+1 -> 46114 | Q5: =P5+1 -> 46115 | R5: =Q5+1 -> 46116 | S5: =R5+1 -> 46117 | T5: =S5+1 -> 46118 | U5: =T5+1 -> 46119 | V5: =U5+1 -> 46120 | W5: =V5+1 -> 46121 | ... AC5: =AB5+1 -> 46127 | AE5: 출력일수 | AG5: 일급 | AH5: 지 급 총 액 | AK5: =요율!$G$3 -> 소 득 세 | AN5: 건강보험 | AQ5: 국민연금 | AT5: 공제소계 | AW5: 차감 지급액 | AZ5: 영수인 | BA5: 직 종 | BC5: 번 호 | BD5: 생년월일 | BG5: 나 이 | BJ5: 건강연금 | BM5: 1 | BN5: 2 | BO5: 3 | BP5: 4 | BQ5: 5 | BR5: 6 | BS5: 7 | BT5: 8 | BU5: 9 | BV5: 10 | BW5: 11 | BX5: 12 | BY5: 13 | BZ5: 14 | CA5: 15 | CD5: 예금주검증
C6: 연 락 처 | G6: 은 행 명 | J6: 계 좌 번 호 | O6: =O5+15 -> 46128 | P6: =O6+1 -> 46129 | Q6: =P6+1 -> 46130 | R6: =Q6+1 -> 46131 | S6: =R6+1 -> 46132 | T6: =S6+1 -> 46133 | U6: =T6+1 -> 46134 | V6: =U6+1 -> 46135 | W6: =V6+1 -> 46136 | ... AA6: =Z6+1 -> 46140 | AB6: =IFERROR(IF(DAY(DATE($Y$2,$AC$2+1,0))<COLUMNS($O$6:AB$6)+15,"",AA6+1),"") -> 46141 | AC6: =IFERROR(IF(DAY(DATE($Y$2,$AC$2+1,0))<COLUMNS($O$6:AC$6)+15,"",AB6+1),"") -> 46142 | AD6: =IFERROR(IF(DAY(DATE($Y$2,$AC$2+1,0))<COLUMNS($O$6:AD$6)+15,"",AC6+1),"") | AE6: 출력공수 | AK6: =요율!$G$4 -> 지방소득세 | AN6: 노인장기 | AQ6: 고용보험 | AT6: 기타 | BA6: 팀 명 | BD6: 성 명 | BG6: =AK5 -> 소 득 세 | BJ6: 일수 | BK6: 금액 | BL6: 확정 | BM6: 16 | BN6: 17 | BO6: 18 | BP6: 19 | BQ6: 20 | BR6: 21 | BS6: 22 | BT6: 23 | BU6: 24 | BV6: 25 | BW6: 26 | BX6: 27 | BY6: 28 | BZ6: 29 | CA6: 30 | CB6: 31
A7: 1 | B7: 오부택 | C7: =IF(ISERROR(VLOOKUP(B7,주소록!$A$3:$K$523,5,0)),"",VLOOKUP(B7,주소록!$A$3:$K$523,3,0)) -> 651015-1333111 | G7: =IF(ISERROR(VLOOKUP(B7,주소록!$A$3:$K$523,6,0)),"",VLOOKUP(B7,주소록!$A$3:$K$523,4,0)) -> 경기도 남양주시 도농동 291-34 19/4 | T7: 1 | U7: 1 | V7: 1 | W7: 0.5 | X7: 1 | Y7: 1 | Z7: 1 | AA7: 1 | AB7: 1 | AC7: 1 | AE7: =COUNTIF(O7:AD8,">=0.5") -> 22 | AG7: 250000 | AH7: =AE8*AG7 -> 5375000 | AK7: =IF(BG8<1000, 0, BG8) -> 56700 | AN7: =IF(요율!$H$7="○",IF(AE7>=요율!$D$6,ROUNDDOWN(AH7*요율!$C$4%,-1),0),0) -> 193230 | AQ7: =BL7 -> 60세이상 | AT7: =SUM(AK7:AS8) -> 329360 | AW7: =AH7-AT7-AT8 -> 5045640 | AZ7: =B7 -> 오부택 | BA7: =IF(ISERROR(VLOOKUP($B7,주소록!$A$3:$K$523,3,0)),"",VLOOKUP($B7,주소록!$A$3:$K$523,2,0)) -> 작업반장 | BB7: 1 | BC7: =A7 -> 1 | BD7: =IF(OR(MID(C7,8,1)<"3",AND(MID(C7,8,1)>="5",MID(C7,8,1)<="6")),TEXT(TEXT(LEFT(C7,6),"1900-00-00"),"yyyy년 m월 d일"),TEXT(TEXT(LEFT(C7,6),"2000-00-00"),"yyyy년 m월 d일")) -> 1965년 10월 15일 | BG7: =IFERROR(INT( ( TEXT($O$3,"yyyy.mmdd") - TEXT(BD7,"yyyy.mmdd") ) ),0) -> 60 | BJ7: =IF(BG7>59,"60세이상",IF(OR(AE7<요율!$D$6,AH7=0),0,IF(AH7<요율!$C$7,요율!$D$7,IF(AH7>요율!$C$8,요율!$D$8,+TRUNC(AH7*요율!$C$6%,-1))))) -> 60세이상 | BK7: =IF(BG7>59,"60세이상",IF(OR(AH7<2200000,AH7=0),0,IF(AH7<요율!$C$7,요율!$D$7,IF(AH7>요율!$C$8,요율!$D$8,+TRUNC(AH7*요율!$C$6%,-1))))) -> 60세이상 | BL7: =IF(BK7>0,BK7,BJ7) -> 60세이상 | BM7: =ROUNDDOWN(IF($AG7*O7>요율!$E$3,($AG7*O7-요율!$E$3)*요율!$C$3%*요율!$D$3%,0),-1) -> 0 | BN7: =ROUNDDOWN(IF($AG7*P7>요율!$E$3,($AG7*P7-요율!$E$3)*요율!$C$3%*요율!$D$3%,0),-1) -> 0 | BO7: =ROUNDDOWN(IF($AG7*Q7>요율!$E$3,($AG7*Q7-요율!$E$3)*요율!$C$3%*요율!$D$3%,0),-1) -> 0 | BP7: =ROUNDDOWN(IF($AG7*R7>요율!$E$3,($AG7*R7-요율!$E$3)*요율!$C$3%*요율!$D$3%,0),-1) -> 0 | BQ7: =ROUNDDOWN(IF($AG7*S7>요율!$E$3,($AG7*S7-요율!$E$3)*요율!$C$3%*요율!$D$3%,0),-1) -> 0 | BR7: =ROUNDDOWN(IF($AG7*T7>요율!$E$3,($AG7*T7-요율!$E$3)*요율!$C$3%*요율!$D$3%,0),-1) -> 2700 | BS7: =ROUNDDOWN(IF($AG7*U7>요율!$E$3,($AG7*U7-요율!$E$3)*요율!$C$3%*요율!$D$3%,0),-1) -> 2700 | BT7: =ROUNDDOWN(IF($AG7*V7>요율!$E$3,($AG7*V7-요율!$E$3)*요율!$C$3%*요율!$D$3%,0),-1) -> 2700 | ... CB7: =ROUNDDOWN(IF($AG7*AD7>요율!$E$3,($AG7*AD7-요율!$E$3)*요율!$C$3%*요율!$D$3%,0),-1) -> 0 | CD7: =IFERROR(VLOOKUP(B7,주소록,9,FALSE),"") -> 오부택
B8: =BA7 -> 작업반장 | C8: =IF(ISERROR(VLOOKUP(B7,주소록!$A$3:$K$523,7,0)),"",VLOOKUP(B7,주소록!$A$3:$K$523,5,0)) -> 010-8783-1657 | G8: =IF(ISERROR(VLOOKUP(B7,주소록!$A$3:$K$523,9,0)),"",VLOOKUP(B7,주소록!$A$3:$K$523,7,0)) -> 농협중앙회 | J8: =IF(ISERROR(VLOOKUP(B7,주소록!$A$3:$K$523,10,0)),"",VLOOKUP(B7,주소록!$A$3:$K$523,8,0)) -> 204030-56-159309 | O8: 1 | P8: 1 | Q8: 1 | S8: 1 | T8: 1 | U8: 1 | V8: 1 | W8: 1 | X8: 1 | Z8: 1 | AB8: 1 | AC8: 1 | AE8: =SUM(O7:AD8) -> 21.5 | AK8: =IF(C7=0,"",IF(MID(C7,7,1)="5","",IF(MID(C7,7,1)="6","",ROUNDDOWN((AK7*10%),-1)))) -> 5670 | AN8: =ROUNDDOWN(AN7*요율!$F$5,-1) -> 25390 | AQ8: =IF(OR(AND(요율!$H$8="X",요율!$H$9="X",MID(C7,8,1)>="5"),AND(요율!$H$8="○",요율!$H$9="X",MID(C7,8,1)>="5")),"외국인",IF(요율!$H$8="X",IF(C7="",0,IF(OR(MID(C7,8,1)<"3",AND(MID(C7,8,1)>="5",MID(C7,8,1)<="6")),IF(INT(TEXT($O$3,"yyyy.mmdd")-TEXT(TEXT(LEFT(C7,6),"1900-00-00"),"yyyy.mmdd"))>=65,"65세이상",+TRUNC(AH7*요율!$C$9%,-1)),IF(INT(TEXT($O$3,"yyyy.mmdd")-TEXT(TEXT(LEFT(C7,6),"2000-00-00"),"yyyy.mmdd"))>=65,"65세이상",+TRUNC(AH7*요율!$C$9%,-1)))),+TRUNC(AH7*요율!$C$9%,-1))) -> 48370 | BA8: =BA7 -> 작업반장 | BB8: 2 | BD8: =B7 -> 오부택 | BG8: =SUM(BM7:CB8) -> 56700 | BM8: =ROUNDDOWN(IF($AG7*O8>요율!$E$3,($AG7*O8-요율!$E$3)*요율!$C$3%*요율!$D$3%,0),-1) -> 2700 | BN8: =ROUNDDOWN(IF($AG7*P8>요율!$E$3,($AG7*P8-요율!$E$3)*요율!$C$3%*요율!$D$3%,0),-1) -> 2700 | BO8: =ROUNDDOWN(IF($AG7*Q8>요율!$E$3,($AG7*Q8-요율!$E$3)*요율!$C$3%*요율!$D$3%,0),-1) -> 2700 | BP8: =ROUNDDOWN(IF($AG7*R8>요율!$E$3,($AG7*R8-요율!$E$3)*요율!$C$3%*요율!$D$3%,0),-1) -> 0 | BQ8: =ROUNDDOWN(IF($AG7*S8>요율!$E$3,($AG7*S8-요율!$E$3)*요율!$C$3%*요율!$D$3%,0),-1) -> 2700 | BR8: =ROUNDDOWN(IF($AG7*T8>요율!$E$3,($AG7*T8-요율!$E$3)*요율!$C$3%*요율!$D$3%,0),-1) -> 2700 | BS8: =ROUNDDOWN(IF($AG7*U8>요율!$E$3,($AG7*U8-요율!$E$3)*요율!$C$3%*요율!$D$3%,0),-1) -> 2700 | BT8: =ROUNDDOWN(IF($AG7*V8>요율!$E$3,($AG7*V8-요율!$E$3)*요율!$C$3%*요율!$D$3%,0),-1) -> 2700 | ... CB8: =ROUNDDOWN(IF($AG7*AD8>요율!$E$3,($AG7*AD8-요율!$E$3)*요율!$C$3%*요율!$D$3%,0),-1) -> 0
A9: =A7+1 -> 2 | B9: 하해군 | C9: =IF(ISERROR(VLOOKUP(B9,주소록!$A$3:$K$523,5,0)),"",VLOOKUP(B9,주소록!$A$3:$K$523,3,0)) -> 630816-1221210 | G9: =IF(ISERROR(VLOOKUP(B9,주소록!$A$3:$K$523,6,0)),"",VLOOKUP(B9,주소록!$A$3:$K$523,4,0)) -> 경기도 남양주시 진건읍 사릉로용정1길 11 | T9: 1 | U9: 1 | V9: 1 | Y9: 1 | Z9: 1 | AA9: 1 | AB9: 1 | AC9: 1 | AE9: =COUNTIF(O9:AD10,">=0.5") -> 18 | AG9: 200000 | AH9: =AE10*AG9 -> 3600000 | AK9: =IF(BG10<1000, 0, BG10) -> 24300 | AN9: =IF(요율!$H$7="○",IF(AE9>=요율!$D$6,ROUNDDOWN(AH9*요율!$C$4%,-1),0),0) -> 129420 | AQ9: =BL9 -> 60세이상 | AT9: =SUM(AK9:AS10) -> 205550 | AW9: =AH9-AT9-AT10 -> 3394450 | AZ9: 하진욱 | BA9: =IF(ISERROR(VLOOKUP($B9,주소록!$A$3:$K$523,3,0)),"",VLOOKUP($B9,주소록!$A$3:$K$523,2,0)) -> 조경공 | BB9: 1 | BC9: =A9 -> 2 | BD9: =IF(OR(MID(C9,8,1)<"3",AND(MID(C9,8,1)>="5",MID(C9,8,1)<="6")),TEXT(TEXT(LEFT(C9,6),"1900-00-00"),"yyyy년 m월 d일"),TEXT(TEXT(LEFT(C9,6),"2000-00-00"),"yyyy년 m월 d일")) -> 1963년 8월 16일 | BG9: =IFERROR(INT( ( TEXT($O$3,"yyyy.mmdd") - TEXT(BD9,"yyyy.mmdd") ) ),0) -> 62 | BJ9: =IF(BG9>59,"60세이상",IF(OR(AE9<요율!$D$6,AH9=0),0,IF(AH9<요율!$C$7,요율!$D$7,IF(AH9>요율!$C$8,요율!$D$8,+TRUNC(AH9*요율!$C$6%,-1))))) -> 60세이상 | BK9: =IF(BG9>59,"60세이상",IF(OR(AH9<2200000,AH9=0),0,IF(AH9<요율!$C$7,요율!$D$7,IF(AH9>요율!$C$8,요율!$D$8,+TRUNC(AH9*요율!$C$6%,-1))))) -> 60세이상 | BL9: =IF(BK9>0,BK9,BJ9) -> 60세이상 | BM9: =ROUNDDOWN(IF($AG9*O9>요율!$E$3,($AG9*O9-요율!$E$3)*요율!$C$3%*요율!$D$3%,0),-1) -> 0 | BN9: =ROUNDDOWN(IF($AG9*P9>요율!$E$3,($AG9*P9-요율!$E$3)*요율!$C$3%*요율!$D$3%,0),-1) -> 0 | BO9: =ROUNDDOWN(IF($AG9*Q9>요율!$E$3,($AG9*Q9-요율!$E$3)*요율!$C$3%*요율!$D$3%,0),-1) -> 0 | BP9: =ROUNDDOWN(IF($AG9*R9>요율!$E$3,($AG9*R9-요율!$E$3)*요율!$C$3%*요율!$D$3%,0),-1) -> 0 | BQ9: =ROUNDDOWN(IF($AG9*S9>요율!$E$3,($AG9*S9-요율!$E$3)*요율!$C$3%*요율!$D$3%,0),-1) -> 0 | BR9: =ROUNDDOWN(IF($AG9*T9>요율!$E$3,($AG9*T9-요율!$E$3)*요율!$C$3%*요율!$D$3%,0),-1) -> 1350 | BS9: =ROUNDDOWN(IF($AG9*U9>요율!$E$3,($AG9*U9-요율!$E$3)*요율!$C$3%*요율!$D$3%,0),-1) -> 1350 | BT9: =ROUNDDOWN(IF($AG9*V9>요율!$E$3,($AG9*V9-요율!$E$3)*요율!$C$3%*요율!$D$3%,0),-1) -> 1350 | ... CB9: =ROUNDDOWN(IF($AG9*AD9>요율!$E$3,($AG9*AD9-요율!$E$3)*요율!$C$3%*요율!$D$3%,0),-1) -> 0 | CD9: =IFERROR(VLOOKUP(B9,주소록,9,FALSE),"") -> 하진욱
B10: =BA9 -> 조경공 | C10: =IF(ISERROR(VLOOKUP(B9,주소록!$A$3:$K$523,7,0)),"",VLOOKUP(B9,주소록!$A$3:$K$523,5,0)) -> 010-4993-9423 | G10: =IF(ISERROR(VLOOKUP(B9,주소록!$A$3:$K$523,9,0)),"",VLOOKUP(B9,주소록!$A$3:$K$523,7,0)) -> 농협중앙회 | J10: =IF(ISERROR(VLOOKUP(B9,주소록!$A$3:$K$523,10,0)),"",VLOOKUP(B9,주소록!$A$3:$K$523,8,0)) -> 352-0964-6051-63 | O10: 1 | P10: 1 | Q10: 1 | S10: 1 | T10: 1 | U10: 1 | V10: 1 | W10: 1 | X10: 1 | AC10: 1 | AE10: =SUM(O9:AD10) -> 18 | AK10: =IF(C9=0,"",IF(MID(C9,7,1)="5","",IF(MID(C9,7,1)="6","",ROUNDDOWN((AK9*10%),-1)))) -> 2430 | AN10: =ROUNDDOWN(AN9*요율!$F$5,-1) -> 17000 | AQ10: =IF(OR(AND(요율!$H$8="X",요율!$H$9="X",MID(C9,8,1)>="5"),AND(요율!$H$8="○",요율!$H$9="X",MID(C9,8,1)>="5")),"외국인",IF(요율!$H$8="X",IF(C9="",0,IF(OR(MID(C9,8,1)<"3",AND(MID(C9,8,1)>="5",MID(C9,8,1)<="6")),IF(INT(TEXT($O$3,"yyyy.mmdd")-TEXT(TEXT(LEFT(C9,6),"1900-00-00"),"yyyy.mmdd"))>=65,"65세이상",+TRUNC(AH9*요율!$C$9%,-1)),IF(INT(TEXT($O$3,"yyyy.mmdd")-TEXT(TEXT(LEFT(C9,6),"2000-00-00"),"yyyy.mmdd"))>=65,"65세이상",+TRUNC(AH9*요율!$C$9%,-1)))),+TRUNC(AH9*요율!$C$9%,-1))) -> 32400 | BA10: =BA9 -> 조경공 | BB10: 2 | BD10: =B9 -> 하해군 | BG10: =SUM(BM9:CB10) -> 24300 | BM10: =ROUNDDOWN(IF($AG9*O10>요율!$E$3,($AG9*O10-요율!$E$3)*요율!$C$3%*요율!$D$3%,0),-1) -> 1350 | BN10: =ROUNDDOWN(IF($AG9*P10>요율!$E$3,($AG9*P10-요율!$E$3)*요율!$C$3%*요율!$D$3%,0),-1) -> 1350 | BO10: =ROUNDDOWN(IF($AG9*Q10>요율!$E$3,($AG9*Q10-요율!$E$3)*요율!$C$3%*요율!$D$3%,0),-1) -> 1350 | BP10: =ROUNDDOWN(IF($AG9*R10>요율!$E$3,($AG9*R10-요율!$E$3)*요율!$C$3%*요율!$D$3%,0),-1) -> 0 | BQ10: =ROUNDDOWN(IF($AG9*S10>요율!$E$3,($AG9*S10-요율!$E$3)*요율!$C$3%*요율!$D$3%,0),-1) -> 1350 | BR10: =ROUNDDOWN(IF($AG9*T10>요율!$E$3,($AG9*T10-요율!$E$3)*요율!$C$3%*요율!$D$3%,0),-1) -> 1350 | BS10: =ROUNDDOWN(IF($AG9*U10>요율!$E$3,($AG9*U10-요율!$E$3)*요율!$C$3%*요율!$D$3%,0),-1) -> 1350 | BT10: =ROUNDDOWN(IF($AG9*V10>요율!$E$3,($AG9*V10-요율!$E$3)*요율!$C$3%*요율!$D$3%,0),-1) -> 1350 | ... CB10: =ROUNDDOWN(IF($AG9*AD10>요율!$E$3,($AG9*AD10-요율!$E$3)*요율!$C$3%*요율!$D$3%,0),-1) -> 0
A11: =A9+1 -> 3 | B11: 유수진 | C11: =IF(ISERROR(VLOOKUP(B11,주소록!$A$3:$K$523,5,0)),"",VLOOKUP(B11,주소록!$A$3:$K$523,3,0)) -> 701126-1241813 | G11: =IF(ISERROR(VLOOKUP(B11,주소록!$A$3:$K$523,6,0)),"",VLOOKUP(B11,주소록!$A$3:$K$523,4,0)) -> 경기도 포천군 영북면 운천리 528 | T11: 1 | U11: 1 | V11: 1 | W11: 0.5 | X11: 1 | Y11: 1 | Z11: 1 | AA11: 1 | AB11: 1 | AC11: 1 | AE11: =COUNTIF(O11:AD12,">=0.5") -> 22 | AG11: 190000 | AH11: =AE12*AG11 -> 4085000 | AK11: =IF(BG12<1000, 0, BG12) -> 22680 | AN11: =IF(요율!$H$7="○",IF(AE11>=요율!$D$6,ROUNDDOWN(AH11*요율!$C$4%,-1),0),0) -> 146850 | AQ11: =BL11 -> 194030 | AT11: =SUM(AK11:AS12) -> 421870 | AW11: =AH11-AT11-AT12 -> 3663130 | AZ11: =B11 -> 유수진 | BA11: =IF(ISERROR(VLOOKUP($B11,주소록!$A$3:$K$523,3,0)),"",VLOOKUP($B11,주소록!$A$3:$K$523,2,0)) -> 조경공 | BB11: 1 | BC11: =A11 -> 3 | BD11: =IF(OR(MID(C11,8,1)<"3",AND(MID(C11,8,1)>="5",MID(C11,8,1)<="6")),TEXT(TEXT(LEFT(C11,6),"1900-00-00"),"yyyy년 m월 d일"),TEXT(TEXT(LEFT(C11,6),"2000-00-00"),"yyyy년 m월 d일")) -> 1970년 11월 26일 | BG11: =IFERROR(INT( ( TEXT($O$3,"yyyy.mmdd") - TEXT(BD11,"yyyy.mmdd") ) ),0) -> 55 | BJ11: =IF(BG11>59,"60세이상",IF(OR(AE11<요율!$D$6,AH11=0),0,IF(AH11<요율!$C$7,요율!$D$7,IF(AH11>요율!$C$8,요율!$D$8,+TRUNC(AH11*요율!$C$6%,-1))))) -> 194030 | BK11: =IF(BG11>59,"60세이상",IF(OR(AH11<2200000,AH11=0),0,IF(AH11<요율!$C$7,요율!$D$7,IF(AH11>요율!$C$8,요율!$D$8,+TRUNC(AH11*요율!$C$6%,-1))))) -> 194030 | BL11: =IF(BK11>0,BK11,BJ11) -> 194030 | BM11: =ROUNDDOWN(IF($AG11*O11>요율!$E$3,($AG11*O11-요율!$E$3)*요율!$C$3%*요율!$D$3%,0),-1) -> 0 | BN11: =ROUNDDOWN(IF($AG11*P11>요율!$E$3,($AG11*P11-요율!$E$3)*요율!$C$3%*요율!$D$3%,0),-1) -> 0 | BO11: =ROUNDDOWN(IF($AG11*Q11>요율!$E$3,($AG11*Q11-요율!$E$3)*요율!$C$3%*요율!$D$3%,0),-1) -> 0 | BP11: =ROUNDDOWN(IF($AG11*R11>요율!$E$3,($AG11*R11-요율!$E$3)*요율!$C$3%*요율!$D$3%,0),-1) -> 0 | BQ11: =ROUNDDOWN(IF($AG11*S11>요율!$E$3,($AG11*S11-요율!$E$3)*요율!$C$3%*요율!$D$3%,0),-1) -> 0 | BR11: =ROUNDDOWN(IF($AG11*T11>요율!$E$3,($AG11*T11-요율!$E$3)*요율!$C$3%*요율!$D$3%,0),-1) -> 1080 | BS11: =ROUNDDOWN(IF($AG11*U11>요율!$E$3,($AG11*U11-요율!$E$3)*요율!$C$3%*요율!$D$3%,0),-1) -> 1080 | BT11: =ROUNDDOWN(IF($AG11*V11>요율!$E$3,($AG11*V11-요율!$E$3)*요율!$C$3%*요율!$D$3%,0),-1) -> 1080 | ... CB11: =ROUNDDOWN(IF($AG11*AD11>요율!$E$3,($AG11*AD11-요율!$E$3)*요율!$C$3%*요율!$D$3%,0),-1) -> 0 | CD11: =IFERROR(VLOOKUP(B11,주소록,9,FALSE),"") -> 유수진
B12: =BA11 -> 조경공 | C12: =IF(ISERROR(VLOOKUP(B11,주소록!$A$3:$K$523,7,0)),"",VLOOKUP(B11,주소록!$A$3:$K$523,5,0)) -> 010-3124-2716 | G12: =IF(ISERROR(VLOOKUP(B11,주소록!$A$3:$K$523,9,0)),"",VLOOKUP(B11,주소록!$A$3:$K$523,7,0)) -> 국민은행 | J12: =IF(ISERROR(VLOOKUP(B11,주소록!$A$3:$K$523,10,0)),"",VLOOKUP(B11,주소록!$A$3:$K$523,8,0)) -> 352601-01-213053 | O12: 1 | P12: 1 | Q12: 1 | S12: 1 | T12: 1 | U12: 1 | V12: 1 | W12: 1 | X12: 1 | Z12: 1 | AB12: 1 | AC12: 1 | AE12: =SUM(O11:AD12) -> 21.5 | AK12: =IF(C11=0,"",IF(MID(C11,7,1)="5","",IF(MID(C11,7,1)="6","",ROUNDDOWN((AK11*10%),-1)))) -> 2260 | AN12: =ROUNDDOWN(AN11*요율!$F$5,-1) -> 19290 | AQ12: =IF(OR(AND(요율!$H$8="X",요율!$H$9="X",MID(C11,8,1)>="5"),AND(요율!$H$8="○",요율!$H$9="X",MID(C11,8,1)>="5")),"외국인",IF(요율!$H$8="X",IF(C11="",0,IF(OR(MID(C11,8,1)<"3",AND(MID(C11,8,1)>="5",MID(C11,8,1)<="6")),IF(INT(TEXT($O$3,"yyyy.mmdd")-TEXT(TEXT(LEFT(C11,6),"1900-00-00"),"yyyy.mmdd"))>=65,"65세이상",+TRUNC(AH11*요율!$C$9%,-1)),IF(INT(TEXT($O$3,"yyyy.mmdd")-TEXT(TEXT(LEFT(C11,6),"2000-00-00"),"yyyy.mmdd"))>=65,"65세이상",+TRUNC(AH11*요율!$C$9%,-1)))),+TRUNC(AH11*요율!$C$9%,-1))) -> 36760 | BA12: =BA11 -> 조경공 | BB12: 2 | BD12: =B11 -> 유수진 | BG12: =SUM(BM11:CB12) -> 22680 | BM12: =ROUNDDOWN(IF($AG11*O12>요율!$E$3,($AG11*O12-요율!$E$3)*요율!$C$3%*요율!$D$3%,0),-1) -> 1080 | BN12: =ROUNDDOWN(IF($AG11*P12>요율!$E$3,($AG11*P12-요율!$E$3)*요율!$C$3%*요율!$D$3%,0),-1) -> 1080 | BO12: =ROUNDDOWN(IF($AG11*Q12>요율!$E$3,($AG11*Q12-요율!$E$3)*요율!$C$3%*요율!$D$3%,0),-1) -> 1080 | BP12: =ROUNDDOWN(IF($AG11*R12>요율!$E$3,($AG11*R12-요율!$E$3)*요율!$C$3%*요율!$D$3%,0),-1) -> 0 | BQ12: =ROUNDDOWN(IF($AG11*S12>요율!$E$3,($AG11*S12-요율!$E$3)*요율!$C$3%*요율!$D$3%,0),-1) -> 1080 | BR12: =ROUNDDOWN(IF($AG11*T12>요율!$E$3,($AG11*T12-요율!$E$3)*요율!$C$3%*요율!$D$3%,0),-1) -> 1080 | BS12: =ROUNDDOWN(IF($AG11*U12>요율!$E$3,($AG11*U12-요율!$E$3)*요율!$C$3%*요율!$D$3%,0),-1) -> 1080 | BT12: =ROUNDDOWN(IF($AG11*V12>요율!$E$3,($AG11*V12-요율!$E$3)*요율!$C$3%*요율!$D$3%,0),-1) -> 1080 | ... CB12: =ROUNDDOWN(IF($AG11*AD12>요율!$E$3,($AG11*AD12-요율!$E$3)*요율!$C$3%*요율!$D$3%,0),-1) -> 0
A13: =A11+1 -> 4 | B13: 김방수 | C13: =IF(ISERROR(VLOOKUP(B13,주소록!$A$3:$K$523,5,0)),"",VLOOKUP(B13,주소록!$A$3:$K$523,3,0)) -> 650604-1622312 | G13: =IF(ISERROR(VLOOKUP(B13,주소록!$A$3:$K$523,6,0)),"",VLOOKUP(B13,주소록!$A$3:$K$523,4,0)) -> 경기도 남양주시 경춘로859번길26, B동 204호(금곡동,동익빌라) | T13: 1 | U13: 1 | V13: 1 | W13: 0.5 | X13: 1 | Y13: 1 | Z13: 1 | AA13: 1 | AB13: 1 | AC13: 1 | AE13: =COUNTIF(O13:AD14,">=0.5") -> 22 | AG13: 190000 | AH13: =AE14*AG13 -> 4085000 | AK13: =IF(BG14<1000, 0, BG14) -> 22680 | AN13: =IF(요율!$H$7="○",IF(AE13>=요율!$D$6,ROUNDDOWN(AH13*요율!$C$4%,-1),0),0) -> 146850 | AQ13: =BL13 -> 60세이상 | AT13: =SUM(AK13:AS14) -> 227840 | AW13: =AH13-AT13-AT14 -> 3857160 | AZ13: =B13 -> 김방수 | BA13: =IF(ISERROR(VLOOKUP($B13,주소록!$A$3:$K$523,3,0)),"",VLOOKUP($B13,주소록!$A$3:$K$523,2,0)) -> 조경공 | BB13: 1 | BC13: =A13 -> 4 | BD13: =IF(OR(MID(C13,8,1)<"3",AND(MID(C13,8,1)>="5",MID(C13,8,1)<="6")),TEXT(TEXT(LEFT(C13,6),"1900-00-00"),"yyyy년 m월 d일"),TEXT(TEXT(LEFT(C13,6),"2000-00-00"),"yyyy년 m월 d일")) -> 1965년 6월 4일 | BG13: =IFERROR(INT( ( TEXT($O$3,"yyyy.mmdd") - TEXT(BD13,"yyyy.mmdd") ) ),0) -> 60 | BJ13: =IF(BG13>59,"60세이상",IF(OR(AE13<요율!$D$6,AH13=0),0,IF(AH13<요율!$C$7,요율!$D$7,IF(AH13>요율!$C$8,요율!$D$8,+TRUNC(AH13*요율!$C$6%,-1))))) -> 60세이상 | BK13: =IF(BG13>59,"60세이상",IF(OR(AH13<2200000,AH13=0),0,IF(AH13<요율!$C$7,요율!$D$7,IF(AH13>요율!$C$8,요율!$D$8,+TRUNC(AH13*요율!$C$6%,-1))))) -> 60세이상 | BL13: =IF(BK13>0,BK13,BJ13) -> 60세이상 | BM13: =ROUNDDOWN(IF($AG13*O13>요율!$E$3,($AG13*O13-요율!$E$3)*요율!$C$3%*요율!$D$3%,0),-1) -> 0 | BN13: =ROUNDDOWN(IF($AG13*P13>요율!$E$3,($AG13*P13-요율!$E$3)*요율!$C$3%*요율!$D$3%,0),-1) -> 0 | BO13: =ROUNDDOWN(IF($AG13*Q13>요율!$E$3,($AG13*Q13-요율!$E$3)*요율!$C$3%*요율!$D$3%,0),-1) -> 0 | BP13: =ROUNDDOWN(IF($AG13*R13>요율!$E$3,($AG13*R13-요율!$E$3)*요율!$C$3%*요율!$D$3%,0),-1) -> 0 | BQ13: =ROUNDDOWN(IF($AG13*S13>요율!$E$3,($AG13*S13-요율!$E$3)*요율!$C$3%*요율!$D$3%,0),-1) -> 0 | BR13: =ROUNDDOWN(IF($AG13*T13>요율!$E$3,($AG13*T13-요율!$E$3)*요율!$C$3%*요율!$D$3%,0),-1) -> 1080 | BS13: =ROUNDDOWN(IF($AG13*U13>요율!$E$3,($AG13*U13-요율!$E$3)*요율!$C$3%*요율!$D$3%,0),-1) -> 1080 | BT13: =ROUNDDOWN(IF($AG13*V13>요율!$E$3,($AG13*V13-요율!$E$3)*요율!$C$3%*요율!$D$3%,0),-1) -> 1080 | ... CB13: =ROUNDDOWN(IF($AG13*AD13>요율!$E$3,($AG13*AD13-요율!$E$3)*요율!$C$3%*요율!$D$3%,0),-1) -> 0 | CD13: =IFERROR(VLOOKUP(B13,주소록,9,FALSE),"") -> 김방수
B14: =BA13 -> 조경공 | C14: =IF(ISERROR(VLOOKUP(B13,주소록!$A$3:$K$523,7,0)),"",VLOOKUP(B13,주소록!$A$3:$K$523,5,0)) -> 010-9342-8092 | G14: =IF(ISERROR(VLOOKUP(B13,주소록!$A$3:$K$523,9,0)),"",VLOOKUP(B13,주소록!$A$3:$K$523,7,0)) -> 농협중앙회 | J14: =IF(ISERROR(VLOOKUP(B13,주소록!$A$3:$K$523,10,0)),"",VLOOKUP(B13,주소록!$A$3:$K$523,8,0)) -> 204074-51-050436 | O14: 1 | P14: 1 | Q14: 1 | S14: 1 | T14: 1 | U14: 1 | V14: 1 | W14: 1 | X14: 1 | Z14: 1 | AB14: 1 | AC14: 1 | AE14: =SUM(O13:AD14) -> 21.5 | AK14: =IF(C13=0,"",IF(MID(C13,7,1)="5","",IF(MID(C13,7,1)="6","",ROUNDDOWN((AK13*10%),-1)))) -> 2260 | AN14: =ROUNDDOWN(AN13*요율!$F$5,-1) -> 19290 | AQ14: =IF(OR(AND(요율!$H$8="X",요율!$H$9="X",MID(C13,8,1)>="5"),AND(요율!$H$8="○",요율!$H$9="X",MID(C13,8,1)>="5")),"외국인",IF(요율!$H$8="X",IF(C13="",0,IF(OR(MID(C13,8,1)<"3",AND(MID(C13,8,1)>="5",MID(C13,8,1)<="6")),IF(INT(TEXT($O$3,"yyyy.mmdd")-TEXT(TEXT(LEFT(C13,6),"1900-00-00"),"yyyy.mmdd"))>=65,"65세이상",+TRUNC(AH13*요율!$C$9%,-1)),IF(INT(TEXT($O$3,"yyyy.mmdd")-TEXT(TEXT(LEFT(C13,6),"2000-00-00"),"yyyy.mmdd"))>=65,"65세이상",+TRUNC(AH13*요율!$C$9%,-1)))),+TRUNC(AH13*요율!$C$9%,-1))) -> 36760 | BA14: =BA13 -> 조경공 | BB14: 2 | BD14: =B13 -> 김방수 | BG14: =SUM(BM13:CB14) -> 22680 | BM14: =ROUNDDOWN(IF($AG13*O14>요율!$E$3,($AG13*O14-요율!$E$3)*요율!$C$3%*요율!$D$3%,0),-1) -> 1080 | BN14: =ROUNDDOWN(IF($AG13*P14>요율!$E$3,($AG13*P14-요율!$E$3)*요율!$C$3%*요율!$D$3%,0),-1) -> 1080 | BO14: =ROUNDDOWN(IF($AG13*Q14>요율!$E$3,($AG13*Q14-요율!$E$3)*요율!$C$3%*요율!$D$3%,0),-1) -> 1080 | BP14: =ROUNDDOWN(IF($AG13*R14>요율!$E$3,($AG13*R14-요율!$E$3)*요율!$C$3%*요율!$D$3%,0),-1) -> 0 | BQ14: =ROUNDDOWN(IF($AG13*S14>요율!$E$3,($AG13*S14-요율!$E$3)*요율!$C$3%*요율!$D$3%,0),-1) -> 1080 | BR14: =ROUNDDOWN(IF($AG13*T14>요율!$E$3,($AG13*T14-요율!$E$3)*요율!$C$3%*요율!$D$3%,0),-1) -> 1080 | BS14: =ROUNDDOWN(IF($AG13*U14>요율!$E$3,($AG13*U14-요율!$E$3)*요율!$C$3%*요율!$D$3%,0),-1) -> 1080 | BT14: =ROUNDDOWN(IF($AG13*V14>요율!$E$3,($AG13*V14-요율!$E$3)*요율!$C$3%*요율!$D$3%,0),-1) -> 1080 | ... CB14: =ROUNDDOWN(IF($AG13*AD14>요율!$E$3,($AG13*AD14-요율!$E$3)*요율!$C$3%*요율!$D$3%,0),-1) -> 0
A15: =A13+1 -> 5 | B15: 류시현 | C15: =IF(ISERROR(VLOOKUP(B15,주소록!$A$3:$K$523,5,0)),"",VLOOKUP(B15,주소록!$A$3:$K$523,3,0)) -> 610927-1784016 | G15: =IF(ISERROR(VLOOKUP(B15,주소록!$A$3:$K$523,6,0)),"",VLOOKUP(B15,주소록!$A$3:$K$523,4,0)) -> 서울특별시 은평구 갈현로29길 53, 지층 B01호 | T15: 1 | U15: 1 | V15: 1 | W15: 0.5 | X15: 1 | Y15: 1 | Z15: 1 | AA15: 1 | AB15: 1 | AC15: 1 | AE15: =COUNTIF(O15:AD16,">=0.5") -> 22 | AG15: 210000 | AH15: =AE16*AG15 -> 4515000 | AK15: =IF(BG16<1000, 0, BG16) -> 34020 | AN15: =IF(요율!$H$7="○",IF(AE15>=요율!$D$6,ROUNDDOWN(AH15*요율!$C$4%,-1),0),0) -> 162310 | AQ15: =BL15 -> 60세이상 | AT15: =SUM(AK15:AS16) -> 261680 | AW15: =AH15-AT15-AT16 -> 4253320 | AZ15: =B15 -> 류시현 | BA15: =IF(ISERROR(VLOOKUP($B15,주소록!$A$3:$K$523,3,0)),"",VLOOKUP($B15,주소록!$A$3:$K$523,2,0)) -> 조경공 | BB15: 1 | BC15: =A15 -> 5 | BD15: =IF(OR(MID(C15,8,1)<"3",AND(MID(C15,8,1)>="5",MID(C15,8,1)<="6")),TEXT(TEXT(LEFT(C15,6),"1900-00-00"),"yyyy년 m월 d일"),TEXT(TEXT(LEFT(C15,6),"2000-00-00"),"yyyy년 m월 d일")) -> 1961년 9월 27일 | BG15: =IFERROR(INT( ( TEXT($O$3,"yyyy.mmdd") - TEXT(BD15,"yyyy.mmdd") ) ),0) -> 64 | BJ15: =IF(BG15>59,"60세이상",IF(OR(AE15<요율!$D$6,AH15=0),0,IF(AH15<요율!$C$7,요율!$D$7,IF(AH15>요율!$C$8,요율!$D$8,+TRUNC(AH15*요율!$C$6%,-1))))) -> 60세이상 | BK15: =IF(BG15>59,"60세이상",IF(OR(AH15<2200000,AH15=0),0,IF(AH15<요율!$C$7,요율!$D$7,IF(AH15>요율!$C$8,요율!$D$8,+TRUNC(AH15*요율!$C$6%,-1))))) -> 60세이상 | BL15: =IF(BK15>0,BK15,BJ15) -> 60세이상 | BM15: =ROUNDDOWN(IF($AG15*O15>요율!$E$3,($AG15*O15-요율!$E$3)*요율!$C$3%*요율!$D$3%,0),-1) -> 0 | BN15: =ROUNDDOWN(IF($AG15*P15>요율!$E$3,($AG15*P15-요율!$E$3)*요율!$C$3%*요율!$D$3%,0),-1) -> 0 | BO15: =ROUNDDOWN(IF($AG15*Q15>요율!$E$3,($AG15*Q15-요율!$E$3)*요율!$C$3%*요율!$D$3%,0),-1) -> 0 | BP15: =ROUNDDOWN(IF($AG15*R15>요율!$E$3,($AG15*R15-요율!$E$3)*요율!$C$3%*요율!$D$3%,0),-1) -> 0 | BQ15: =ROUNDDOWN(IF($AG15*S15>요율!$E$3,($AG15*S15-요율!$E$3)*요율!$C$3%*요율!$D$3%,0),-1) -> 0 | BR15: =ROUNDDOWN(IF($AG15*T15>요율!$E$3,($AG15*T15-요율!$E$3)*요율!$C$3%*요율!$D$3%,0),-1) -> 1620 | BS15: =ROUNDDOWN(IF($AG15*U15>요율!$E$3,($AG15*U15-요율!$E$3)*요율!$C$3%*요율!$D$3%,0),-1) -> 1620 | BT15: =ROUNDDOWN(IF($AG15*V15>요율!$E$3,($AG15*V15-요율!$E$3)*요율!$C$3%*요율!$D$3%,0),-1) -> 1620 | ... CB15: =ROUNDDOWN(IF($AG15*AD15>요율!$E$3,($AG15*AD15-요율!$E$3)*요율!$C$3%*요율!$D$3%,0),-1) -> 0 | CD15: =IFERROR(VLOOKUP(B15,주소록,9,FALSE),"") -> 류시현
B16: =BA15 -> 조경공 | C16: =IF(ISERROR(VLOOKUP(B15,주소록!$A$3:$K$523,7,0)),"",VLOOKUP(B15,주소록!$A$3:$K$523,5,0)) -> 010-7609-0150 | G16: =IF(ISERROR(VLOOKUP(B15,주소록!$A$3:$K$523,9,0)),"",VLOOKUP(B15,주소록!$A$3:$K$523,7,0)) -> 제일은행 | J16: =IF(ISERROR(VLOOKUP(B15,주소록!$A$3:$K$523,10,0)),"",VLOOKUP(B15,주소록!$A$3:$K$523,8,0)) -> 580-20-374487 | O16: 1 | P16: 1 | Q16: 1 | S16: 1 | T16: 1 | U16: 1 | V16: 1 | W16: 1 | X16: 1 | Z16: 1 | AB16: 1 | AC16: 1 | AE16: =SUM(O15:AD16) -> 21.5 | AK16: =IF(C15=0,"",IF(MID(C15,7,1)="5","",IF(MID(C15,7,1)="6","",ROUNDDOWN((AK15*10%),-1)))) -> 3400 | AN16: =ROUNDDOWN(AN15*요율!$F$5,-1) -> 21320 | AQ16: =IF(OR(AND(요율!$H$8="X",요율!$H$9="X",MID(C15,8,1)>="5"),AND(요율!$H$8="○",요율!$H$9="X",MID(C15,8,1)>="5")),"외국인",IF(요율!$H$8="X",IF(C15="",0,IF(OR(MID(C15,8,1)<"3",AND(MID(C15,8,1)>="5",MID(C15,8,1)<="6")),IF(INT(TEXT($O$3,"yyyy.mmdd")-TEXT(TEXT(LEFT(C15,6),"1900-00-00"),"yyyy.mmdd"))>=65,"65세이상",+TRUNC(AH15*요율!$C$9%,-1)),IF(INT(TEXT($O$3,"yyyy.mmdd")-TEXT(TEXT(LEFT(C15,6),"2000-00-00"),"yyyy.mmdd"))>=65,"65세이상",+TRUNC(AH15*요율!$C$9%,-1)))),+TRUNC(AH15*요율!$C$9%,-1))) -> 40630 | BA16: =BA15 -> 조경공 | BB16: 2 | BD16: =B15 -> 류시현 | BG16: =SUM(BM15:CB16) -> 34020 | BM16: =ROUNDDOWN(IF($AG15*O16>요율!$E$3,($AG15*O16-요율!$E$3)*요율!$C$3%*요율!$D$3%,0),-1) -> 1620 | BN16: =ROUNDDOWN(IF($AG15*P16>요율!$E$3,($AG15*P16-요율!$E$3)*요율!$C$3%*요율!$D$3%,0),-1) -> 1620 | BO16: =ROUNDDOWN(IF($AG15*Q16>요율!$E$3,($AG15*Q16-요율!$E$3)*요율!$C$3%*요율!$D$3%,0),-1) -> 1620 | BP16: =ROUNDDOWN(IF($AG15*R16>요율!$E$3,($AG15*R16-요율!$E$3)*요율!$C$3%*요율!$D$3%,0),-1) -> 0 | BQ16: =ROUNDDOWN(IF($AG15*S16>요율!$E$3,($AG15*S16-요율!$E$3)*요율!$C$3%*요율!$D$3%,0),-1) -> 1620 | BR16: =ROUNDDOWN(IF($AG15*T16>요율!$E$3,($AG15*T16-요율!$E$3)*요율!$C$3%*요율!$D$3%,0),-1) -> 1620 | BS16: =ROUNDDOWN(IF($AG15*U16>요율!$E$3,($AG15*U16-요율!$E$3)*요율!$C$3%*요율!$D$3%,0),-1) -> 1620 | BT16: =ROUNDDOWN(IF($AG15*V16>요율!$E$3,($AG15*V16-요율!$E$3)*요율!$C$3%*요율!$D$3%,0),-1) -> 1620 | ... CB16: =ROUNDDOWN(IF($AG15*AD16>요율!$E$3,($AG15*AD16-요율!$E$3)*요율!$C$3%*요율!$D$3%,0),-1) -> 0
A17: =A15+1 -> 6 | B17: 박찬구 | C17: =IF(ISERROR(VLOOKUP(B17,주소록!$A$3:$K$523,5,0)),"",VLOOKUP(B17,주소록!$A$3:$K$523,3,0)) -> 570411-1640313 | G17: =IF(ISERROR(VLOOKUP(B17,주소록!$A$3:$K$523,6,0)),"",VLOOKUP(B17,주소록!$A$3:$K$523,4,0)) -> 경기도 김포시 하성면 전류리 67-9 | AC17: 1 | AE17: =COUNTIF(O17:AD18,">=0.5") -> 2 | AG17: 210000 | AH17: =AE18*AG17 -> 420000 | AK17: =IF(BG18<1000, 0, BG18) -> 3240 | AN17: =IF(요율!$H$7="○",IF(AE17>=요율!$D$6,ROUNDDOWN(AH17*요율!$C$4%,-1),0),0) -> 0 | AQ17: =BL17 -> 60세이상 | AT17: =SUM(AK17:AS18) -> 3560 | AW17: =AH17-AT17-AT18 -> 416440 | AZ17: =B17 -> 박찬구 | BA17: =IF(ISERROR(VLOOKUP($B17,주소록!$A$3:$K$523,3,0)),"",VLOOKUP($B17,주소록!$A$3:$K$523,2,0)) -> 조경공 | BB17: 1 | BC17: =A17 -> 6 | BD17: =IF(OR(MID(C17,8,1)<"3",AND(MID(C17,8,1)>="5",MID(C17,8,1)<="6")),TEXT(TEXT(LEFT(C17,6),"1900-00-00"),"yyyy년 m월 d일"),TEXT(TEXT(LEFT(C17,6),"2000-00-00"),"yyyy년 m월 d일")) -> 1957년 4월 11일 | BG17: =IFERROR(INT( ( TEXT($O$3,"yyyy.mmdd") - TEXT(BD17,"yyyy.mmdd") ) ),0) -> 68 | BJ17: =IF(BG17>59,"60세이상",IF(OR(AE17<요율!$D$6,AH17=0),0,IF(AH17<요율!$C$7,요율!$D$7,IF(AH17>요율!$C$8,요율!$D$8,+TRUNC(AH17*요율!$C$6%,-1))))) -> 60세이상 | BK17: =IF(BG17>59,"60세이상",IF(OR(AH17<2200000,AH17=0),0,IF(AH17<요율!$C$7,요율!$D$7,IF(AH17>요율!$C$8,요율!$D$8,+TRUNC(AH17*요율!$C$6%,-1))))) -> 60세이상 | BL17: =IF(BK17>0,BK17,BJ17) -> 60세이상 | BM17: =ROUNDDOWN(IF($AG17*O17>요율!$E$3,($AG17*O17-요율!$E$3)*요율!$C$3%*요율!$D$3%,0),-1) -> 0 | BN17: =ROUNDDOWN(IF($AG17*P17>요율!$E$3,($AG17*P17-요율!$E$3)*요율!$C$3%*요율!$D$3%,0),-1) -> 0 | BO17: =ROUNDDOWN(IF($AG17*Q17>요율!$E$3,($AG17*Q17-요율!$E$3)*요율!$C$3%*요율!$D$3%,0),-1) -> 0 | BP17: =ROUNDDOWN(IF($AG17*R17>요율!$E$3,($AG17*R17-요율!$E$3)*요율!$C$3%*요율!$D$3%,0),-1) -> 0 | BQ17: =ROUNDDOWN(IF($AG17*S17>요율!$E$3,($AG17*S17-요율!$E$3)*요율!$C$3%*요율!$D$3%,0),-1) -> 0 | BR17: =ROUNDDOWN(IF($AG17*T17>요율!$E$3,($AG17*T17-요율!$E$3)*요율!$C$3%*요율!$D$3%,0),-1) -> 0 | BS17: =ROUNDDOWN(IF($AG17*U17>요율!$E$3,($AG17*U17-요율!$E$3)*요율!$C$3%*요율!$D$3%,0),-1) -> 0 | BT17: =ROUNDDOWN(IF($AG17*V17>요율!$E$3,($AG17*V17-요율!$E$3)*요율!$C$3%*요율!$D$3%,0),-1) -> 0 | ... CB17: =ROUNDDOWN(IF($AG17*AD17>요율!$E$3,($AG17*AD17-요율!$E$3)*요율!$C$3%*요율!$D$3%,0),-1) -> 0 | CD17: =IFERROR(VLOOKUP(B17,주소록,9,FALSE),"") -> 박찬구
B18: =BA17 -> 조경공 | C18: =IF(ISERROR(VLOOKUP(B17,주소록!$A$3:$K$523,7,0)),"",VLOOKUP(B17,주소록!$A$3:$K$523,5,0)) -> 010-9313-6807 | G18: =IF(ISERROR(VLOOKUP(B17,주소록!$A$3:$K$523,9,0)),"",VLOOKUP(B17,주소록!$A$3:$K$523,7,0)) -> 농협중앙회 | J18: =IF(ISERROR(VLOOKUP(B17,주소록!$A$3:$K$523,10,0)),"",VLOOKUP(B17,주소록!$A$3:$K$523,8,0)) -> 351-0499-5374-13 | O18: 1 | AE18: =SUM(O17:AD18) -> 2 | AK18: =IF(C17=0,"",IF(MID(C17,7,1)="5","",IF(MID(C17,7,1)="6","",ROUNDDOWN((AK17*10%),-1)))) -> 320 | AN18: =ROUNDDOWN(AN17*요율!$F$5,-1) -> 0 | AQ18: =IF(OR(AND(요율!$H$8="X",요율!$H$9="X",MID(C17,8,1)>="5"),AND(요율!$H$8="○",요율!$H$9="X",MID(C17,8,1)>="5")),"외국인",IF(요율!$H$8="X",IF(C17="",0,IF(OR(MID(C17,8,1)<"3",AND(MID(C17,8,1)>="5",MID(C17,8,1)<="6")),IF(INT(TEXT($O$3,"yyyy.mmdd")-TEXT(TEXT(LEFT(C17,6),"1900-00-00"),"yyyy.mmdd"))>=65,"65세이상",+TRUNC(AH17*요율!$C$9%,-1)),IF(INT(TEXT($O$3,"yyyy.mmdd")-TEXT(TEXT(LEFT(C17,6),"2000-00-00"),"yyyy.mmdd"))>=65,"65세이상",+TRUNC(AH17*요율!$C$9%,-1)))),+TRUNC(AH17*요율!$C$9%,-1))) -> 65세이상 | BA18: =BA17 -> 조경공 | BB18: 2 | BD18: =B17 -> 박찬구 | BG18: =SUM(BM17:CB18) -> 3240 | BM18: =ROUNDDOWN(IF($AG17*O18>요율!$E$3,($AG17*O18-요율!$E$3)*요율!$C$3%*요율!$D$3%,0),-1) -> 1620 | BN18: =ROUNDDOWN(IF($AG17*P18>요율!$E$3,($AG17*P18-요율!$E$3)*요율!$C$3%*요율!$D$3%,0),-1) -> 0 | BO18: =ROUNDDOWN(IF($AG17*Q18>요율!$E$3,($AG17*Q18-요율!$E$3)*요율!$C$3%*요율!$D$3%,0),-1) -> 0 | BP18: =ROUNDDOWN(IF($AG17*R18>요율!$E$3,($AG17*R18-요율!$E$3)*요율!$C$3%*요율!$D$3%,0),-1) -> 0 | BQ18: =ROUNDDOWN(IF($AG17*S18>요율!$E$3,($AG17*S18-요율!$E$3)*요율!$C$3%*요율!$D$3%,0),-1) -> 0 | BR18: =ROUNDDOWN(IF($AG17*T18>요율!$E$3,($AG17*T18-요율!$E$3)*요율!$C$3%*요율!$D$3%,0),-1) -> 0 | BS18: =ROUNDDOWN(IF($AG17*U18>요율!$E$3,($AG17*U18-요율!$E$3)*요율!$C$3%*요율!$D$3%,0),-1) -> 0 | BT18: =ROUNDDOWN(IF($AG17*V18>요율!$E$3,($AG17*V18-요율!$E$3)*요율!$C$3%*요율!$D$3%,0),-1) -> 0 | ... CB18: =ROUNDDOWN(IF($AG17*AD18>요율!$E$3,($AG17*AD18-요율!$E$3)*요율!$C$3%*요율!$D$3%,0),-1) -> 0
A19: =A17+1 -> 7 | B19: 박찬식 | C19: =IF(ISERROR(VLOOKUP(B19,주소록!$A$3:$K$523,5,0)),"",VLOOKUP(B19,주소록!$A$3:$K$523,3,0)) -> 590407-1906717 | G19: =IF(ISERROR(VLOOKUP(B19,주소록!$A$3:$K$523,6,0)),"",VLOOKUP(B19,주소록!$A$3:$K$523,4,0)) -> 부산광역시 동구 작전동 768-26 | AE19: =COUNTIF(O19:AD20,">=0.5") -> 1 | AG19: 195000 | AH19: =AE20*AG19 -> 195000 | AK19: =IF(BG20<1000, 0, BG20) -> 1210 | AN19: =IF(요율!$H$7="○",IF(AE19>=요율!$D$6,ROUNDDOWN(AH19*요율!$C$4%,-1),0),0) -> 0 | AQ19: =BL19 -> 60세이상 | AT19: =SUM(AK19:AS20) -> 1330 | AW19: =AH19-AT19-AT20 -> 193670 | AZ19: =B19 -> 박찬식 | BA19: =IF(ISERROR(VLOOKUP($B19,주소록!$A$3:$K$523,3,0)),"",VLOOKUP($B19,주소록!$A$3:$K$523,2,0)) -> 조경공 | BB19: 1 | BC19: =A19 -> 7 | BD19: =IF(OR(MID(C19,8,1)<"3",AND(MID(C19,8,1)>="5",MID(C19,8,1)<="6")),TEXT(TEXT(LEFT(C19,6),"1900-00-00"),"yyyy년 m월 d일"),TEXT(TEXT(LEFT(C19,6),"2000-00-00"),"yyyy년 m월 d일")) -> 1959년 4월 7일 | BG19: =IFERROR(INT( ( TEXT($O$3,"yyyy.mmdd") - TEXT(BD19,"yyyy.mmdd") ) ),0) -> 66 | BJ19: =IF(BG19>59,"60세이상",IF(OR(AE19<요율!$D$6,AH19=0),0,IF(AH19<요율!$C$7,요율!$D$7,IF(AH19>요율!$C$8,요율!$D$8,+TRUNC(AH19*요율!$C$6%,-1))))) -> 60세이상 | BK19: =IF(BG19>59,"60세이상",IF(OR(AH19<2200000,AH19=0),0,IF(AH19<요율!$C$7,요율!$D$7,IF(AH19>요율!$C$8,요율!$D$8,+TRUNC(AH19*요율!$C$6%,-1))))) -> 60세이상 | BL19: =IF(BK19>0,BK19,BJ19) -> 60세이상 | BM19: =ROUNDDOWN(IF($AG19*O19>요율!$E$3,($AG19*O19-요율!$E$3)*요율!$C$3%*요율!$D$3%,0),-1) -> 0 | BN19: =ROUNDDOWN(IF($AG19*P19>요율!$E$3,($AG19*P19-요율!$E$3)*요율!$C$3%*요율!$D$3%,0),-1) -> 0 | BO19: =ROUNDDOWN(IF($AG19*Q19>요율!$E$3,($AG19*Q19-요율!$E$3)*요율!$C$3%*요율!$D$3%,0),-1) -> 0 | BP19: =ROUNDDOWN(IF($AG19*R19>요율!$E$3,($AG19*R19-요율!$E$3)*요율!$C$3%*요율!$D$3%,0),-1) -> 0 | BQ19: =ROUNDDOWN(IF($AG19*S19>요율!$E$3,($AG19*S19-요율!$E$3)*요율!$C$3%*요율!$D$3%,0),-1) -> 0 | BR19: =ROUNDDOWN(IF($AG19*T19>요율!$E$3,($AG19*T19-요율!$E$3)*요율!$C$3%*요율!$D$3%,0),-1) -> 0 | BS19: =ROUNDDOWN(IF($AG19*U19>요율!$E$3,($AG19*U19-요율!$E$3)*요율!$C$3%*요율!$D$3%,0),-1) -> 0 | BT19: =ROUNDDOWN(IF($AG19*V19>요율!$E$3,($AG19*V19-요율!$E$3)*요율!$C$3%*요율!$D$3%,0),-1) -> 0 | ... CB19: =ROUNDDOWN(IF($AG19*AD19>요율!$E$3,($AG19*AD19-요율!$E$3)*요율!$C$3%*요율!$D$3%,0),-1) -> 0 | CD19: =IFERROR(VLOOKUP(B19,주소록,9,FALSE),"") -> 박찬식
B20: =BA19 -> 조경공 | C20: =IF(ISERROR(VLOOKUP(B19,주소록!$A$3:$K$523,7,0)),"",VLOOKUP(B19,주소록!$A$3:$K$523,5,0)) -> 010-3837-5876 | G20: =IF(ISERROR(VLOOKUP(B19,주소록!$A$3:$K$523,9,0)),"",VLOOKUP(B19,주소록!$A$3:$K$523,7,0)) -> 농협중앙회 | J20: =IF(ISERROR(VLOOKUP(B19,주소록!$A$3:$K$523,10,0)),"",VLOOKUP(B19,주소록!$A$3:$K$523,8,0)) -> 211041-56-176755 | O20: 1 | AE20: =SUM(O19:AD20) -> 1 | AK20: =IF(C19=0,"",IF(MID(C19,7,1)="5","",IF(MID(C19,7,1)="6","",ROUNDDOWN((AK19*10%),-1)))) -> 120 | AN20: =ROUNDDOWN(AN19*요율!$F$5,-1) -> 0 | AQ20: =IF(OR(AND(요율!$H$8="X",요율!$H$9="X",MID(C19,8,1)>="5"),AND(요율!$H$8="○",요율!$H$9="X",MID(C19,8,1)>="5")),"외국인",IF(요율!$H$8="X",IF(C19="",0,IF(OR(MID(C19,8,1)<"3",AND(MID(C19,8,1)>="5",MID(C19,8,1)<="6")),IF(INT(TEXT($O$3,"yyyy.mmdd")-TEXT(TEXT(LEFT(C19,6),"1900-00-00"),"yyyy.mmdd"))>=65,"65세이상",+TRUNC(AH19*요율!$C$9%,-1)),IF(INT(TEXT($O$3,"yyyy.mmdd")-TEXT(TEXT(LEFT(C19,6),"2000-00-00"),"yyyy.mmdd"))>=65,"65세이상",+TRUNC(AH19*요율!$C$9%,-1)))),+TRUNC(AH19*요율!$C$9%,-1))) -> 65세이상 | BA20: =BA19 -> 조경공 | BB20: 2 | BD20: =B19 -> 박찬식 | BG20: =SUM(BM19:CB20) -> 1210 | BM20: =ROUNDDOWN(IF($AG19*O20>요율!$E$3,($AG19*O20-요율!$E$3)*요율!$C$3%*요율!$D$3%,0),-1) -> 1210 | BN20: =ROUNDDOWN(IF($AG19*P20>요율!$E$3,($AG19*P20-요율!$E$3)*요율!$C$3%*요율!$D$3%,0),-1) -> 0 | BO20: =ROUNDDOWN(IF($AG19*Q20>요율!$E$3,($AG19*Q20-요율!$E$3)*요율!$C$3%*요율!$D$3%,0),-1) -> 0 | BP20: =ROUNDDOWN(IF($AG19*R20>요율!$E$3,($AG19*R20-요율!$E$3)*요율!$C$3%*요율!$D$3%,0),-1) -> 0 | BQ20: =ROUNDDOWN(IF($AG19*S20>요율!$E$3,($AG19*S20-요율!$E$3)*요율!$C$3%*요율!$D$3%,0),-1) -> 0 | BR20: =ROUNDDOWN(IF($AG19*T20>요율!$E$3,($AG19*T20-요율!$E$3)*요율!$C$3%*요율!$D$3%,0),-1) -> 0 | BS20: =ROUNDDOWN(IF($AG19*U20>요율!$E$3,($AG19*U20-요율!$E$3)*요율!$C$3%*요율!$D$3%,0),-1) -> 0 | BT20: =ROUNDDOWN(IF($AG19*V20>요율!$E$3,($AG19*V20-요율!$E$3)*요율!$C$3%*요율!$D$3%,0),-1) -> 0 | ... CB20: =ROUNDDOWN(IF($AG19*AD20>요율!$E$3,($AG19*AD20-요율!$E$3)*요율!$C$3%*요율!$D$3%,0),-1) -> 0
A21: =A19+1 -> 8 | B21: 이찬석 | C21: =IF(ISERROR(VLOOKUP(B21,주소록!$A$3:$K$523,5,0)),"",VLOOKUP(B21,주소록!$A$3:$K$523,3,0)) -> 651110-1232814 | G21: =IF(ISERROR(VLOOKUP(B21,주소록!$A$3:$K$523,6,0)),"",VLOOKUP(B21,주소록!$A$3:$K$523,4,0)) -> 경기도 파주시 정담길 123 101동 602호 | AC21: 1 | AE21: =COUNTIF(O21:AD22,">=0.5") -> 2 | AG21: 195000 | AH21: =AE22*AG21 -> 390000 | AK21: =IF(BG22<1000, 0, BG22) -> 2420 | AN21: =IF(요율!$H$7="○",IF(AE21>=요율!$D$6,ROUNDDOWN(AH21*요율!$C$4%,-1),0),0) -> 0 | AQ21: =BL21 -> 60세이상 | AT21: =SUM(AK21:AS22) -> 6170 | AW21: =AH21-AT21-AT22 -> 383830 | AZ21: =B21 -> 이찬석 | BA21: =IF(ISERROR(VLOOKUP($B21,주소록!$A$3:$K$523,3,0)),"",VLOOKUP($B21,주소록!$A$3:$K$523,2,0)) -> 조경공 | BB21: 1 | BC21: =A21 -> 8 | BD21: =IF(OR(MID(C21,8,1)<"3",AND(MID(C21,8,1)>="5",MID(C21,8,1)<="6")),TEXT(TEXT(LEFT(C21,6),"1900-00-00"),"yyyy년 m월 d일"),TEXT(TEXT(LEFT(C21,6),"2000-00-00"),"yyyy년 m월 d일")) -> 1965년 11월 10일 | BG21: =IFERROR(INT( ( TEXT($O$3,"yyyy.mmdd") - TEXT(BD21,"yyyy.mmdd") ) ),0) -> 60 | BJ21: =IF(BG21>59,"60세이상",IF(OR(AE21<요율!$D$6,AH21=0),0,IF(AH21<요율!$C$7,요율!$D$7,IF(AH21>요율!$C$8,요율!$D$8,+TRUNC(AH21*요율!$C$6%,-1))))) -> 60세이상 | BK21: =IF(BG21>59,"60세이상",IF(OR(AH21<2200000,AH21=0),0,IF(AH21<요율!$C$7,요율!$D$7,IF(AH21>요율!$C$8,요율!$D$8,+TRUNC(AH21*요율!$C$6%,-1))))) -> 60세이상 | BL21: =IF(BK21>0,BK21,BJ21) -> 60세이상 | BM21: =ROUNDDOWN(IF($AG21*O21>요율!$E$3,($AG21*O21-요율!$E$3)*요율!$C$3%*요율!$D$3%,0),-1) -> 0 | BN21: =ROUNDDOWN(IF($AG21*P21>요율!$E$3,($AG21*P21-요율!$E$3)*요율!$C$3%*요율!$D$3%,0),-1) -> 0 | BO21: =ROUNDDOWN(IF($AG21*Q21>요율!$E$3,($AG21*Q21-요율!$E$3)*요율!$C$3%*요율!$D$3%,0),-1) -> 0 | BP21: =ROUNDDOWN(IF($AG21*R21>요율!$E$3,($AG21*R21-요율!$E$3)*요율!$C$3%*요율!$D$3%,0),-1) -> 0 | BQ21: =ROUNDDOWN(IF($AG21*S21>요율!$E$3,($AG21*S21-요율!$E$3)*요율!$C$3%*요율!$D$3%,0),-1) -> 0 | BR21: =ROUNDDOWN(IF($AG21*T21>요율!$E$3,($AG21*T21-요율!$E$3)*요율!$C$3%*요율!$D$3%,0),-1) -> 0 | BS21: =ROUNDDOWN(IF($AG21*U21>요율!$E$3,($AG21*U21-요율!$E$3)*요율!$C$3%*요율!$D$3%,0),-1) -> 0 | BT21: =ROUNDDOWN(IF($AG21*V21>요율!$E$3,($AG21*V21-요율!$E$3)*요율!$C$3%*요율!$D$3%,0),-1) -> 0 | ... CB21: =ROUNDDOWN(IF($AG21*AD21>요율!$E$3,($AG21*AD21-요율!$E$3)*요율!$C$3%*요율!$D$3%,0),-1) -> 0 | CD21: =IFERROR(VLOOKUP(B21,주소록,9,FALSE),"")
B22: =BA21 -> 조경공 | C22: =IF(ISERROR(VLOOKUP(B21,주소록!$A$3:$K$523,7,0)),"",VLOOKUP(B21,주소록!$A$3:$K$523,5,0)) -> 010-7671-5881 | G22: =IF(ISERROR(VLOOKUP(B21,주소록!$A$3:$K$523,9,0)),"",VLOOKUP(B21,주소록!$A$3:$K$523,7,0)) -> 농협중앙회 | J22: =IF(ISERROR(VLOOKUP(B21,주소록!$A$3:$K$523,10,0)),"",VLOOKUP(B21,주소록!$A$3:$K$523,8,0)) -> 352-1705-3514-03 | O22: 1 | AE22: =SUM(O21:AD22) -> 2 | AK22: =IF(C21=0,"",IF(MID(C21,7,1)="5","",IF(MID(C21,7,1)="6","",ROUNDDOWN((AK21*10%),-1)))) -> 240 | AN22: =ROUNDDOWN(AN21*요율!$F$5,-1) -> 0 | AQ22: =IF(OR(AND(요율!$H$8="X",요율!$H$9="X",MID(C21,8,1)>="5"),AND(요율!$H$8="○",요율!$H$9="X",MID(C21,8,1)>="5")),"외국인",IF(요율!$H$8="X",IF(C21="",0,IF(OR(MID(C21,8,1)<"3",AND(MID(C21,8,1)>="5",MID(C21,8,1)<="6")),IF(INT(TEXT($O$3,"yyyy.mmdd")-TEXT(TEXT(LEFT(C21,6),"1900-00-00"),"yyyy.mmdd"))>=65,"65세이상",+TRUNC(AH21*요율!$C$9%,-1)),IF(INT(TEXT($O$3,"yyyy.mmdd")-TEXT(TEXT(LEFT(C21,6),"2000-00-00"),"yyyy.mmdd"))>=65,"65세이상",+TRUNC(AH21*요율!$C$9%,-1)))),+TRUNC(AH21*요율!$C$9%,-1))) -> 3510 | BA22: =BA21 -> 조경공 | BB22: 2 | BD22: =B21 -> 이찬석 | BG22: =SUM(BM21:CB22) -> 2420 | BM22: =ROUNDDOWN(IF($AG21*O22>요율!$E$3,($AG21*O22-요율!$E$3)*요율!$C$3%*요율!$D$3%,0),-1) -> 1210 | BN22: =ROUNDDOWN(IF($AG21*P22>요율!$E$3,($AG21*P22-요율!$E$3)*요율!$C$3%*요율!$D$3%,0),-1) -> 0 | BO22: =ROUNDDOWN(IF($AG21*Q22>요율!$E$3,($AG21*Q22-요율!$E$3)*요율!$C$3%*요율!$D$3%,0),-1) -> 0 | BP22: =ROUNDDOWN(IF($AG21*R22>요율!$E$3,($AG21*R22-요율!$E$3)*요율!$C$3%*요율!$D$3%,0),-1) -> 0 | BQ22: =ROUNDDOWN(IF($AG21*S22>요율!$E$3,($AG21*S22-요율!$E$3)*요율!$C$3%*요율!$D$3%,0),-1) -> 0 | BR22: =ROUNDDOWN(IF($AG21*T22>요율!$E$3,($AG21*T22-요율!$E$3)*요율!$C$3%*요율!$D$3%,0),-1) -> 0 | BS22: =ROUNDDOWN(IF($AG21*U22>요율!$E$3,($AG21*U22-요율!$E$3)*요율!$C$3%*요율!$D$3%,0),-1) -> 0 | BT22: =ROUNDDOWN(IF($AG21*V22>요율!$E$3,($AG21*V22-요율!$E$3)*요율!$C$3%*요율!$D$3%,0),-1) -> 0 | ... CB22: =ROUNDDOWN(IF($AG21*AD22>요율!$E$3,($AG21*AD22-요율!$E$3)*요율!$C$3%*요율!$D$3%,0),-1) -> 0
A23: =A21+1 -> 9 | B23: 이기연 | C23: =IF(ISERROR(VLOOKUP(B23,주소록!$A$3:$K$523,5,0)),"",VLOOKUP(B23,주소록!$A$3:$K$523,3,0)) -> 590120-1244816 | G23: =IF(ISERROR(VLOOKUP(B23,주소록!$A$3:$K$523,6,0)),"",VLOOKUP(B23,주소록!$A$3:$K$523,4,0)) -> 경기도 파주시 하지석길 150-67 | AC23: 1 | AE23: =COUNTIF(O23:AD24,">=0.5") -> 2 | AG23: 180000 | AH23: =AE24*AG23 -> 360000 | AK23: =IF(BG24<1000, 0, BG24) -> 1620 | AN23: =IF(요율!$H$7="○",IF(AE23>=요율!$D$6,ROUNDDOWN(AH23*요율!$C$4%,-1),0),0) -> 0 | AQ23: =BL23 -> 60세이상 | AT23: =SUM(AK23:AS24) -> 1780 | AW23: =AH23-AT23-AT24 -> 358220 | AZ23: =B23 -> 이기연 | BA23: =IF(ISERROR(VLOOKUP($B23,주소록!$A$3:$K$523,3,0)),"",VLOOKUP($B23,주소록!$A$3:$K$523,2,0)) -> 조경공 | BB23: 1 | BC23: =A23 -> 9 | BD23: =IF(OR(MID(C23,8,1)<"3",AND(MID(C23,8,1)>="5",MID(C23,8,1)<="6")),TEXT(TEXT(LEFT(C23,6),"1900-00-00"),"yyyy년 m월 d일"),TEXT(TEXT(LEFT(C23,6),"2000-00-00"),"yyyy년 m월 d일")) -> 1959년 1월 20일 | BG23: =IFERROR(INT( ( TEXT($O$3,"yyyy.mmdd") - TEXT(BD23,"yyyy.mmdd") ) ),0) -> 67 | BJ23: =IF(BG23>59,"60세이상",IF(OR(AE23<요율!$D$6,AH23=0),0,IF(AH23<요율!$C$7,요율!$D$7,IF(AH23>요율!$C$8,요율!$D$8,+TRUNC(AH23*요율!$C$6%,-1))))) -> 60세이상 | BK23: =IF(BG23>59,"60세이상",IF(OR(AH23<2200000,AH23=0),0,IF(AH23<요율!$C$7,요율!$D$7,IF(AH23>요율!$C$8,요율!$D$8,+TRUNC(AH23*요율!$C$6%,-1))))) -> 60세이상 | BL23: =IF(BK23>0,BK23,BJ23) -> 60세이상 | BM23: =ROUNDDOWN(IF($AG23*O23>요율!$E$3,($AG23*O23-요율!$E$3)*요율!$C$3%*요율!$D$3%,0),-1) -> 0 | BN23: =ROUNDDOWN(IF($AG23*P23>요율!$E$3,($AG23*P23-요율!$E$3)*요율!$C$3%*요율!$D$3%,0),-1) -> 0 | BO23: =ROUNDDOWN(IF($AG23*Q23>요율!$E$3,($AG23*Q23-요율!$E$3)*요율!$C$3%*요율!$D$3%,0),-1) -> 0 | BP23: =ROUNDDOWN(IF($AG23*R23>요율!$E$3,($AG23*R23-요율!$E$3)*요율!$C$3%*요율!$D$3%,0),-1) -> 0 | BQ23: =ROUNDDOWN(IF($AG23*S23>요율!$E$3,($AG23*S23-요율!$E$3)*요율!$C$3%*요율!$D$3%,0),-1) -> 0 | BR23: =ROUNDDOWN(IF($AG23*T23>요율!$E$3,($AG23*T23-요율!$E$3)*요율!$C$3%*요율!$D$3%,0),-1) -> 0 | BS23: =ROUNDDOWN(IF($AG23*U23>요율!$E$3,($AG23*U23-요율!$E$3)*요율!$C$3%*요율!$D$3%,0),-1) -> 0 | BT23: =ROUNDDOWN(IF($AG23*V23>요율!$E$3,($AG23*V23-요율!$E$3)*요율!$C$3%*요율!$D$3%,0),-1) -> 0 | ... CB23: =ROUNDDOWN(IF($AG23*AD23>요율!$E$3,($AG23*AD23-요율!$E$3)*요율!$C$3%*요율!$D$3%,0),-1) -> 0 | CD23: =IFERROR(VLOOKUP(B23,주소록,9,FALSE),"")
B24: =BA23 -> 조경공 | C24: =IF(ISERROR(VLOOKUP(B23,주소록!$A$3:$K$523,7,0)),"",VLOOKUP(B23,주소록!$A$3:$K$523,5,0)) -> 010-9120-2168 | G24: =IF(ISERROR(VLOOKUP(B23,주소록!$A$3:$K$523,9,0)),"",VLOOKUP(B23,주소록!$A$3:$K$523,7,0)) -> 농협중앙회 | J24: =IF(ISERROR(VLOOKUP(B23,주소록!$A$3:$K$523,10,0)),"",VLOOKUP(B23,주소록!$A$3:$K$523,8,0)) -> 215120-52-005803 | O24: 1 | AE24: =SUM(O23:AD24) -> 2 | AK24: =IF(C23=0,"",IF(MID(C23,7,1)="5","",IF(MID(C23,7,1)="6","",ROUNDDOWN((AK23*10%),-1)))) -> 160 | AN24: =ROUNDDOWN(AN23*요율!$F$5,-1) -> 0 | AQ24: =IF(OR(AND(요율!$H$8="X",요율!$H$9="X",MID(C23,8,1)>="5"),AND(요율!$H$8="○",요율!$H$9="X",MID(C23,8,1)>="5")),"외국인",IF(요율!$H$8="X",IF(C23="",0,IF(OR(MID(C23,8,1)<"3",AND(MID(C23,8,1)>="5",MID(C23,8,1)<="6")),IF(INT(TEXT($O$3,"yyyy.mmdd")-TEXT(TEXT(LEFT(C23,6),"1900-00-00"),"yyyy.mmdd"))>=65,"65세이상",+TRUNC(AH23*요율!$C$9%,-1)),IF(INT(TEXT($O$3,"yyyy.mmdd")-TEXT(TEXT(LEFT(C23,6),"2000-00-00"),"yyyy.mmdd"))>=65,"65세이상",+TRUNC(AH23*요율!$C$9%,-1)))),+TRUNC(AH23*요율!$C$9%,-1))) -> 65세이상 | BA24: =BA23 -> 조경공 | BB24: 2 | BD24: =B23 -> 이기연 | BG24: =SUM(BM23:CB24) -> 1620 | BM24: =ROUNDDOWN(IF($AG23*O24>요율!$E$3,($AG23*O24-요율!$E$3)*요율!$C$3%*요율!$D$3%,0),-1) -> 810 | BN24: =ROUNDDOWN(IF($AG23*P24>요율!$E$3,($AG23*P24-요율!$E$3)*요율!$C$3%*요율!$D$3%,0),-1) -> 0 | BO24: =ROUNDDOWN(IF($AG23*Q24>요율!$E$3,($AG23*Q24-요율!$E$3)*요율!$C$3%*요율!$D$3%,0),-1) -> 0 | BP24: =ROUNDDOWN(IF($AG23*R24>요율!$E$3,($AG23*R24-요율!$E$3)*요율!$C$3%*요율!$D$3%,0),-1) -> 0 | BQ24: =ROUNDDOWN(IF($AG23*S24>요율!$E$3,($AG23*S24-요율!$E$3)*요율!$C$3%*요율!$D$3%,0),-1) -> 0 | BR24: =ROUNDDOWN(IF($AG23*T24>요율!$E$3,($AG23*T24-요율!$E$3)*요율!$C$3%*요율!$D$3%,0),-1) -> 0 | BS24: =ROUNDDOWN(IF($AG23*U24>요율!$E$3,($AG23*U24-요율!$E$3)*요율!$C$3%*요율!$D$3%,0),-1) -> 0 | BT24: =ROUNDDOWN(IF($AG23*V24>요율!$E$3,($AG23*V24-요율!$E$3)*요율!$C$3%*요율!$D$3%,0),-1) -> 0 | ... CB24: =ROUNDDOWN(IF($AG23*AD24>요율!$E$3,($AG23*AD24-요율!$E$3)*요율!$C$3%*요율!$D$3%,0),-1) -> 0
A25: =A23+1 -> 10 | B25: 정연복 | C25: =IF(ISERROR(VLOOKUP(B25,주소록!$A$3:$K$523,5,0)),"",VLOOKUP(B25,주소록!$A$3:$K$523,3,0)) -> 640909-1324212 | G25: =IF(ISERROR(VLOOKUP(B25,주소록!$A$3:$K$523,6,0)),"",VLOOKUP(B25,주소록!$A$3:$K$523,4,0)) -> 인천광역시 미추홀구 미추홀대로 657번길 22-1 | X25: 1 | Y25: 1 | Z25: 1 | AA25: 1 | AB25: 1 | AC25: 1 | AE25: =COUNTIF(O25:AD26,">=0.5") -> 7 | AG25: 200000 | AH25: =AE26*AG25 -> 1400000 | AK25: =IF(BG26<1000, 0, BG26) -> 9450 | AN25: =IF(요율!$H$7="○",IF(AE25>=요율!$D$6,ROUNDDOWN(AH25*요율!$C$4%,-1),0),0) -> 0 | AQ25: =BL25 -> 60세이상 | AT25: =SUM(AK25:AS26) -> 22990 | AW25: =AH25-AT25-AT26 -> 1377010 | AZ25: =B25 -> 정연복 | BA25: =IF(ISERROR(VLOOKUP($B25,주소록!$A$3:$K$523,3,0)),"",VLOOKUP($B25,주소록!$A$3:$K$523,2,0)) -> 조경공 | BB25: 1 | BC25: =A25 -> 10 | BD25: =IF(OR(MID(C25,8,1)<"3",AND(MID(C25,8,1)>="5",MID(C25,8,1)<="6")),TEXT(TEXT(LEFT(C25,6),"1900-00-00"),"yyyy년 m월 d일"),TEXT(TEXT(LEFT(C25,6),"2000-00-00"),"yyyy년 m월 d일")) -> 1964년 9월 9일 | BG25: =IFERROR(INT( ( TEXT($O$3,"yyyy.mmdd") - TEXT(BD25,"yyyy.mmdd") ) ),0) -> 61 | BJ25: =IF(BG25>59,"60세이상",IF(OR(AE25<요율!$D$6,AH25=0),0,IF(AH25<요율!$C$7,요율!$D$7,IF(AH25>요율!$C$8,요율!$D$8,+TRUNC(AH25*요율!$C$6%,-1))))) -> 60세이상 | BK25: =IF(BG25>59,"60세이상",IF(OR(AH25<2200000,AH25=0),0,IF(AH25<요율!$C$7,요율!$D$7,IF(AH25>요율!$C$8,요율!$D$8,+TRUNC(AH25*요율!$C$6%,-1))))) -> 60세이상 | BL25: =IF(BK25>0,BK25,BJ25) -> 60세이상 | BM25: =ROUNDDOWN(IF($AG25*O25>요율!$E$3,($AG25*O25-요율!$E$3)*요율!$C$3%*요율!$D$3%,0),-1) -> 0 | BN25: =ROUNDDOWN(IF($AG25*P25>요율!$E$3,($AG25*P25-요율!$E$3)*요율!$C$3%*요율!$D$3%,0),-1) -> 0 | BO25: =ROUNDDOWN(IF($AG25*Q25>요율!$E$3,($AG25*Q25-요율!$E$3)*요율!$C$3%*요율!$D$3%,0),-1) -> 0 | BP25: =ROUNDDOWN(IF($AG25*R25>요율!$E$3,($AG25*R25-요율!$E$3)*요율!$C$3%*요율!$D$3%,0),-1) -> 0 | BQ25: =ROUNDDOWN(IF($AG25*S25>요율!$E$3,($AG25*S25-요율!$E$3)*요율!$C$3%*요율!$D$3%,0),-1) -> 0 | BR25: =ROUNDDOWN(IF($AG25*T25>요율!$E$3,($AG25*T25-요율!$E$3)*요율!$C$3%*요율!$D$3%,0),-1) -> 0 | BS25: =ROUNDDOWN(IF($AG25*U25>요율!$E$3,($AG25*U25-요율!$E$3)*요율!$C$3%*요율!$D$3%,0),-1) -> 0 | BT25: =ROUNDDOWN(IF($AG25*V25>요율!$E$3,($AG25*V25-요율!$E$3)*요율!$C$3%*요율!$D$3%,0),-1) -> 0 | ... CB25: =ROUNDDOWN(IF($AG25*AD25>요율!$E$3,($AG25*AD25-요율!$E$3)*요율!$C$3%*요율!$D$3%,0),-1) -> 0 | CD25: =IFERROR(VLOOKUP(B25,주소록,9,FALSE),"")
B26: =BA25 -> 조경공 | C26: =IF(ISERROR(VLOOKUP(B25,주소록!$A$3:$K$523,7,0)),"",VLOOKUP(B25,주소록!$A$3:$K$523,5,0)) -> 010-2081-4474 | G26: =IF(ISERROR(VLOOKUP(B25,주소록!$A$3:$K$523,9,0)),"",VLOOKUP(B25,주소록!$A$3:$K$523,7,0)) -> KEB하나은행 | J26: =IF(ISERROR(VLOOKUP(B25,주소록!$A$3:$K$523,10,0)),"",VLOOKUP(B25,주소록!$A$3:$K$523,8,0)) -> 403-910413-64207 | T26: 1 | AE26: =SUM(O25:AD26) -> 7 | AK26: =IF(C25=0,"",IF(MID(C25,7,1)="5","",IF(MID(C25,7,1)="6","",ROUNDDOWN((AK25*10%),-1)))) -> 940 | AN26: =ROUNDDOWN(AN25*요율!$F$5,-1) -> 0 | AQ26: =IF(OR(AND(요율!$H$8="X",요율!$H$9="X",MID(C25,8,1)>="5"),AND(요율!$H$8="○",요율!$H$9="X",MID(C25,8,1)>="5")),"외국인",IF(요율!$H$8="X",IF(C25="",0,IF(OR(MID(C25,8,1)<"3",AND(MID(C25,8,1)>="5",MID(C25,8,1)<="6")),IF(INT(TEXT($O$3,"yyyy.mmdd")-TEXT(TEXT(LEFT(C25,6),"1900-00-00"),"yyyy.mmdd"))>=65,"65세이상",+TRUNC(AH25*요율!$C$9%,-1)),IF(INT(TEXT($O$3,"yyyy.mmdd")-TEXT(TEXT(LEFT(C25,6),"2000-00-00"),"yyyy.mmdd"))>=65,"65세이상",+TRUNC(AH25*요율!$C$9%,-1)))),+TRUNC(AH25*요율!$C$9%,-1))) -> 12600 | BA26: =BA25 -> 조경공 | BB26: 2 | BD26: =B25 -> 정연복 | BG26: =SUM(BM25:CB26) -> 9450 | BM26: =ROUNDDOWN(IF($AG25*O26>요율!$E$3,($AG25*O26-요율!$E$3)*요율!$C$3%*요율!$D$3%,0),-1) -> 0 | BN26: =ROUNDDOWN(IF($AG25*P26>요율!$E$3,($AG25*P26-요율!$E$3)*요율!$C$3%*요율!$D$3%,0),-1) -> 0 | BO26: =ROUNDDOWN(IF($AG25*Q26>요율!$E$3,($AG25*Q26-요율!$E$3)*요율!$C$3%*요율!$D$3%,0),-1) -> 0 | BP26: =ROUNDDOWN(IF($AG25*R26>요율!$E$3,($AG25*R26-요율!$E$3)*요율!$C$3%*요율!$D$3%,0),-1) -> 0 | BQ26: =ROUNDDOWN(IF($AG25*S26>요율!$E$3,($AG25*S26-요율!$E$3)*요율!$C$3%*요율!$D$3%,0),-1) -> 0 | BR26: =ROUNDDOWN(IF($AG25*T26>요율!$E$3,($AG25*T26-요율!$E$3)*요율!$C$3%*요율!$D$3%,0),-1) -> 1350 | BS26: =ROUNDDOWN(IF($AG25*U26>요율!$E$3,($AG25*U26-요율!$E$3)*요율!$C$3%*요율!$D$3%,0),-1) -> 0 | BT26: =ROUNDDOWN(IF($AG25*V26>요율!$E$3,($AG25*V26-요율!$E$3)*요율!$C$3%*요율!$D$3%,0),-1) -> 0 | ... CB26: =ROUNDDOWN(IF($AG25*AD26>요율!$E$3,($AG25*AD26-요율!$E$3)*요율!$C$3%*요율!$D$3%,0),-1) -> 0
A27: =A25+1 -> 11 | B27: 김학춘 | C27: =IF(ISERROR(VLOOKUP(B27,주소록!$A$3:$K$523,5,0)),"",VLOOKUP(B27,주소록!$A$3:$K$523,3,0)) -> 690525-1321017 | G27: =IF(ISERROR(VLOOKUP(B27,주소록!$A$3:$K$523,6,0)),"",VLOOKUP(B27,주소록!$A$3:$K$523,4,0)) -> 인천광역시 미추홀구 길파로35번길 71-1, 102호 | X27: 1 | Y27: 1 | Z27: 1 | AA27: 1 | AB27: 1 | AC27: 1 | AE27: =COUNTIF(O27:AD28,">=0.5") -> 15 | AG27: 200000 | AH27: =AE28*AG27 -> 3000000 | AK27: =IF(BG28<1000, 0, BG28) -> 20250 | AN27: =IF(요율!$H$7="○",IF(AE27>=요율!$D$6,ROUNDDOWN(AH27*요율!$C$4%,-1),0),0) -> 107850 | AQ27: =BL27 -> 142500 | AT27: =SUM(AK27:AS28) -> 313790 | AW27: =AH27-AT27-AT28 -> 2686210 | AZ27: =B27 -> 김학춘 | BA27: =IF(ISERROR(VLOOKUP($B27,주소록!$A$3:$K$523,3,0)),"",VLOOKUP($B27,주소록!$A$3:$K$523,2,0)) -> 조경공 | BB27: 1 | BC27: =A27 -> 11 | BD27: =IF(OR(MID(C27,8,1)<"3",AND(MID(C27,8,1)>="5",MID(C27,8,1)<="6")),TEXT(TEXT(LEFT(C27,6),"1900-00-00"),"yyyy년 m월 d일"),TEXT(TEXT(LEFT(C27,6),"2000-00-00"),"yyyy년 m월 d일")) -> 1969년 5월 25일 | BG27: =IFERROR(INT( ( TEXT($O$3,"yyyy.mmdd") - TEXT(BD27,"yyyy.mmdd") ) ),0) -> 56 | BJ27: =IF(BG27>59,"60세이상",IF(OR(AE27<요율!$D$6,AH27=0),0,IF(AH27<요율!$C$7,요율!$D$7,IF(AH27>요율!$C$8,요율!$D$8,+TRUNC(AH27*요율!$C$6%,-1))))) -> 142500 | BK27: =IF(BG27>59,"60세이상",IF(OR(AH27<2200000,AH27=0),0,IF(AH27<요율!$C$7,요율!$D$7,IF(AH27>요율!$C$8,요율!$D$8,+TRUNC(AH27*요율!$C$6%,-1))))) -> 142500 | BL27: =IF(BK27>0,BK27,BJ27) -> 142500 | BM27: =ROUNDDOWN(IF($AG27*O27>요율!$E$3,($AG27*O27-요율!$E$3)*요율!$C$3%*요율!$D$3%,0),-1) -> 0 | BN27: =ROUNDDOWN(IF($AG27*P27>요율!$E$3,($AG27*P27-요율!$E$3)*요율!$C$3%*요율!$D$3%,0),-1) -> 0 | BO27: =ROUNDDOWN(IF($AG27*Q27>요율!$E$3,($AG27*Q27-요율!$E$3)*요율!$C$3%*요율!$D$3%,0),-1) -> 0 | BP27: =ROUNDDOWN(IF($AG27*R27>요율!$E$3,($AG27*R27-요율!$E$3)*요율!$C$3%*요율!$D$3%,0),-1) -> 0 | BQ27: =ROUNDDOWN(IF($AG27*S27>요율!$E$3,($AG27*S27-요율!$E$3)*요율!$C$3%*요율!$D$3%,0),-1) -> 0 | BR27: =ROUNDDOWN(IF($AG27*T27>요율!$E$3,($AG27*T27-요율!$E$3)*요율!$C$3%*요율!$D$3%,0),-1) -> 0 | BS27: =ROUNDDOWN(IF($AG27*U27>요율!$E$3,($AG27*U27-요율!$E$3)*요율!$C$3%*요율!$D$3%,0),-1) -> 0 | BT27: =ROUNDDOWN(IF($AG27*V27>요율!$E$3,($AG27*V27-요율!$E$3)*요율!$C$3%*요율!$D$3%,0),-1) -> 0 | ... CB27: =ROUNDDOWN(IF($AG27*AD27>요율!$E$3,($AG27*AD27-요율!$E$3)*요율!$C$3%*요율!$D$3%,0),-1) -> 0 | CD27: =IFERROR(VLOOKUP(B27,주소록,9,FALSE),"")
B28: =BA27 -> 조경공 | C28: =IF(ISERROR(VLOOKUP(B27,주소록!$A$3:$K$523,7,0)),"",VLOOKUP(B27,주소록!$A$3:$K$523,5,0)) -> 010-5306-6707 | G28: =IF(ISERROR(VLOOKUP(B27,주소록!$A$3:$K$523,9,0)),"",VLOOKUP(B27,주소록!$A$3:$K$523,7,0)) -> KEB하나은행 | J28: =IF(ISERROR(VLOOKUP(B27,주소록!$A$3:$K$523,10,0)),"",VLOOKUP(B27,주소록!$A$3:$K$523,8,0)) -> 259201-04-132579 | O28: 1 | P28: 1 | Q28: 1 | S28: 1 | T28: 1 | U28: 1 | V28: 1 | W28: 1 | X28: 1 | AE28: =SUM(O27:AD28) -> 15 | AK28: =IF(C27=0,"",IF(MID(C27,7,1)="5","",IF(MID(C27,7,1)="6","",ROUNDDOWN((AK27*10%),-1)))) -> 2020 | AN28: =ROUNDDOWN(AN27*요율!$F$5,-1) -> 14170 | AQ28: =IF(OR(AND(요율!$H$8="X",요율!$H$9="X",MID(C27,8,1)>="5"),AND(요율!$H$8="○",요율!$H$9="X",MID(C27,8,1)>="5")),"외국인",IF(요율!$H$8="X",IF(C27="",0,IF(OR(MID(C27,8,1)<"3",AND(MID(C27,8,1)>="5",MID(C27,8,1)<="6")),IF(INT(TEXT($O$3,"yyyy.mmdd")-TEXT(TEXT(LEFT(C27,6),"1900-00-00"),"yyyy.mmdd"))>=65,"65세이상",+TRUNC(AH27*요율!$C$9%,-1)),IF(INT(TEXT($O$3,"yyyy.mmdd")-TEXT(TEXT(LEFT(C27,6),"2000-00-00"),"yyyy.mmdd"))>=65,"65세이상",+TRUNC(AH27*요율!$C$9%,-1)))),+TRUNC(AH27*요율!$C$9%,-1))) -> 27000 | BA28: =BA27 -> 조경공 | BB28: 2 | BD28: =B27 -> 김학춘 | BG28: =SUM(BM27:CB28) -> 20250 | BM28: =ROUNDDOWN(IF($AG27*O28>요율!$E$3,($AG27*O28-요율!$E$3)*요율!$C$3%*요율!$D$3%,0),-1) -> 1350 | BN28: =ROUNDDOWN(IF($AG27*P28>요율!$E$3,($AG27*P28-요율!$E$3)*요율!$C$3%*요율!$D$3%,0),-1) -> 1350 | BO28: =ROUNDDOWN(IF($AG27*Q28>요율!$E$3,($AG27*Q28-요율!$E$3)*요율!$C$3%*요율!$D$3%,0),-1) -> 1350 | BP28: =ROUNDDOWN(IF($AG27*R28>요율!$E$3,($AG27*R28-요율!$E$3)*요율!$C$3%*요율!$D$3%,0),-1) -> 0 | BQ28: =ROUNDDOWN(IF($AG27*S28>요율!$E$3,($AG27*S28-요율!$E$3)*요율!$C$3%*요율!$D$3%,0),-1) -> 1350 | BR28: =ROUNDDOWN(IF($AG27*T28>요율!$E$3,($AG27*T28-요율!$E$3)*요율!$C$3%*요율!$D$3%,0),-1) -> 1350 | BS28: =ROUNDDOWN(IF($AG27*U28>요율!$E$3,($AG27*U28-요율!$E$3)*요율!$C$3%*요율!$D$3%,0),-1) -> 1350 | BT28: =ROUNDDOWN(IF($AG27*V28>요율!$E$3,($AG27*V28-요율!$E$3)*요율!$C$3%*요율!$D$3%,0),-1) -> 1350 | ... CB28: =ROUNDDOWN(IF($AG27*AD28>요율!$E$3,($AG27*AD28-요율!$E$3)*요율!$C$3%*요율!$D$3%,0),-1) -> 0
A29: =A27+1 -> 12 | B29: LI ZHEXUN(이철훈) | C29: =IF(ISERROR(VLOOKUP(B29,주소록!$A$3:$K$523,5,0)),"",VLOOKUP(B29,주소록!$A$3:$K$523,3,0)) -> 621222-5100053 | G29: =IF(ISERROR(VLOOKUP(B29,주소록!$A$3:$K$523,6,0)),"",VLOOKUP(B29,주소록!$A$3:$K$523,4,0)) -> 인천광역시 미추홀구 수봉남로17번길37 102호(용현동,럭키빌라) | X29: 1 | Y29: 1 | Z29: 1 | AA29: 1 | AB29: 1 | AC29: 1 | AE29: =COUNTIF(O29:AD30,">=0.5") -> 15 | AG29: 200000 | AH29: =AE30*AG29 -> 3000000 | AK29: =IF(BG30<1000, 0, BG30) -> 20250 | AN29: =IF(요율!$H$7="○",IF(AE29>=요율!$D$6,ROUNDDOWN(AH29*요율!$C$4%,-1),0),0) -> 107850 | AQ29: =BL29 -> 60세이상 | AT29: =SUM(AK29:AS30) -> 144290 | AW29: =AH29-AT29-AT30 -> 2855710 | AZ29: LI ZHEXUN (이철훈) | BA29: =IF(ISERROR(VLOOKUP($B29,주소록!$A$3:$K$523,3,0)),"",VLOOKUP($B29,주소록!$A$3:$K$523,2,0)) -> 조경공 | BB29: 1 | BC29: =A29 -> 12 | BD29: =IF(OR(MID(C29,8,1)<"3",AND(MID(C29,8,1)>="5",MID(C29,8,1)<="6")),TEXT(TEXT(LEFT(C29,6),"1900-00-00"),"yyyy년 m월 d일"),TEXT(TEXT(LEFT(C29,6),"2000-00-00"),"yyyy년 m월 d일")) -> 1962년 12월 22일 | BG29: =IFERROR(INT( ( TEXT($O$3,"yyyy.mmdd") - TEXT(BD29,"yyyy.mmdd") ) ),0) -> 63 | BJ29: =IF(BG29>59,"60세이상",IF(OR(AE29<요율!$D$6,AH29=0),0,IF(AH29<요율!$C$7,요율!$D$7,IF(AH29>요율!$C$8,요율!$D$8,+TRUNC(AH29*요율!$C$6%,-1))))) -> 60세이상 | BK29: =IF(BG29>59,"60세이상",IF(OR(AH29<2200000,AH29=0),0,IF(AH29<요율!$C$7,요율!$D$7,IF(AH29>요율!$C$8,요율!$D$8,+TRUNC(AH29*요율!$C$6%,-1))))) -> 60세이상 | BL29: =IF(BK29>0,BK29,BJ29) -> 60세이상 | BM29: =ROUNDDOWN(IF($AG29*O29>요율!$E$3,($AG29*O29-요율!$E$3)*요율!$C$3%*요율!$D$3%,0),-1) -> 0 | BN29: =ROUNDDOWN(IF($AG29*P29>요율!$E$3,($AG29*P29-요율!$E$3)*요율!$C$3%*요율!$D$3%,0),-1) -> 0 | BO29: =ROUNDDOWN(IF($AG29*Q29>요율!$E$3,($AG29*Q29-요율!$E$3)*요율!$C$3%*요율!$D$3%,0),-1) -> 0 | BP29: =ROUNDDOWN(IF($AG29*R29>요율!$E$3,($AG29*R29-요율!$E$3)*요율!$C$3%*요율!$D$3%,0),-1) -> 0 | BQ29: =ROUNDDOWN(IF($AG29*S29>요율!$E$3,($AG29*S29-요율!$E$3)*요율!$C$3%*요율!$D$3%,0),-1) -> 0 | BR29: =ROUNDDOWN(IF($AG29*T29>요율!$E$3,($AG29*T29-요율!$E$3)*요율!$C$3%*요율!$D$3%,0),-1) -> 0 | BS29: =ROUNDDOWN(IF($AG29*U29>요율!$E$3,($AG29*U29-요율!$E$3)*요율!$C$3%*요율!$D$3%,0),-1) -> 0 | BT29: =ROUNDDOWN(IF($AG29*V29>요율!$E$3,($AG29*V29-요율!$E$3)*요율!$C$3%*요율!$D$3%,0),-1) -> 0 | ... CB29: =ROUNDDOWN(IF($AG29*AD29>요율!$E$3,($AG29*AD29-요율!$E$3)*요율!$C$3%*요율!$D$3%,0),-1) -> 0 | CD29: =IFERROR(VLOOKUP(B29,주소록,9,FALSE),"")
B30: =BA29 -> 조경공 | C30: =IF(ISERROR(VLOOKUP(B29,주소록!$A$3:$K$523,7,0)),"",VLOOKUP(B29,주소록!$A$3:$K$523,5,0)) -> 010-8227-3088 | G30: =IF(ISERROR(VLOOKUP(B29,주소록!$A$3:$K$523,9,0)),"",VLOOKUP(B29,주소록!$A$3:$K$523,7,0)) -> 국민은행 | J30: =IF(ISERROR(VLOOKUP(B29,주소록!$A$3:$K$523,10,0)),"",VLOOKUP(B29,주소록!$A$3:$K$523,8,0)) -> 024801-04-446948 | O30: 1 | P30: 1 | Q30: 1 | S30: 1 | T30: 1 | U30: 1 | V30: 1 | W30: 1 | X30: 1 | AE30: =SUM(O29:AD30) -> 15 | AK30: =IF(C29=0,"",IF(MID(C29,7,1)="5","",IF(MID(C29,7,1)="6","",ROUNDDOWN((AK29*10%),-1)))) -> 2020 | AN30: =ROUNDDOWN(AN29*요율!$F$5,-1) -> 14170 | AQ30: =IF(OR(AND(요율!$H$8="X",요율!$H$9="X",MID(C29,8,1)>="5"),AND(요율!$H$8="○",요율!$H$9="X",MID(C29,8,1)>="5")),"외국인",IF(요율!$H$8="X",IF(C29="",0,IF(OR(MID(C29,8,1)<"3",AND(MID(C29,8,1)>="5",MID(C29,8,1)<="6")),IF(INT(TEXT($O$3,"yyyy.mmdd")-TEXT(TEXT(LEFT(C29,6),"1900-00-00"),"yyyy.mmdd"))>=65,"65세이상",+TRUNC(AH29*요율!$C$9%,-1)),IF(INT(TEXT($O$3,"yyyy.mmdd")-TEXT(TEXT(LEFT(C29,6),"2000-00-00"),"yyyy.mmdd"))>=65,"65세이상",+TRUNC(AH29*요율!$C$9%,-1)))),+TRUNC(AH29*요율!$C$9%,-1))) -> 외국인 | BA30: =BA29 -> 조경공 | BB30: 2 | BD30: =B29 -> LI ZHEXUN(이철훈) | BG30: =SUM(BM29:CB30) -> 20250 | BM30: =ROUNDDOWN(IF($AG29*O30>요율!$E$3,($AG29*O30-요율!$E$3)*요율!$C$3%*요율!$D$3%,0),-1) -> 1350 | BN30: =ROUNDDOWN(IF($AG29*P30>요율!$E$3,($AG29*P30-요율!$E$3)*요율!$C$3%*요율!$D$3%,0),-1) -> 1350 | BO30: =ROUNDDOWN(IF($AG29*Q30>요율!$E$3,($AG29*Q30-요율!$E$3)*요율!$C$3%*요율!$D$3%,0),-1) -> 1350 | BP30: =ROUNDDOWN(IF($AG29*R30>요율!$E$3,($AG29*R30-요율!$E$3)*요율!$C$3%*요율!$D$3%,0),-1) -> 0 | BQ30: =ROUNDDOWN(IF($AG29*S30>요율!$E$3,($AG29*S30-요율!$E$3)*요율!$C$3%*요율!$D$3%,0),-1) -> 1350 | BR30: =ROUNDDOWN(IF($AG29*T30>요율!$E$3,($AG29*T30-요율!$E$3)*요율!$C$3%*요율!$D$3%,0),-1) -> 1350 | BS30: =ROUNDDOWN(IF($AG29*U30>요율!$E$3,($AG29*U30-요율!$E$3)*요율!$C$3%*요율!$D$3%,0),-1) -> 1350 | BT30: =ROUNDDOWN(IF($AG29*V30>요율!$E$3,($AG29*V30-요율!$E$3)*요율!$C$3%*요율!$D$3%,0),-1) -> 1350 | ... CB30: =ROUNDDOWN(IF($AG29*AD30>요율!$E$3,($AG29*AD30-요율!$E$3)*요율!$C$3%*요율!$D$3%,0),-1) -> 0
A31: =A29+1 -> 13 | B31: CUI CHENGMIN(최성민) | C31: =IF(ISERROR(VLOOKUP(B31,주소록!$A$3:$K$523,5,0)),"",VLOOKUP(B31,주소록!$A$3:$K$523,3,0)) -> 710413-5100057 | G31: =IF(ISERROR(VLOOKUP(B31,주소록!$A$3:$K$523,6,0)),"",VLOOKUP(B31,주소록!$A$3:$K$523,4,0)) -> 인천광역시 미추홀구 독정안길 71-20 삼영빌라 | X31: 1 | Y31: 1 | AA31: 1 | AB31: 1 | AC31: 1 | AE31: =COUNTIF(O31:AD32,">=0.5") -> 6 | AG31: 200000 | AH31: =AE32*AG31 -> 1200000 | AK31: =IF(BG32<1000, 0, BG32) -> 8100 | AN31: =IF(요율!$H$7="○",IF(AE31>=요율!$D$6,ROUNDDOWN(AH31*요율!$C$4%,-1),0),0) -> 0 | AQ31: =BL31 -> 0 | AT31: =SUM(AK31:AS32) -> 8910 | AW31: =AH31-AT31-AT32 -> 1191090 | AZ31: CUI CHENGMIN (최성민) | BA31: =IF(ISERROR(VLOOKUP($B31,주소록!$A$3:$K$523,3,0)),"",VLOOKUP($B31,주소록!$A$3:$K$523,2,0)) -> 조경공 | BB31: 1 | BC31: =A31 -> 13 | BD31: =IF(OR(MID(C31,8,1)<"3",AND(MID(C31,8,1)>="5",MID(C31,8,1)<="6")),TEXT(TEXT(LEFT(C31,6),"1900-00-00"),"yyyy년 m월 d일"),TEXT(TEXT(LEFT(C31,6),"2000-00-00"),"yyyy년 m월 d일")) -> 1971년 4월 13일 | BG31: =IFERROR(INT( ( TEXT($O$3,"yyyy.mmdd") - TEXT(BD31,"yyyy.mmdd") ) ),0) -> 54 | BJ31: =IF(BG31>59,"60세이상",IF(OR(AE31<요율!$D$6,AH31=0),0,IF(AH31<요율!$C$7,요율!$D$7,IF(AH31>요율!$C$8,요율!$D$8,+TRUNC(AH31*요율!$C$6%,-1))))) -> 0 | BK31: =IF(BG31>59,"60세이상",IF(OR(AH31<2200000,AH31=0),0,IF(AH31<요율!$C$7,요율!$D$7,IF(AH31>요율!$C$8,요율!$D$8,+TRUNC(AH31*요율!$C$6%,-1))))) -> 0 | BL31: =IF(BK31>0,BK31,BJ31) -> 0 | BM31: =ROUNDDOWN(IF($AG31*O31>요율!$E$3,($AG31*O31-요율!$E$3)*요율!$C$3%*요율!$D$3%,0),-1) -> 0 | BN31: =ROUNDDOWN(IF($AG31*P31>요율!$E$3,($AG31*P31-요율!$E$3)*요율!$C$3%*요율!$D$3%,0),-1) -> 0 | BO31: =ROUNDDOWN(IF($AG31*Q31>요율!$E$3,($AG31*Q31-요율!$E$3)*요율!$C$3%*요율!$D$3%,0),-1) -> 0 | BP31: =ROUNDDOWN(IF($AG31*R31>요율!$E$3,($AG31*R31-요율!$E$3)*요율!$C$3%*요율!$D$3%,0),-1) -> 0 | BQ31: =ROUNDDOWN(IF($AG31*S31>요율!$E$3,($AG31*S31-요율!$E$3)*요율!$C$3%*요율!$D$3%,0),-1) -> 0 | BR31: =ROUNDDOWN(IF($AG31*T31>요율!$E$3,($AG31*T31-요율!$E$3)*요율!$C$3%*요율!$D$3%,0),-1) -> 0 | BS31: =ROUNDDOWN(IF($AG31*U31>요율!$E$3,($AG31*U31-요율!$E$3)*요율!$C$3%*요율!$D$3%,0),-1) -> 0 | BT31: =ROUNDDOWN(IF($AG31*V31>요율!$E$3,($AG31*V31-요율!$E$3)*요율!$C$3%*요율!$D$3%,0),-1) -> 0 | ... CB31: =ROUNDDOWN(IF($AG31*AD31>요율!$E$3,($AG31*AD31-요율!$E$3)*요율!$C$3%*요율!$D$3%,0),-1) -> 0 | CD31: =IFERROR(VLOOKUP(B31,주소록,9,FALSE),"")
B32: =BA31 -> 조경공 | C32: =IF(ISERROR(VLOOKUP(B31,주소록!$A$3:$K$523,7,0)),"",VLOOKUP(B31,주소록!$A$3:$K$523,5,0)) -> 010-5824-7954 | G32: =IF(ISERROR(VLOOKUP(B31,주소록!$A$3:$K$523,9,0)),"",VLOOKUP(B31,주소록!$A$3:$K$523,7,0)) -> KEB하나은행 | J32: =IF(ISERROR(VLOOKUP(B31,주소록!$A$3:$K$523,10,0)),"",VLOOKUP(B31,주소록!$A$3:$K$523,8,0)) -> 620-910226-10107 | O32: 1 | AE32: =SUM(O31:AD32) -> 6 | AK32: =IF(C31=0,"",IF(MID(C31,7,1)="5","",IF(MID(C31,7,1)="6","",ROUNDDOWN((AK31*10%),-1)))) -> 810 | AN32: =ROUNDDOWN(AN31*요율!$F$5,-1) -> 0 | AQ32: =IF(OR(AND(요율!$H$8="X",요율!$H$9="X",MID(C31,8,1)>="5"),AND(요율!$H$8="○",요율!$H$9="X",MID(C31,8,1)>="5")),"외국인",IF(요율!$H$8="X",IF(C31="",0,IF(OR(MID(C31,8,1)<"3",AND(MID(C31,8,1)>="5",MID(C31,8,1)<="6")),IF(INT(TEXT($O$3,"yyyy.mmdd")-TEXT(TEXT(LEFT(C31,6),"1900-00-00"),"yyyy.mmdd"))>=65,"65세이상",+TRUNC(AH31*요율!$C$9%,-1)),IF(INT(TEXT($O$3,"yyyy.mmdd")-TEXT(TEXT(LEFT(C31,6),"2000-00-00"),"yyyy.mmdd"))>=65,"65세이상",+TRUNC(AH31*요율!$C$9%,-1)))),+TRUNC(AH31*요율!$C$9%,-1))) -> 외국인 | BA32: =BA31 -> 조경공 | BB32: 2 | BD32: =B31 -> CUI CHENGMIN(최성민) | BG32: =SUM(BM31:CB32) -> 8100 | BM32: =ROUNDDOWN(IF($AG31*O32>요율!$E$3,($AG31*O32-요율!$E$3)*요율!$C$3%*요율!$D$3%,0),-1) -> 1350 | BN32: =ROUNDDOWN(IF($AG31*P32>요율!$E$3,($AG31*P32-요율!$E$3)*요율!$C$3%*요율!$D$3%,0),-1) -> 0 | BO32: =ROUNDDOWN(IF($AG31*Q32>요율!$E$3,($AG31*Q32-요율!$E$3)*요율!$C$3%*요율!$D$3%,0),-1) -> 0 | BP32: =ROUNDDOWN(IF($AG31*R32>요율!$E$3,($AG31*R32-요율!$E$3)*요율!$C$3%*요율!$D$3%,0),-1) -> 0 | BQ32: =ROUNDDOWN(IF($AG31*S32>요율!$E$3,($AG31*S32-요율!$E$3)*요율!$C$3%*요율!$D$3%,0),-1) -> 0 | BR32: =ROUNDDOWN(IF($AG31*T32>요율!$E$3,($AG31*T32-요율!$E$3)*요율!$C$3%*요율!$D$3%,0),-1) -> 0 | BS32: =ROUNDDOWN(IF($AG31*U32>요율!$E$3,($AG31*U32-요율!$E$3)*요율!$C$3%*요율!$D$3%,0),-1) -> 0 | BT32: =ROUNDDOWN(IF($AG31*V32>요율!$E$3,($AG31*V32-요율!$E$3)*요율!$C$3%*요율!$D$3%,0),-1) -> 0 | ... CB32: =ROUNDDOWN(IF($AG31*AD32>요율!$E$3,($AG31*AD32-요율!$E$3)*요율!$C$3%*요율!$D$3%,0),-1) -> 0
A33: =A31+1 -> 14 | B33: JIN YUANTAI(김원태) | C33: =IF(ISERROR(VLOOKUP(B33,주소록!$A$3:$K$523,5,0)),"",VLOOKUP(B33,주소록!$A$3:$K$523,3,0)) -> 590427-5101290 | G33: =IF(ISERROR(VLOOKUP(B33,주소록!$A$3:$K$523,6,0)),"",VLOOKUP(B33,주소록!$A$3:$K$523,4,0)) -> 인천광역시 미추홀구 수봉로70번길 3 202동(숭의동) | AE33: =COUNTIF(O33:AD34,">=0.5") -> 9 | AG33: 200000 | AH33: =AE34*AG33 -> 1800000 | AK33: =IF(BG34<1000, 0, BG34) -> 12150 | AN33: =IF(요율!$H$7="○",IF(AE33>=요율!$D$6,ROUNDDOWN(AH33*요율!$C$4%,-1),0),0) -> 64710 | AQ33: =BL33 -> 60세이상 | AT33: =SUM(AK33:AS34) -> 86570 | AW33: =AH33-AT33-AT34 -> 1713430 | AZ33: JIN YUANTAI (김원태) | BA33: =IF(ISERROR(VLOOKUP($B33,주소록!$A$3:$K$523,3,0)),"",VLOOKUP($B33,주소록!$A$3:$K$523,2,0)) -> 조경공 | BB33: 1 | BC33: =A33 -> 14 | BD33: =IF(OR(MID(C33,8,1)<"3",AND(MID(C33,8,1)>="5",MID(C33,8,1)<="6")),TEXT(TEXT(LEFT(C33,6),"1900-00-00"),"yyyy년 m월 d일"),TEXT(TEXT(LEFT(C33,6),"2000-00-00"),"yyyy년 m월 d일")) -> 1959년 4월 27일 | BG33: =IFERROR(INT( ( TEXT($O$3,"yyyy.mmdd") - TEXT(BD33,"yyyy.mmdd") ) ),0) -> 66 | BJ33: =IF(BG33>59,"60세이상",IF(OR(AE33<요율!$D$6,AH33=0),0,IF(AH33<요율!$C$7,요율!$D$7,IF(AH33>요율!$C$8,요율!$D$8,+TRUNC(AH33*요율!$C$6%,-1))))) -> 60세이상 | BK33: =IF(BG33>59,"60세이상",IF(OR(AH33<2200000,AH33=0),0,IF(AH33<요율!$C$7,요율!$D$7,IF(AH33>요율!$C$8,요율!$D$8,+TRUNC(AH33*요율!$C$6%,-1))))) -> 60세이상 | BL33: =IF(BK33>0,BK33,BJ33) -> 60세이상 | BM33: =ROUNDDOWN(IF($AG33*O33>요율!$E$3,($AG33*O33-요율!$E$3)*요율!$C$3%*요율!$D$3%,0),-1) -> 0 | BN33: =ROUNDDOWN(IF($AG33*P33>요율!$E$3,($AG33*P33-요율!$E$3)*요율!$C$3%*요율!$D$3%,0),-1) -> 0 | BO33: =ROUNDDOWN(IF($AG33*Q33>요율!$E$3,($AG33*Q33-요율!$E$3)*요율!$C$3%*요율!$D$3%,0),-1) -> 0 | BP33: =ROUNDDOWN(IF($AG33*R33>요율!$E$3,($AG33*R33-요율!$E$3)*요율!$C$3%*요율!$D$3%,0),-1) -> 0 | BQ33: =ROUNDDOWN(IF($AG33*S33>요율!$E$3,($AG33*S33-요율!$E$3)*요율!$C$3%*요율!$D$3%,0),-1) -> 0 | BR33: =ROUNDDOWN(IF($AG33*T33>요율!$E$3,($AG33*T33-요율!$E$3)*요율!$C$3%*요율!$D$3%,0),-1) -> 0 | BS33: =ROUNDDOWN(IF($AG33*U33>요율!$E$3,($AG33*U33-요율!$E$3)*요율!$C$3%*요율!$D$3%,0),-1) -> 0 | BT33: =ROUNDDOWN(IF($AG33*V33>요율!$E$3,($AG33*V33-요율!$E$3)*요율!$C$3%*요율!$D$3%,0),-1) -> 0 | ... CB33: =ROUNDDOWN(IF($AG33*AD33>요율!$E$3,($AG33*AD33-요율!$E$3)*요율!$C$3%*요율!$D$3%,0),-1) -> 0 | CD33: =IFERROR(VLOOKUP(B33,주소록,9,FALSE),"")
B34: =BA33 -> 조경공 | C34: =IF(ISERROR(VLOOKUP(B33,주소록!$A$3:$K$523,7,0)),"",VLOOKUP(B33,주소록!$A$3:$K$523,5,0)) -> 010-5540-5904 | G34: =IF(ISERROR(VLOOKUP(B33,주소록!$A$3:$K$523,9,0)),"",VLOOKUP(B33,주소록!$A$3:$K$523,7,0)) -> KEB하나은행 | J34: =IF(ISERROR(VLOOKUP(B33,주소록!$A$3:$K$523,10,0)),"",VLOOKUP(B33,주소록!$A$3:$K$523,8,0)) -> 580-910278-79407 | O34: 1 | P34: 1 | Q34: 1 | S34: 1 | T34: 1 | U34: 1 | V34: 1 | W34: 1 | X34: 1 | AE34: =SUM(O33:AD34) -> 9 | AK34: =IF(C33=0,"",IF(MID(C33,7,1)="5","",IF(MID(C33,7,1)="6","",ROUNDDOWN((AK33*10%),-1)))) -> 1210 | AN34: =ROUNDDOWN(AN33*요율!$F$5,-1) -> 8500 | AQ34: =IF(OR(AND(요율!$H$8="X",요율!$H$9="X",MID(C33,8,1)>="5"),AND(요율!$H$8="○",요율!$H$9="X",MID(C33,8,1)>="5")),"외국인",IF(요율!$H$8="X",IF(C33="",0,IF(OR(MID(C33,8,1)<"3",AND(MID(C33,8,1)>="5",MID(C33,8,1)<="6")),IF(INT(TEXT($O$3,"yyyy.mmdd")-TEXT(TEXT(LEFT(C33,6),"1900-00-00"),"yyyy.mmdd"))>=65,"65세이상",+TRUNC(AH33*요율!$C$9%,-1)),IF(INT(TEXT($O$3,"yyyy.mmdd")-TEXT(TEXT(LEFT(C33,6),"2000-00-00"),"yyyy.mmdd"))>=65,"65세이상",+TRUNC(AH33*요율!$C$9%,-1)))),+TRUNC(AH33*요율!$C$9%,-1))) -> 외국인 | BA34: =BA33 -> 조경공 | BB34: 2 | BD34: =B33 -> JIN YUANTAI(김원태) | BG34: =SUM(BM33:CB34) -> 12150 | BM34: =ROUNDDOWN(IF($AG33*O34>요율!$E$3,($AG33*O34-요율!$E$3)*요율!$C$3%*요율!$D$3%,0),-1) -> 1350 | BN34: =ROUNDDOWN(IF($AG33*P34>요율!$E$3,($AG33*P34-요율!$E$3)*요율!$C$3%*요율!$D$3%,0),-1) -> 1350 | BO34: =ROUNDDOWN(IF($AG33*Q34>요율!$E$3,($AG33*Q34-요율!$E$3)*요율!$C$3%*요율!$D$3%,0),-1) -> 1350 | BP34: =ROUNDDOWN(IF($AG33*R34>요율!$E$3,($AG33*R34-요율!$E$3)*요율!$C$3%*요율!$D$3%,0),-1) -> 0 | BQ34: =ROUNDDOWN(IF($AG33*S34>요율!$E$3,($AG33*S34-요율!$E$3)*요율!$C$3%*요율!$D$3%,0),-1) -> 1350 | BR34: =ROUNDDOWN(IF($AG33*T34>요율!$E$3,($AG33*T34-요율!$E$3)*요율!$C$3%*요율!$D$3%,0),-1) -> 1350 | BS34: =ROUNDDOWN(IF($AG33*U34>요율!$E$3,($AG33*U34-요율!$E$3)*요율!$C$3%*요율!$D$3%,0),-1) -> 1350 | BT34: =ROUNDDOWN(IF($AG33*V34>요율!$E$3,($AG33*V34-요율!$E$3)*요율!$C$3%*요율!$D$3%,0),-1) -> 1350 | ... CB34: =ROUNDDOWN(IF($AG33*AD34>요율!$E$3,($AG33*AD34-요율!$E$3)*요율!$C$3%*요율!$D$3%,0),-1) -> 0
A35: =A33+1 -> 15 | C35: =IF(ISERROR(VLOOKUP(B35,주소록!$A$3:$K$523,5,0)),"",VLOOKUP(B35,주소록!$A$3:$K$523,3,0)) | G35: =IF(ISERROR(VLOOKUP(B35,주소록!$A$3:$K$523,6,0)),"",VLOOKUP(B35,주소록!$A$3:$K$523,4,0)) | AE35: =COUNTIF(O35:AD36,">=0.5") -> 0 | AH35: =AE36*AG35 -> 0 | AK35: =IF(BG36<1000, 0, BG36) -> 0 | AN35: =IF(요율!$H$7="○",IF(AE35>=요율!$D$6,ROUNDDOWN(AH35*요율!$C$4%,-1),0),0) -> 0 | AQ35: =BL35 -> 0 | AT35: =SUM(AK35:AS36) -> 0 | AW35: =AH35-AT35-AT36 -> 0 | BA35: =IF(ISERROR(VLOOKUP($B35,주소록!$A$3:$K$523,3,0)),"",VLOOKUP($B35,주소록!$A$3:$K$523,2,0)) | BB35: 1 | BC35: =A35 -> 15 | BD35: =IF(OR(MID(C35,8,1)<"3",AND(MID(C35,8,1)>="5",MID(C35,8,1)<="6")),TEXT(TEXT(LEFT(C35,6),"1900-00-00"),"yyyy년 m월 d일"),TEXT(TEXT(LEFT(C35,6),"2000-00-00"),"yyyy년 m월 d일")) | BG35: =IFERROR(INT( ( TEXT($O$3,"yyyy.mmdd") - TEXT(BD35,"yyyy.mmdd") ) ),0) -> 0 | BJ35: =IF(BG35>59,"60세이상",IF(OR(AE35<요율!$D$6,AH35=0),0,IF(AH35<요율!$C$7,요율!$D$7,IF(AH35>요율!$C$8,요율!$D$8,+TRUNC(AH35*요율!$C$6%,-1))))) -> 0 | BK35: =IF(BG35>59,"60세이상",IF(OR(AH35<2200000,AH35=0),0,IF(AH35<요율!$C$7,요율!$D$7,IF(AH35>요율!$C$8,요율!$D$8,+TRUNC(AH35*요율!$C$6%,-1))))) -> 0 | BL35: =IF(BK35>0,BK35,BJ35) -> 0 | BM35: =ROUNDDOWN(IF($AG35*O35>요율!$E$3,($AG35*O35-요율!$E$3)*요율!$C$3%*요율!$D$3%,0),-1) -> 0 | BN35: =ROUNDDOWN(IF($AG35*P35>요율!$E$3,($AG35*P35-요율!$E$3)*요율!$C$3%*요율!$D$3%,0),-1) -> 0 | BO35: =ROUNDDOWN(IF($AG35*Q35>요율!$E$3,($AG35*Q35-요율!$E$3)*요율!$C$3%*요율!$D$3%,0),-1) -> 0 | BP35: =ROUNDDOWN(IF($AG35*R35>요율!$E$3,($AG35*R35-요율!$E$3)*요율!$C$3%*요율!$D$3%,0),-1) -> 0 | BQ35: =ROUNDDOWN(IF($AG35*S35>요율!$E$3,($AG35*S35-요율!$E$3)*요율!$C$3%*요율!$D$3%,0),-1) -> 0 | BR35: =ROUNDDOWN(IF($AG35*T35>요율!$E$3,($AG35*T35-요율!$E$3)*요율!$C$3%*요율!$D$3%,0),-1) -> 0 | BS35: =ROUNDDOWN(IF($AG35*U35>요율!$E$3,($AG35*U35-요율!$E$3)*요율!$C$3%*요율!$D$3%,0),-1) -> 0 | BT35: =ROUNDDOWN(IF($AG35*V35>요율!$E$3,($AG35*V35-요율!$E$3)*요율!$C$3%*요율!$D$3%,0),-1) -> 0 | ... CB35: =ROUNDDOWN(IF($AG35*AD35>요율!$E$3,($AG35*AD35-요율!$E$3)*요율!$C$3%*요율!$D$3%,0),-1) -> 0 | CD35: =IFERROR(VLOOKUP(B35,주소록,9,FALSE),"")
B36: =BA35 | C36: =IF(ISERROR(VLOOKUP(B35,주소록!$A$3:$K$523,7,0)),"",VLOOKUP(B35,주소록!$A$3:$K$523,5,0)) | G36: =IF(ISERROR(VLOOKUP(B35,주소록!$A$3:$K$523,9,0)),"",VLOOKUP(B35,주소록!$A$3:$K$523,7,0)) | J36: =IF(ISERROR(VLOOKUP(B35,주소록!$A$3:$K$523,10,0)),"",VLOOKUP(B35,주소록!$A$3:$K$523,8,0)) | AE36: =SUM(O35:AD36) -> 0 | AK36: =IF(C35=0,"",IF(MID(C35,7,1)="5","",IF(MID(C35,7,1)="6","",ROUNDDOWN((AK35*10%),-1)))) -> 0 | AN36: =ROUNDDOWN(AN35*요율!$F$5,-1) -> 0 | AQ36: =IF(OR(AND(요율!$H$8="X",요율!$H$9="X",MID(C35,8,1)>="5"),AND(요율!$H$8="○",요율!$H$9="X",MID(C35,8,1)>="5")),"외국인",IF(요율!$H$8="X",IF(C35="",0,IF(OR(MID(C35,8,1)<"3",AND(MID(C35,8,1)>="5",MID(C35,8,1)<="6")),IF(INT(TEXT($O$3,"yyyy.mmdd")-TEXT(TEXT(LEFT(C35,6),"1900-00-00"),"yyyy.mmdd"))>=65,"65세이상",+TRUNC(AH35*요율!$C$9%,-1)),IF(INT(TEXT($O$3,"yyyy.mmdd")-TEXT(TEXT(LEFT(C35,6),"2000-00-00"),"yyyy.mmdd"))>=65,"65세이상",+TRUNC(AH35*요율!$C$9%,-1)))),+TRUNC(AH35*요율!$C$9%,-1))) -> 0 | BA36: =BA35 | BB36: 2 | BD36: =B35 -> 0 | BG36: =SUM(BM35:CB36) -> 0 | BM36: =ROUNDDOWN(IF($AG35*O36>요율!$E$3,($AG35*O36-요율!$E$3)*요율!$C$3%*요율!$D$3%,0),-1) -> 0 | BN36: =ROUNDDOWN(IF($AG35*P36>요율!$E$3,($AG35*P36-요율!$E$3)*요율!$C$3%*요율!$D$3%,0),-1) -> 0 | BO36: =ROUNDDOWN(IF($AG35*Q36>요율!$E$3,($AG35*Q36-요율!$E$3)*요율!$C$3%*요율!$D$3%,0),-1) -> 0 | BP36: =ROUNDDOWN(IF($AG35*R36>요율!$E$3,($AG35*R36-요율!$E$3)*요율!$C$3%*요율!$D$3%,0),-1) -> 0 | BQ36: =ROUNDDOWN(IF($AG35*S36>요율!$E$3,($AG35*S36-요율!$E$3)*요율!$C$3%*요율!$D$3%,0),-1) -> 0 | BR36: =ROUNDDOWN(IF($AG35*T36>요율!$E$3,($AG35*T36-요율!$E$3)*요율!$C$3%*요율!$D$3%,0),-1) -> 0 | BS36: =ROUNDDOWN(IF($AG35*U36>요율!$E$3,($AG35*U36-요율!$E$3)*요율!$C$3%*요율!$D$3%,0),-1) -> 0 | BT36: =ROUNDDOWN(IF($AG35*V36>요율!$E$3,($AG35*V36-요율!$E$3)*요율!$C$3%*요율!$D$3%,0),-1) -> 0 | ... CB36: =ROUNDDOWN(IF($AG35*AD36>요율!$E$3,($AG35*AD36-요율!$E$3)*요율!$C$3%*요율!$D$3%,0),-1) -> 0
A37: =A35+1 -> 16 | C37: =IF(ISERROR(VLOOKUP(B37,주소록!$A$3:$K$523,5,0)),"",VLOOKUP(B37,주소록!$A$3:$K$523,3,0)) | G37: =IF(ISERROR(VLOOKUP(B37,주소록!$A$3:$K$523,6,0)),"",VLOOKUP(B37,주소록!$A$3:$K$523,4,0)) | AE37: =COUNTIF(O37:AD38,">=0.5") -> 0 | AH37: =AE38*AG37 -> 0 | AK37: =IF(BG38<1000, 0, BG38) -> 0 | AN37: =IF(요율!$H$7="○",IF(AE37>=요율!$D$6,ROUNDDOWN(AH37*요율!$C$4%,-1),0),0) -> 0 | AQ37: =BL37 -> 0 | AT37: =SUM(AK37:AS38) -> 0 | AW37: =AH37-AT37-AT38 -> 0 | BA37: =IF(ISERROR(VLOOKUP($B37,주소록!$A$3:$K$523,3,0)),"",VLOOKUP($B37,주소록!$A$3:$K$523,2,0)) | BB37: 1 | BC37: =A37 -> 16 | BD37: =IF(OR(MID(C37,8,1)<"3",AND(MID(C37,8,1)>="5",MID(C37,8,1)<="6")),TEXT(TEXT(LEFT(C37,6),"1900-00-00"),"yyyy년 m월 d일"),TEXT(TEXT(LEFT(C37,6),"2000-00-00"),"yyyy년 m월 d일")) | BG37: =IFERROR(INT( ( TEXT($O$3,"yyyy.mmdd") - TEXT(BD37,"yyyy.mmdd") ) ),0) -> 0 | BJ37: =IF(BG37>59,"60세이상",IF(OR(AE37<요율!$D$6,AH37=0),0,IF(AH37<요율!$C$7,요율!$D$7,IF(AH37>요율!$C$8,요율!$D$8,+TRUNC(AH37*요율!$C$6%,-1))))) -> 0 | BK37: =IF(BG37>59,"60세이상",IF(OR(AH37<2200000,AH37=0),0,IF(AH37<요율!$C$7,요율!$D$7,IF(AH37>요율!$C$8,요율!$D$8,+TRUNC(AH37*요율!$C$6%,-1))))) -> 0 | BL37: =IF(BK37>0,BK37,BJ37) -> 0 | BM37: =ROUNDDOWN(IF($AG37*O37>요율!$E$3,($AG37*O37-요율!$E$3)*요율!$C$3%*요율!$D$3%,0),-1) -> 0 | BN37: =ROUNDDOWN(IF($AG37*P37>요율!$E$3,($AG37*P37-요율!$E$3)*요율!$C$3%*요율!$D$3%,0),-1) -> 0 | BO37: =ROUNDDOWN(IF($AG37*Q37>요율!$E$3,($AG37*Q37-요율!$E$3)*요율!$C$3%*요율!$D$3%,0),-1) -> 0 | BP37: =ROUNDDOWN(IF($AG37*R37>요율!$E$3,($AG37*R37-요율!$E$3)*요율!$C$3%*요율!$D$3%,0),-1) -> 0 | BQ37: =ROUNDDOWN(IF($AG37*S37>요율!$E$3,($AG37*S37-요율!$E$3)*요율!$C$3%*요율!$D$3%,0),-1) -> 0 | BR37: =ROUNDDOWN(IF($AG37*T37>요율!$E$3,($AG37*T37-요율!$E$3)*요율!$C$3%*요율!$D$3%,0),-1) -> 0 | BS37: =ROUNDDOWN(IF($AG37*U37>요율!$E$3,($AG37*U37-요율!$E$3)*요율!$C$3%*요율!$D$3%,0),-1) -> 0 | BT37: =ROUNDDOWN(IF($AG37*V37>요율!$E$3,($AG37*V37-요율!$E$3)*요율!$C$3%*요율!$D$3%,0),-1) -> 0 | ... CB37: =ROUNDDOWN(IF($AG37*AD37>요율!$E$3,($AG37*AD37-요율!$E$3)*요율!$C$3%*요율!$D$3%,0),-1) -> 0 | CD37: =IFERROR(VLOOKUP(B37,주소록,9,FALSE),"")
B38: =BA37 | C38: =IF(ISERROR(VLOOKUP(B37,주소록!$A$3:$K$523,7,0)),"",VLOOKUP(B37,주소록!$A$3:$K$523,5,0)) | G38: =IF(ISERROR(VLOOKUP(B37,주소록!$A$3:$K$523,9,0)),"",VLOOKUP(B37,주소록!$A$3:$K$523,7,0)) | J38: =IF(ISERROR(VLOOKUP(B37,주소록!$A$3:$K$523,10,0)),"",VLOOKUP(B37,주소록!$A$3:$K$523,8,0)) | AE38: =SUM(O37:AD38) -> 0 | AK38: =IF(C37=0,"",IF(MID(C37,7,1)="5","",IF(MID(C37,7,1)="6","",ROUNDDOWN((AK37*10%),-1)))) -> 0 | AN38: =ROUNDDOWN(AN37*요율!$F$5,-1) -> 0 | AQ38: =IF(OR(AND(요율!$H$8="X",요율!$H$9="X",MID(C37,8,1)>="5"),AND(요율!$H$8="○",요율!$H$9="X",MID(C37,8,1)>="5")),"외국인",IF(요율!$H$8="X",IF(C37="",0,IF(OR(MID(C37,8,1)<"3",AND(MID(C37,8,1)>="5",MID(C37,8,1)<="6")),IF(INT(TEXT($O$3,"yyyy.mmdd")-TEXT(TEXT(LEFT(C37,6),"1900-00-00"),"yyyy.mmdd"))>=65,"65세이상",+TRUNC(AH37*요율!$C$9%,-1)),IF(INT(TEXT($O$3,"yyyy.mmdd")-TEXT(TEXT(LEFT(C37,6),"2000-00-00"),"yyyy.mmdd"))>=65,"65세이상",+TRUNC(AH37*요율!$C$9%,-1)))),+TRUNC(AH37*요율!$C$9%,-1))) -> 0 | BA38: =BA37 | BB38: 2 | BD38: =B37 -> 0 | BG38: =SUM(BM37:CB38) -> 0 | BM38: =ROUNDDOWN(IF($AG37*O38>요율!$E$3,($AG37*O38-요율!$E$3)*요율!$C$3%*요율!$D$3%,0),-1) -> 0 | BN38: =ROUNDDOWN(IF($AG37*P38>요율!$E$3,($AG37*P38-요율!$E$3)*요율!$C$3%*요율!$D$3%,0),-1) -> 0 | BO38: =ROUNDDOWN(IF($AG37*Q38>요율!$E$3,($AG37*Q38-요율!$E$3)*요율!$C$3%*요율!$D$3%,0),-1) -> 0 | BP38: =ROUNDDOWN(IF($AG37*R38>요율!$E$3,($AG37*R38-요율!$E$3)*요율!$C$3%*요율!$D$3%,0),-1) -> 0 | BQ38: =ROUNDDOWN(IF($AG37*S38>요율!$E$3,($AG37*S38-요율!$E$3)*요율!$C$3%*요율!$D$3%,0),-1) -> 0 | BR38: =ROUNDDOWN(IF($AG37*T38>요율!$E$3,($AG37*T38-요율!$E$3)*요율!$C$3%*요율!$D$3%,0),-1) -> 0 | BS38: =ROUNDDOWN(IF($AG37*U38>요율!$E$3,($AG37*U38-요율!$E$3)*요율!$C$3%*요율!$D$3%,0),-1) -> 0 | BT38: =ROUNDDOWN(IF($AG37*V38>요율!$E$3,($AG37*V38-요율!$E$3)*요율!$C$3%*요율!$D$3%,0),-1) -> 0 | ... CB38: =ROUNDDOWN(IF($AG37*AD38>요율!$E$3,($AG37*AD38-요율!$E$3)*요율!$C$3%*요율!$D$3%,0),-1) -> 0
A39: =A37+1 -> 17 | C39: =IF(ISERROR(VLOOKUP(B39,주소록!$A$3:$K$523,5,0)),"",VLOOKUP(B39,주소록!$A$3:$K$523,3,0)) | G39: =IF(ISERROR(VLOOKUP(B39,주소록!$A$3:$K$523,6,0)),"",VLOOKUP(B39,주소록!$A$3:$K$523,4,0)) | AE39: =COUNTIF(O39:AD40,">=0.5") -> 0 | AH39: =AE40*AG39 -> 0 | AK39: =IF(BG40<1000, 0, BG40) -> 0 | AN39: =IF(요율!$H$7="○",IF(AE39>=요율!$D$6,ROUNDDOWN(AH39*요율!$C$4%,-1),0),0) -> 0 | AQ39: =BL39 -> 0 | AT39: =SUM(AK39:AS40) -> 0 | AW39: =AH39-AT39-AT40 -> 0 | BA39: =IF(ISERROR(VLOOKUP($B39,주소록!$A$3:$K$523,3,0)),"",VLOOKUP($B39,주소록!$A$3:$K$523,2,0)) | BB39: 1 | BC39: =A39 -> 17 | BD39: =IF(OR(MID(C39,8,1)<"3",AND(MID(C39,8,1)>="5",MID(C39,8,1)<="6")),TEXT(TEXT(LEFT(C39,6),"1900-00-00"),"yyyy년 m월 d일"),TEXT(TEXT(LEFT(C39,6),"2000-00-00"),"yyyy년 m월 d일")) | BG39: =IFERROR(INT( ( TEXT($O$3,"yyyy.mmdd") - TEXT(BD39,"yyyy.mmdd") ) ),0) -> 0 | BJ39: =IF(BG39>59,"60세이상",IF(OR(AE39<요율!$D$6,AH39=0),0,IF(AH39<요율!$C$7,요율!$D$7,IF(AH39>요율!$C$8,요율!$D$8,+TRUNC(AH39*요율!$C$6%,-1))))) -> 0 | BK39: =IF(BG39>59,"60세이상",IF(OR(AH39<2200000,AH39=0),0,IF(AH39<요율!$C$7,요율!$D$7,IF(AH39>요율!$C$8,요율!$D$8,+TRUNC(AH39*요율!$C$6%,-1))))) -> 0 | BL39: =IF(BK39>0,BK39,BJ39) -> 0 | BM39: =ROUNDDOWN(IF($AG39*O39>요율!$E$3,($AG39*O39-요율!$E$3)*요율!$C$3%*요율!$D$3%,0),-1) -> 0 | BN39: =ROUNDDOWN(IF($AG39*P39>요율!$E$3,($AG39*P39-요율!$E$3)*요율!$C$3%*요율!$D$3%,0),-1) -> 0 | BO39: =ROUNDDOWN(IF($AG39*Q39>요율!$E$3,($AG39*Q39-요율!$E$3)*요율!$C$3%*요율!$D$3%,0),-1) -> 0 | BP39: =ROUNDDOWN(IF($AG39*R39>요율!$E$3,($AG39*R39-요율!$E$3)*요율!$C$3%*요율!$D$3%,0),-1) -> 0 | BQ39: =ROUNDDOWN(IF($AG39*S39>요율!$E$3,($AG39*S39-요율!$E$3)*요율!$C$3%*요율!$D$3%,0),-1) -> 0 | BR39: =ROUNDDOWN(IF($AG39*T39>요율!$E$3,($AG39*T39-요율!$E$3)*요율!$C$3%*요율!$D$3%,0),-1) -> 0 | BS39: =ROUNDDOWN(IF($AG39*U39>요율!$E$3,($AG39*U39-요율!$E$3)*요율!$C$3%*요율!$D$3%,0),-1) -> 0 | BT39: =ROUNDDOWN(IF($AG39*V39>요율!$E$3,($AG39*V39-요율!$E$3)*요율!$C$3%*요율!$D$3%,0),-1) -> 0 | ... CB39: =ROUNDDOWN(IF($AG39*AD39>요율!$E$3,($AG39*AD39-요율!$E$3)*요율!$C$3%*요율!$D$3%,0),-1) -> 0 | CD39: =IFERROR(VLOOKUP(B39,주소록,9,FALSE),"")
B40: =BA39 | C40: =IF(ISERROR(VLOOKUP(B39,주소록!$A$3:$K$523,7,0)),"",VLOOKUP(B39,주소록!$A$3:$K$523,5,0)) | G40: =IF(ISERROR(VLOOKUP(B39,주소록!$A$3:$K$523,9,0)),"",VLOOKUP(B39,주소록!$A$3:$K$523,7,0)) | J40: =IF(ISERROR(VLOOKUP(B39,주소록!$A$3:$K$523,10,0)),"",VLOOKUP(B39,주소록!$A$3:$K$523,8,0)) | AE40: =SUM(O39:AD40) -> 0 | AK40: =IF(C39=0,"",IF(MID(C39,7,1)="5","",IF(MID(C39,7,1)="6","",ROUNDDOWN((AK39*10%),-1)))) -> 0 | AN40: =ROUNDDOWN(AN39*요율!$F$5,-1) -> 0 | AQ40: =IF(OR(AND(요율!$H$8="X",요율!$H$9="X",MID(C39,8,1)>="5"),AND(요율!$H$8="○",요율!$H$9="X",MID(C39,8,1)>="5")),"외국인",IF(요율!$H$8="X",IF(C39="",0,IF(OR(MID(C39,8,1)<"3",AND(MID(C39,8,1)>="5",MID(C39,8,1)<="6")),IF(INT(TEXT($O$3,"yyyy.mmdd")-TEXT(TEXT(LEFT(C39,6),"1900-00-00"),"yyyy.mmdd"))>=65,"65세이상",+TRUNC(AH39*요율!$C$9%,-1)),IF(INT(TEXT($O$3,"yyyy.mmdd")-TEXT(TEXT(LEFT(C39,6),"2000-00-00"),"yyyy.mmdd"))>=65,"65세이상",+TRUNC(AH39*요율!$C$9%,-1)))),+TRUNC(AH39*요율!$C$9%,-1))) -> 0 | BA40: =BA39 | BB40: 2 | BD40: =B39 -> 0 | BG40: =SUM(BM39:CB40) -> 0 | BM40: =ROUNDDOWN(IF($AG39*O40>요율!$E$3,($AG39*O40-요율!$E$3)*요율!$C$3%*요율!$D$3%,0),-1) -> 0 | BN40: =ROUNDDOWN(IF($AG39*P40>요율!$E$3,($AG39*P40-요율!$E$3)*요율!$C$3%*요율!$D$3%,0),-1) -> 0 | BO40: =ROUNDDOWN(IF($AG39*Q40>요율!$E$3,($AG39*Q40-요율!$E$3)*요율!$C$3%*요율!$D$3%,0),-1) -> 0 | BP40: =ROUNDDOWN(IF($AG39*R40>요율!$E$3,($AG39*R40-요율!$E$3)*요율!$C$3%*요율!$D$3%,0),-1) -> 0 | BQ40: =ROUNDDOWN(IF($AG39*S40>요율!$E$3,($AG39*S40-요율!$E$3)*요율!$C$3%*요율!$D$3%,0),-1) -> 0 | BR40: =ROUNDDOWN(IF($AG39*T40>요율!$E$3,($AG39*T40-요율!$E$3)*요율!$C$3%*요율!$D$3%,0),-1) -> 0 | BS40: =ROUNDDOWN(IF($AG39*U40>요율!$E$3,($AG39*U40-요율!$E$3)*요율!$C$3%*요율!$D$3%,0),-1) -> 0 | BT40: =ROUNDDOWN(IF($AG39*V40>요율!$E$3,($AG39*V40-요율!$E$3)*요율!$C$3%*요율!$D$3%,0),-1) -> 0 | ... CB40: =ROUNDDOWN(IF($AG39*AD40>요율!$E$3,($AG39*AD40-요율!$E$3)*요율!$C$3%*요율!$D$3%,0),-1) -> 0
A41: =A39+1 -> 18 | C41: =IF(ISERROR(VLOOKUP(B41,주소록!$A$3:$K$523,5,0)),"",VLOOKUP(B41,주소록!$A$3:$K$523,3,0)) | G41: =IF(ISERROR(VLOOKUP(B41,주소록!$A$3:$K$523,6,0)),"",VLOOKUP(B41,주소록!$A$3:$K$523,4,0)) | AE41: =COUNTIF(O41:AD42,">=0.5") -> 0 | AH41: =AE42*AG41 -> 0 | AK41: =IF(BG42<1000, 0, BG42) -> 0 | AN41: =IF(요율!$H$7="○",IF(AE41>=요율!$D$6,ROUNDDOWN(AH41*요율!$C$4%,-1),0),0) -> 0 | AQ41: =BL41 -> 0 | AT41: =SUM(AK41:AS42) -> 0 | AW41: =AH41-AT41-AT42 -> 0 | BA41: =IF(ISERROR(VLOOKUP($B41,주소록!$A$3:$K$523,3,0)),"",VLOOKUP($B41,주소록!$A$3:$K$523,2,0)) | BB41: 1 | BC41: =A41 -> 18 | BD41: =IF(OR(MID(C41,8,1)<"3",AND(MID(C41,8,1)>="5",MID(C41,8,1)<="6")),TEXT(TEXT(LEFT(C41,6),"1900-00-00"),"yyyy년 m월 d일"),TEXT(TEXT(LEFT(C41,6),"2000-00-00"),"yyyy년 m월 d일")) | BG41: =IFERROR(INT( ( TEXT($O$3,"yyyy.mmdd") - TEXT(BD41,"yyyy.mmdd") ) ),0) -> 0 | BJ41: =IF(BG41>59,"60세이상",IF(OR(AE41<요율!$D$6,AH41=0),0,IF(AH41<요율!$C$7,요율!$D$7,IF(AH41>요율!$C$8,요율!$D$8,+TRUNC(AH41*요율!$C$6%,-1))))) -> 0 | BK41: =IF(BG41>59,"60세이상",IF(OR(AH41<2200000,AH41=0),0,IF(AH41<요율!$C$7,요율!$D$7,IF(AH41>요율!$C$8,요율!$D$8,+TRUNC(AH41*요율!$C$6%,-1))))) -> 0 | BL41: =IF(BK41>0,BK41,BJ41) -> 0 | BM41: =ROUNDDOWN(IF($AG41*O41>요율!$E$3,($AG41*O41-요율!$E$3)*요율!$C$3%*요율!$D$3%,0),-1) -> 0 | BN41: =ROUNDDOWN(IF($AG41*P41>요율!$E$3,($AG41*P41-요율!$E$3)*요율!$C$3%*요율!$D$3%,0),-1) -> 0 | BO41: =ROUNDDOWN(IF($AG41*Q41>요율!$E$3,($AG41*Q41-요율!$E$3)*요율!$C$3%*요율!$D$3%,0),-1) -> 0 | BP41: =ROUNDDOWN(IF($AG41*R41>요율!$E$3,($AG41*R41-요율!$E$3)*요율!$C$3%*요율!$D$3%,0),-1) -> 0 | BQ41: =ROUNDDOWN(IF($AG41*S41>요율!$E$3,($AG41*S41-요율!$E$3)*요율!$C$3%*요율!$D$3%,0),-1) -> 0 | BR41: =ROUNDDOWN(IF($AG41*T41>요율!$E$3,($AG41*T41-요율!$E$3)*요율!$C$3%*요율!$D$3%,0),-1) -> 0 | BS41: =ROUNDDOWN(IF($AG41*U41>요율!$E$3,($AG41*U41-요율!$E$3)*요율!$C$3%*요율!$D$3%,0),-1) -> 0 | BT41: =ROUNDDOWN(IF($AG41*V41>요율!$E$3,($AG41*V41-요율!$E$3)*요율!$C$3%*요율!$D$3%,0),-1) -> 0 | ... CB41: =ROUNDDOWN(IF($AG41*AD41>요율!$E$3,($AG41*AD41-요율!$E$3)*요율!$C$3%*요율!$D$3%,0),-1) -> 0 | CD41: =IFERROR(VLOOKUP(B41,주소록,9,FALSE),"")
B42: =BA41 | C42: =IF(ISERROR(VLOOKUP(B41,주소록!$A$3:$K$523,7,0)),"",VLOOKUP(B41,주소록!$A$3:$K$523,5,0)) | G42: =IF(ISERROR(VLOOKUP(B41,주소록!$A$3:$K$523,9,0)),"",VLOOKUP(B41,주소록!$A$3:$K$523,7,0)) | J42: =IF(ISERROR(VLOOKUP(B41,주소록!$A$3:$K$523,10,0)),"",VLOOKUP(B41,주소록!$A$3:$K$523,8,0)) | AE42: =SUM(O41:AD42) -> 0 | AK42: =IF(C41=0,"",IF(MID(C41,7,1)="5","",IF(MID(C41,7,1)="6","",ROUNDDOWN((AK41*10%),-1)))) -> 0 | AN42: =ROUNDDOWN(AN41*요율!$F$5,-1) -> 0 | AQ42: =IF(OR(AND(요율!$H$8="X",요율!$H$9="X",MID(C41,8,1)>="5"),AND(요율!$H$8="○",요율!$H$9="X",MID(C41,8,1)>="5")),"외국인",IF(요율!$H$8="X",IF(C41="",0,IF(OR(MID(C41,8,1)<"3",AND(MID(C41,8,1)>="5",MID(C41,8,1)<="6")),IF(INT(TEXT($O$3,"yyyy.mmdd")-TEXT(TEXT(LEFT(C41,6),"1900-00-00"),"yyyy.mmdd"))>=65,"65세이상",+TRUNC(AH41*요율!$C$9%,-1)),IF(INT(TEXT($O$3,"yyyy.mmdd")-TEXT(TEXT(LEFT(C41,6),"2000-00-00"),"yyyy.mmdd"))>=65,"65세이상",+TRUNC(AH41*요율!$C$9%,-1)))),+TRUNC(AH41*요율!$C$9%,-1))) -> 0 | BA42: =BA41 | BB42: 2 | BD42: =B41 -> 0 | BG42: =SUM(BM41:CB42) -> 0 | BM42: =ROUNDDOWN(IF($AG41*O42>요율!$E$3,($AG41*O42-요율!$E$3)*요율!$C$3%*요율!$D$3%,0),-1) -> 0 | BN42: =ROUNDDOWN(IF($AG41*P42>요율!$E$3,($AG41*P42-요율!$E$3)*요율!$C$3%*요율!$D$3%,0),-1) -> 0 | BO42: =ROUNDDOWN(IF($AG41*Q42>요율!$E$3,($AG41*Q42-요율!$E$3)*요율!$C$3%*요율!$D$3%,0),-1) -> 0 | BP42: =ROUNDDOWN(IF($AG41*R42>요율!$E$3,($AG41*R42-요율!$E$3)*요율!$C$3%*요율!$D$3%,0),-1) -> 0 | BQ42: =ROUNDDOWN(IF($AG41*S42>요율!$E$3,($AG41*S42-요율!$E$3)*요율!$C$3%*요율!$D$3%,0),-1) -> 0 | BR42: =ROUNDDOWN(IF($AG41*T42>요율!$E$3,($AG41*T42-요율!$E$3)*요율!$C$3%*요율!$D$3%,0),-1) -> 0 | BS42: =ROUNDDOWN(IF($AG41*U42>요율!$E$3,($AG41*U42-요율!$E$3)*요율!$C$3%*요율!$D$3%,0),-1) -> 0 | BT42: =ROUNDDOWN(IF($AG41*V42>요율!$E$3,($AG41*V42-요율!$E$3)*요율!$C$3%*요율!$D$3%,0),-1) -> 0 | ... CB42: =ROUNDDOWN(IF($AG41*AD42>요율!$E$3,($AG41*AD42-요율!$E$3)*요율!$C$3%*요율!$D$3%,0),-1) -> 0
A43: =A41+1 -> 19 | C43: =IF(ISERROR(VLOOKUP(B43,주소록!$A$3:$K$523,5,0)),"",VLOOKUP(B43,주소록!$A$3:$K$523,3,0)) | G43: =IF(ISERROR(VLOOKUP(B43,주소록!$A$3:$K$523,6,0)),"",VLOOKUP(B43,주소록!$A$3:$K$523,4,0)) | AE43: =COUNTIF(O43:AD44,">=0.5") -> 0 | AH43: =AE44*AG43 -> 0 | AK43: =IF(BG44<1000, 0, BG44) -> 0 | AN43: =IF(요율!$H$7="○",IF(AE43>=요율!$D$6,ROUNDDOWN(AH43*요율!$C$4%,-1),0),0) -> 0 | AQ43: =BL43 -> 0 | AT43: =SUM(AK43:AS44) -> 0 | AW43: =AH43-AT43-AT44 -> 0 | BA43: =IF(ISERROR(VLOOKUP($B43,주소록!$A$3:$K$523,3,0)),"",VLOOKUP($B43,주소록!$A$3:$K$523,2,0)) | BB43: 1 | BC43: =A43 -> 19 | BD43: =IF(OR(MID(C43,8,1)<"3",AND(MID(C43,8,1)>="5",MID(C43,8,1)<="6")),TEXT(TEXT(LEFT(C43,6),"1900-00-00"),"yyyy년 m월 d일"),TEXT(TEXT(LEFT(C43,6),"2000-00-00"),"yyyy년 m월 d일")) | BG43: =IFERROR(INT( ( TEXT($O$3,"yyyy.mmdd") - TEXT(BD43,"yyyy.mmdd") ) ),0) -> 0 | BJ43: =IF(BG43>59,"60세이상",IF(OR(AE43<요율!$D$6,AH43=0),0,IF(AH43<요율!$C$7,요율!$D$7,IF(AH43>요율!$C$8,요율!$D$8,+TRUNC(AH43*요율!$C$6%,-1))))) -> 0 | BK43: =IF(BG43>59,"60세이상",IF(OR(AH43<2200000,AH43=0),0,IF(AH43<요율!$C$7,요율!$D$7,IF(AH43>요율!$C$8,요율!$D$8,+TRUNC(AH43*요율!$C$6%,-1))))) -> 0 | BL43: =IF(BK43>0,BK43,BJ43) -> 0 | BM43: =ROUNDDOWN(IF($AG43*O43>요율!$E$3,($AG43*O43-요율!$E$3)*요율!$C$3%*요율!$D$3%,0),-1) -> 0 | BN43: =ROUNDDOWN(IF($AG43*P43>요율!$E$3,($AG43*P43-요율!$E$3)*요율!$C$3%*요율!$D$3%,0),-1) -> 0 | BO43: =ROUNDDOWN(IF($AG43*Q43>요율!$E$3,($AG43*Q43-요율!$E$3)*요율!$C$3%*요율!$D$3%,0),-1) -> 0 | BP43: =ROUNDDOWN(IF($AG43*R43>요율!$E$3,($AG43*R43-요율!$E$3)*요율!$C$3%*요율!$D$3%,0),-1) -> 0 | BQ43: =ROUNDDOWN(IF($AG43*S43>요율!$E$3,($AG43*S43-요율!$E$3)*요율!$C$3%*요율!$D$3%,0),-1) -> 0 | BR43: =ROUNDDOWN(IF($AG43*T43>요율!$E$3,($AG43*T43-요율!$E$3)*요율!$C$3%*요율!$D$3%,0),-1) -> 0 | BS43: =ROUNDDOWN(IF($AG43*U43>요율!$E$3,($AG43*U43-요율!$E$3)*요율!$C$3%*요율!$D$3%,0),-1) -> 0 | BT43: =ROUNDDOWN(IF($AG43*V43>요율!$E$3,($AG43*V43-요율!$E$3)*요율!$C$3%*요율!$D$3%,0),-1) -> 0 | ... CB43: =ROUNDDOWN(IF($AG43*AD43>요율!$E$3,($AG43*AD43-요율!$E$3)*요율!$C$3%*요율!$D$3%,0),-1) -> 0 | CD43: =IFERROR(VLOOKUP(B43,주소록,9,FALSE),"")
B44: =BA43 | C44: =IF(ISERROR(VLOOKUP(B43,주소록!$A$3:$K$523,7,0)),"",VLOOKUP(B43,주소록!$A$3:$K$523,5,0)) | G44: =IF(ISERROR(VLOOKUP(B43,주소록!$A$3:$K$523,9,0)),"",VLOOKUP(B43,주소록!$A$3:$K$523,7,0)) | J44: =IF(ISERROR(VLOOKUP(B43,주소록!$A$3:$K$523,10,0)),"",VLOOKUP(B43,주소록!$A$3:$K$523,8,0)) | AE44: =SUM(O43:AD44) -> 0 | AK44: =IF(C43=0,"",IF(MID(C43,7,1)="5","",IF(MID(C43,7,1)="6","",ROUNDDOWN((AK43*10%),-1)))) -> 0 | AN44: =ROUNDDOWN(AN43*요율!$F$5,-1) -> 0 | AQ44: =IF(OR(AND(요율!$H$8="X",요율!$H$9="X",MID(C43,8,1)>="5"),AND(요율!$H$8="○",요율!$H$9="X",MID(C43,8,1)>="5")),"외국인",IF(요율!$H$8="X",IF(C43="",0,IF(OR(MID(C43,8,1)<"3",AND(MID(C43,8,1)>="5",MID(C43,8,1)<="6")),IF(INT(TEXT($O$3,"yyyy.mmdd")-TEXT(TEXT(LEFT(C43,6),"1900-00-00"),"yyyy.mmdd"))>=65,"65세이상",+TRUNC(AH43*요율!$C$9%,-1)),IF(INT(TEXT($O$3,"yyyy.mmdd")-TEXT(TEXT(LEFT(C43,6),"2000-00-00"),"yyyy.mmdd"))>=65,"65세이상",+TRUNC(AH43*요율!$C$9%,-1)))),+TRUNC(AH43*요율!$C$9%,-1))) -> 0 | BA44: =BA43 | BB44: 2 | BD44: =B43 -> 0 | BG44: =SUM(BM43:CB44) -> 0 | BM44: =ROUNDDOWN(IF($AG43*O44>요율!$E$3,($AG43*O44-요율!$E$3)*요율!$C$3%*요율!$D$3%,0),-1) -> 0 | BN44: =ROUNDDOWN(IF($AG43*P44>요율!$E$3,($AG43*P44-요율!$E$3)*요율!$C$3%*요율!$D$3%,0),-1) -> 0 | BO44: =ROUNDDOWN(IF($AG43*Q44>요율!$E$3,($AG43*Q44-요율!$E$3)*요율!$C$3%*요율!$D$3%,0),-1) -> 0 | BP44: =ROUNDDOWN(IF($AG43*R44>요율!$E$3,($AG43*R44-요율!$E$3)*요율!$C$3%*요율!$D$3%,0),-1) -> 0 | BQ44: =ROUNDDOWN(IF($AG43*S44>요율!$E$3,($AG43*S44-요율!$E$3)*요율!$C$3%*요율!$D$3%,0),-1) -> 0 | BR44: =ROUNDDOWN(IF($AG43*T44>요율!$E$3,($AG43*T44-요율!$E$3)*요율!$C$3%*요율!$D$3%,0),-1) -> 0 | BS44: =ROUNDDOWN(IF($AG43*U44>요율!$E$3,($AG43*U44-요율!$E$3)*요율!$C$3%*요율!$D$3%,0),-1) -> 0 | BT44: =ROUNDDOWN(IF($AG43*V44>요율!$E$3,($AG43*V44-요율!$E$3)*요율!$C$3%*요율!$D$3%,0),-1) -> 0 | ... CB44: =ROUNDDOWN(IF($AG43*AD44>요율!$E$3,($AG43*AD44-요율!$E$3)*요율!$C$3%*요율!$D$3%,0),-1) -> 0
A45: =A43+1 -> 20 | C45: =IF(ISERROR(VLOOKUP(B45,주소록!$A$3:$K$523,5,0)),"",VLOOKUP(B45,주소록!$A$3:$K$523,3,0)) | G45: =IF(ISERROR(VLOOKUP(B45,주소록!$A$3:$K$523,6,0)),"",VLOOKUP(B45,주소록!$A$3:$K$523,4,0)) | AE45: =COUNTIF(O45:AD46,">=0.5") -> 0 | AH45: =AE46*AG45 -> 0 | AK45: =IF(BG46<1000, 0, BG46) -> 0 | AN45: =IF(요율!$H$7="○",IF(AE45>=요율!$D$6,ROUNDDOWN(AH45*요율!$C$4%,-1),0),0) -> 0 | AQ45: =BL45 -> 0 | AT45: =SUM(AK45:AS46) -> 0 | AW45: =AH45-AT45-AT46 -> 0 | BA45: =IF(ISERROR(VLOOKUP($B45,주소록!$A$3:$K$523,3,0)),"",VLOOKUP($B45,주소록!$A$3:$K$523,2,0)) | BB45: 1 | BC45: =A45 -> 20 | BD45: =IF(OR(MID(C45,8,1)<"3",AND(MID(C45,8,1)>="5",MID(C45,8,1)<="6")),TEXT(TEXT(LEFT(C45,6),"1900-00-00"),"yyyy년 m월 d일"),TEXT(TEXT(LEFT(C45,6),"2000-00-00"),"yyyy년 m월 d일")) | BG45: =IFERROR(INT( ( TEXT($O$3,"yyyy.mmdd") - TEXT(BD45,"yyyy.mmdd") ) ),0) -> 0 | BJ45: =IF(BG45>59,"60세이상",IF(OR(AE45<요율!$D$6,AH45=0),0,IF(AH45<요율!$C$7,요율!$D$7,IF(AH45>요율!$C$8,요율!$D$8,+TRUNC(AH45*요율!$C$6%,-1))))) -> 0 | BK45: =IF(BG45>59,"60세이상",IF(OR(AH45<2200000,AH45=0),0,IF(AH45<요율!$C$7,요율!$D$7,IF(AH45>요율!$C$8,요율!$D$8,+TRUNC(AH45*요율!$C$6%,-1))))) -> 0 | BL45: =IF(BK45>0,BK45,BJ45) -> 0 | BM45: =ROUNDDOWN(IF($AG45*O45>요율!$E$3,($AG45*O45-요율!$E$3)*요율!$C$3%*요율!$D$3%,0),-1) -> 0 | BN45: =ROUNDDOWN(IF($AG45*P45>요율!$E$3,($AG45*P45-요율!$E$3)*요율!$C$3%*요율!$D$3%,0),-1) -> 0 | BO45: =ROUNDDOWN(IF($AG45*Q45>요율!$E$3,($AG45*Q45-요율!$E$3)*요율!$C$3%*요율!$D$3%,0),-1) -> 0 | BP45: =ROUNDDOWN(IF($AG45*R45>요율!$E$3,($AG45*R45-요율!$E$3)*요율!$C$3%*요율!$D$3%,0),-1) -> 0 | BQ45: =ROUNDDOWN(IF($AG45*S45>요율!$E$3,($AG45*S45-요율!$E$3)*요율!$C$3%*요율!$D$3%,0),-1) -> 0 | BR45: =ROUNDDOWN(IF($AG45*T45>요율!$E$3,($AG45*T45-요율!$E$3)*요율!$C$3%*요율!$D$3%,0),-1) -> 0 | BS45: =ROUNDDOWN(IF($AG45*U45>요율!$E$3,($AG45*U45-요율!$E$3)*요율!$C$3%*요율!$D$3%,0),-1) -> 0 | BT45: =ROUNDDOWN(IF($AG45*V45>요율!$E$3,($AG45*V45-요율!$E$3)*요율!$C$3%*요율!$D$3%,0),-1) -> 0 | ... CB45: =ROUNDDOWN(IF($AG45*AD45>요율!$E$3,($AG45*AD45-요율!$E$3)*요율!$C$3%*요율!$D$3%,0),-1) -> 0 | CD45: =IFERROR(VLOOKUP(B45,주소록,9,FALSE),"")
B46: =BA45 | C46: =IF(ISERROR(VLOOKUP(B45,주소록!$A$3:$K$523,7,0)),"",VLOOKUP(B45,주소록!$A$3:$K$523,5,0)) | G46: =IF(ISERROR(VLOOKUP(B45,주소록!$A$3:$K$523,9,0)),"",VLOOKUP(B45,주소록!$A$3:$K$523,7,0)) | J46: =IF(ISERROR(VLOOKUP(B45,주소록!$A$3:$K$523,10,0)),"",VLOOKUP(B45,주소록!$A$3:$K$523,8,0)) | AE46: =SUM(O45:AD46) -> 0 | AK46: =IF(C45=0,"",IF(MID(C45,7,1)="5","",IF(MID(C45,7,1)="6","",ROUNDDOWN((AK45*10%),-1)))) -> 0 | AN46: =ROUNDDOWN(AN45*요율!$F$5,-1) -> 0 | AQ46: =IF(OR(AND(요율!$H$8="X",요율!$H$9="X",MID(C45,8,1)>="5"),AND(요율!$H$8="○",요율!$H$9="X",MID(C45,8,1)>="5")),"외국인",IF(요율!$H$8="X",IF(C45="",0,IF(OR(MID(C45,8,1)<"3",AND(MID(C45,8,1)>="5",MID(C45,8,1)<="6")),IF(INT(TEXT($O$3,"yyyy.mmdd")-TEXT(TEXT(LEFT(C45,6),"1900-00-00"),"yyyy.mmdd"))>=65,"65세이상",+TRUNC(AH45*요율!$C$9%,-1)),IF(INT(TEXT($O$3,"yyyy.mmdd")-TEXT(TEXT(LEFT(C45,6),"2000-00-00"),"yyyy.mmdd"))>=65,"65세이상",+TRUNC(AH45*요율!$C$9%,-1)))),+TRUNC(AH45*요율!$C$9%,-1))) -> 0 | BA46: =BA45 | BB46: 2 | BD46: =B45 -> 0 | BG46: =SUM(BM45:CB46) -> 0 | BM46: =ROUNDDOWN(IF($AG45*O46>요율!$E$3,($AG45*O46-요율!$E$3)*요율!$C$3%*요율!$D$3%,0),-1) -> 0 | BN46: =ROUNDDOWN(IF($AG45*P46>요율!$E$3,($AG45*P46-요율!$E$3)*요율!$C$3%*요율!$D$3%,0),-1) -> 0 | BO46: =ROUNDDOWN(IF($AG45*Q46>요율!$E$3,($AG45*Q46-요율!$E$3)*요율!$C$3%*요율!$D$3%,0),-1) -> 0 | BP46: =ROUNDDOWN(IF($AG45*R46>요율!$E$3,($AG45*R46-요율!$E$3)*요율!$C$3%*요율!$D$3%,0),-1) -> 0 | BQ46: =ROUNDDOWN(IF($AG45*S46>요율!$E$3,($AG45*S46-요율!$E$3)*요율!$C$3%*요율!$D$3%,0),-1) -> 0 | BR46: =ROUNDDOWN(IF($AG45*T46>요율!$E$3,($AG45*T46-요율!$E$3)*요율!$C$3%*요율!$D$3%,0),-1) -> 0 | BS46: =ROUNDDOWN(IF($AG45*U46>요율!$E$3,($AG45*U46-요율!$E$3)*요율!$C$3%*요율!$D$3%,0),-1) -> 0 | BT46: =ROUNDDOWN(IF($AG45*V46>요율!$E$3,($AG45*V46-요율!$E$3)*요율!$C$3%*요율!$D$3%,0),-1) -> 0 | ... CB46: =ROUNDDOWN(IF($AG45*AD46>요율!$E$3,($AG45*AD46-요율!$E$3)*요율!$C$3%*요율!$D$3%,0),-1) -> 0
A47: =A45+1 -> 21 | C47: =IF(ISERROR(VLOOKUP(B47,주소록!$A$3:$K$523,5,0)),"",VLOOKUP(B47,주소록!$A$3:$K$523,3,0)) | G47: =IF(ISERROR(VLOOKUP(B47,주소록!$A$3:$K$523,6,0)),"",VLOOKUP(B47,주소록!$A$3:$K$523,4,0)) | AE47: =COUNTIF(O47:AD48,">=0.5") -> 0 | AH47: =AE48*AG47 -> 0 | AK47: =IF(BG48<1000, 0, BG48) -> 0 | AN47: =IF(요율!$H$7="○",IF(AE47>=요율!$D$6,ROUNDDOWN(AH47*요율!$C$4%,-1),0),0) -> 0 | AQ47: =BL47 -> 0 | AT47: =SUM(AK47:AS48) -> 0 | AW47: =AH47-AT47-AT48 -> 0 | BA47: =IF(ISERROR(VLOOKUP($B47,주소록!$A$3:$K$523,3,0)),"",VLOOKUP($B47,주소록!$A$3:$K$523,2,0)) | BB47: 1 | BC47: =A47 -> 21 | BD47: =IF(OR(MID(C47,8,1)<"3",AND(MID(C47,8,1)>="5",MID(C47,8,1)<="6")),TEXT(TEXT(LEFT(C47,6),"1900-00-00"),"yyyy년 m월 d일"),TEXT(TEXT(LEFT(C47,6),"2000-00-00"),"yyyy년 m월 d일")) | BG47: =IFERROR(INT( ( TEXT($O$3,"yyyy.mmdd") - TEXT(BD47,"yyyy.mmdd") ) ),0) -> 0 | BJ47: =IF(BG47>59,"60세이상",IF(OR(AE47<요율!$D$6,AH47=0),0,IF(AH47<요율!$C$7,요율!$D$7,IF(AH47>요율!$C$8,요율!$D$8,+TRUNC(AH47*요율!$C$6%,-1))))) -> 0 | BK47: =IF(BG47>59,"60세이상",IF(OR(AH47<2200000,AH47=0),0,IF(AH47<요율!$C$7,요율!$D$7,IF(AH47>요율!$C$8,요율!$D$8,+TRUNC(AH47*요율!$C$6%,-1))))) -> 0 | BL47: =IF(BK47>0,BK47,BJ47) -> 0 | BM47: =ROUNDDOWN(IF($AG47*O47>요율!$E$3,($AG47*O47-요율!$E$3)*요율!$C$3%*요율!$D$3%,0),-1) -> 0 | BN47: =ROUNDDOWN(IF($AG47*P47>요율!$E$3,($AG47*P47-요율!$E$3)*요율!$C$3%*요율!$D$3%,0),-1) -> 0 | BO47: =ROUNDDOWN(IF($AG47*Q47>요율!$E$3,($AG47*Q47-요율!$E$3)*요율!$C$3%*요율!$D$3%,0),-1) -> 0 | BP47: =ROUNDDOWN(IF($AG47*R47>요율!$E$3,($AG47*R47-요율!$E$3)*요율!$C$3%*요율!$D$3%,0),-1) -> 0 | BQ47: =ROUNDDOWN(IF($AG47*S47>요율!$E$3,($AG47*S47-요율!$E$3)*요율!$C$3%*요율!$D$3%,0),-1) -> 0 | BR47: =ROUNDDOWN(IF($AG47*T47>요율!$E$3,($AG47*T47-요율!$E$3)*요율!$C$3%*요율!$D$3%,0),-1) -> 0 | BS47: =ROUNDDOWN(IF($AG47*U47>요율!$E$3,($AG47*U47-요율!$E$3)*요율!$C$3%*요율!$D$3%,0),-1) -> 0 | BT47: =ROUNDDOWN(IF($AG47*V47>요율!$E$3,($AG47*V47-요율!$E$3)*요율!$C$3%*요율!$D$3%,0),-1) -> 0 | ... CB47: =ROUNDDOWN(IF($AG47*AD47>요율!$E$3,($AG47*AD47-요율!$E$3)*요율!$C$3%*요율!$D$3%,0),-1) -> 0 | CD47: =IFERROR(VLOOKUP(B47,주소록,9,FALSE),"")
B48: =BA47 | C48: =IF(ISERROR(VLOOKUP(B47,주소록!$A$3:$K$523,7,0)),"",VLOOKUP(B47,주소록!$A$3:$K$523,5,0)) | G48: =IF(ISERROR(VLOOKUP(B47,주소록!$A$3:$K$523,9,0)),"",VLOOKUP(B47,주소록!$A$3:$K$523,7,0)) | J48: =IF(ISERROR(VLOOKUP(B47,주소록!$A$3:$K$523,10,0)),"",VLOOKUP(B47,주소록!$A$3:$K$523,8,0)) | AE48: =SUM(O47:AD48) -> 0 | AK48: =IF(C47=0,"",IF(MID(C47,7,1)="5","",IF(MID(C47,7,1)="6","",ROUNDDOWN((AK47*10%),-1)))) -> 0 | AN48: =ROUNDDOWN(AN47*요율!$F$5,-1) -> 0 | AQ48: =IF(OR(AND(요율!$H$8="X",요율!$H$9="X",MID(C47,8,1)>="5"),AND(요율!$H$8="○",요율!$H$9="X",MID(C47,8,1)>="5")),"외국인",IF(요율!$H$8="X",IF(C47="",0,IF(OR(MID(C47,8,1)<"3",AND(MID(C47,8,1)>="5",MID(C47,8,1)<="6")),IF(INT(TEXT($O$3,"yyyy.mmdd")-TEXT(TEXT(LEFT(C47,6),"1900-00-00"),"yyyy.mmdd"))>=65,"65세이상",+TRUNC(AH47*요율!$C$9%,-1)),IF(INT(TEXT($O$3,"yyyy.mmdd")-TEXT(TEXT(LEFT(C47,6),"2000-00-00"),"yyyy.mmdd"))>=65,"65세이상",+TRUNC(AH47*요율!$C$9%,-1)))),+TRUNC(AH47*요율!$C$9%,-1))) -> 0 | BA48: =BA47 | BB48: 2 | BD48: =B47 -> 0 | BG48: =SUM(BM47:CB48) -> 0 | BM48: =ROUNDDOWN(IF($AG47*O48>요율!$E$3,($AG47*O48-요율!$E$3)*요율!$C$3%*요율!$D$3%,0),-1) -> 0 | BN48: =ROUNDDOWN(IF($AG47*P48>요율!$E$3,($AG47*P48-요율!$E$3)*요율!$C$3%*요율!$D$3%,0),-1) -> 0 | BO48: =ROUNDDOWN(IF($AG47*Q48>요율!$E$3,($AG47*Q48-요율!$E$3)*요율!$C$3%*요율!$D$3%,0),-1) -> 0 | BP48: =ROUNDDOWN(IF($AG47*R48>요율!$E$3,($AG47*R48-요율!$E$3)*요율!$C$3%*요율!$D$3%,0),-1) -> 0 | BQ48: =ROUNDDOWN(IF($AG47*S48>요율!$E$3,($AG47*S48-요율!$E$3)*요율!$C$3%*요율!$D$3%,0),-1) -> 0 | BR48: =ROUNDDOWN(IF($AG47*T48>요율!$E$3,($AG47*T48-요율!$E$3)*요율!$C$3%*요율!$D$3%,0),-1) -> 0 | BS48: =ROUNDDOWN(IF($AG47*U48>요율!$E$3,($AG47*U48-요율!$E$3)*요율!$C$3%*요율!$D$3%,0),-1) -> 0 | BT48: =ROUNDDOWN(IF($AG47*V48>요율!$E$3,($AG47*V48-요율!$E$3)*요율!$C$3%*요율!$D$3%,0),-1) -> 0 | ... CB48: =ROUNDDOWN(IF($AG47*AD48>요율!$E$3,($AG47*AD48-요율!$E$3)*요율!$C$3%*요율!$D$3%,0),-1) -> 0
A49: =A47+1 -> 22 | C49: =IF(ISERROR(VLOOKUP(B49,주소록!$A$3:$K$523,5,0)),"",VLOOKUP(B49,주소록!$A$3:$K$523,3,0)) | G49: =IF(ISERROR(VLOOKUP(B49,주소록!$A$3:$K$523,6,0)),"",VLOOKUP(B49,주소록!$A$3:$K$523,4,0)) | AE49: =COUNTIF(O49:AD50,">=0.5") -> 0 | AH49: =AE50*AG49 -> 0 | AK49: =IF(BG50<1000, 0, BG50) -> 0 | AN49: =IF(요율!$H$7="○",IF(AE49>=요율!$D$6,ROUNDDOWN(AH49*요율!$C$4%,-1),0),0) -> 0 | AQ49: =BL49 -> 0 | AT49: =SUM(AK49:AS50) -> 0 | AW49: =AH49-AT49-AT50 -> 0 | BA49: =IF(ISERROR(VLOOKUP($B49,주소록!$A$3:$K$523,3,0)),"",VLOOKUP($B49,주소록!$A$3:$K$523,2,0)) | BB49: 1 | BC49: =A49 -> 22 | BD49: =IF(OR(MID(C49,8,1)<"3",AND(MID(C49,8,1)>="5",MID(C49,8,1)<="6")),TEXT(TEXT(LEFT(C49,6),"1900-00-00"),"yyyy년 m월 d일"),TEXT(TEXT(LEFT(C49,6),"2000-00-00"),"yyyy년 m월 d일")) | BG49: =IFERROR(INT( ( TEXT($O$3,"yyyy.mmdd") - TEXT(BD49,"yyyy.mmdd") ) ),0) -> 0 | BJ49: =IF(BG49>59,"60세이상",IF(OR(AE49<요율!$D$6,AH49=0),0,IF(AH49<요율!$C$7,요율!$D$7,IF(AH49>요율!$C$8,요율!$D$8,+TRUNC(AH49*요율!$C$6%,-1))))) -> 0 | BK49: =IF(BG49>59,"60세이상",IF(OR(AH49<2200000,AH49=0),0,IF(AH49<요율!$C$7,요율!$D$7,IF(AH49>요율!$C$8,요율!$D$8,+TRUNC(AH49*요율!$C$6%,-1))))) -> 0 | BL49: =IF(BK49>0,BK49,BJ49) -> 0 | BM49: =ROUNDDOWN(IF($AG49*O49>요율!$E$3,($AG49*O49-요율!$E$3)*요율!$C$3%*요율!$D$3%,0),-1) -> 0 | BN49: =ROUNDDOWN(IF($AG49*P49>요율!$E$3,($AG49*P49-요율!$E$3)*요율!$C$3%*요율!$D$3%,0),-1) -> 0 | BO49: =ROUNDDOWN(IF($AG49*Q49>요율!$E$3,($AG49*Q49-요율!$E$3)*요율!$C$3%*요율!$D$3%,0),-1) -> 0 | BP49: =ROUNDDOWN(IF($AG49*R49>요율!$E$3,($AG49*R49-요율!$E$3)*요율!$C$3%*요율!$D$3%,0),-1) -> 0 | BQ49: =ROUNDDOWN(IF($AG49*S49>요율!$E$3,($AG49*S49-요율!$E$3)*요율!$C$3%*요율!$D$3%,0),-1) -> 0 | BR49: =ROUNDDOWN(IF($AG49*T49>요율!$E$3,($AG49*T49-요율!$E$3)*요율!$C$3%*요율!$D$3%,0),-1) -> 0 | BS49: =ROUNDDOWN(IF($AG49*U49>요율!$E$3,($AG49*U49-요율!$E$3)*요율!$C$3%*요율!$D$3%,0),-1) -> 0 | BT49: =ROUNDDOWN(IF($AG49*V49>요율!$E$3,($AG49*V49-요율!$E$3)*요율!$C$3%*요율!$D$3%,0),-1) -> 0 | ... CB49: =ROUNDDOWN(IF($AG49*AD49>요율!$E$3,($AG49*AD49-요율!$E$3)*요율!$C$3%*요율!$D$3%,0),-1) -> 0 | CD49: =IFERROR(VLOOKUP(B49,주소록,9,FALSE),"")
B50: =BA49 | C50: =IF(ISERROR(VLOOKUP(B49,주소록!$A$3:$K$523,7,0)),"",VLOOKUP(B49,주소록!$A$3:$K$523,5,0)) | G50: =IF(ISERROR(VLOOKUP(B49,주소록!$A$3:$K$523,9,0)),"",VLOOKUP(B49,주소록!$A$3:$K$523,7,0)) | J50: =IF(ISERROR(VLOOKUP(B49,주소록!$A$3:$K$523,10,0)),"",VLOOKUP(B49,주소록!$A$3:$K$523,8,0)) | AE50: =SUM(O49:AD50) -> 0 | AK50: =IF(C49=0,"",IF(MID(C49,7,1)="5","",IF(MID(C49,7,1)="6","",ROUNDDOWN((AK49*10%),-1)))) -> 0 | AN50: =ROUNDDOWN(AN49*요율!$F$5,-1) -> 0 | AQ50: =IF(OR(AND(요율!$H$8="X",요율!$H$9="X",MID(C49,8,1)>="5"),AND(요율!$H$8="○",요율!$H$9="X",MID(C49,8,1)>="5")),"외국인",IF(요율!$H$8="X",IF(C49="",0,IF(OR(MID(C49,8,1)<"3",AND(MID(C49,8,1)>="5",MID(C49,8,1)<="6")),IF(INT(TEXT($O$3,"yyyy.mmdd")-TEXT(TEXT(LEFT(C49,6),"1900-00-00"),"yyyy.mmdd"))>=65,"65세이상",+TRUNC(AH49*요율!$C$9%,-1)),IF(INT(TEXT($O$3,"yyyy.mmdd")-TEXT(TEXT(LEFT(C49,6),"2000-00-00"),"yyyy.mmdd"))>=65,"65세이상",+TRUNC(AH49*요율!$C$9%,-1)))),+TRUNC(AH49*요율!$C$9%,-1))) -> 0 | BA50: =BA49 | BB50: 2 | BD50: =B49 -> 0 | BG50: =SUM(BM49:CB50) -> 0 | BM50: =ROUNDDOWN(IF($AG49*O50>요율!$E$3,($AG49*O50-요율!$E$3)*요율!$C$3%*요율!$D$3%,0),-1) -> 0 | BN50: =ROUNDDOWN(IF($AG49*P50>요율!$E$3,($AG49*P50-요율!$E$3)*요율!$C$3%*요율!$D$3%,0),-1) -> 0 | BO50: =ROUNDDOWN(IF($AG49*Q50>요율!$E$3,($AG49*Q50-요율!$E$3)*요율!$C$3%*요율!$D$3%,0),-1) -> 0 | BP50: =ROUNDDOWN(IF($AG49*R50>요율!$E$3,($AG49*R50-요율!$E$3)*요율!$C$3%*요율!$D$3%,0),-1) -> 0 | BQ50: =ROUNDDOWN(IF($AG49*S50>요율!$E$3,($AG49*S50-요율!$E$3)*요율!$C$3%*요율!$D$3%,0),-1) -> 0 | BR50: =ROUNDDOWN(IF($AG49*T50>요율!$E$3,($AG49*T50-요율!$E$3)*요율!$C$3%*요율!$D$3%,0),-1) -> 0 | BS50: =ROUNDDOWN(IF($AG49*U50>요율!$E$3,($AG49*U50-요율!$E$3)*요율!$C$3%*요율!$D$3%,0),-1) -> 0 | BT50: =ROUNDDOWN(IF($AG49*V50>요율!$E$3,($AG49*V50-요율!$E$3)*요율!$C$3%*요율!$D$3%,0),-1) -> 0 | ... CB50: =ROUNDDOWN(IF($AG49*AD50>요율!$E$3,($AG49*AD50-요율!$E$3)*요율!$C$3%*요율!$D$3%,0),-1) -> 0
A51: =A49+1 -> 23 | C51: =IF(ISERROR(VLOOKUP(B51,주소록!$A$3:$K$523,5,0)),"",VLOOKUP(B51,주소록!$A$3:$K$523,3,0)) | G51: =IF(ISERROR(VLOOKUP(B51,주소록!$A$3:$K$523,6,0)),"",VLOOKUP(B51,주소록!$A$3:$K$523,4,0)) | AE51: =COUNTIF(O51:AD52,">=0.5") -> 0 | AH51: =AE52*AG51 -> 0 | AK51: =IF(BG52<1000, 0, BG52) -> 0 | AN51: =IF(요율!$H$7="○",IF(AE51>=요율!$D$6,ROUNDDOWN(AH51*요율!$C$4%,-1),0),0) -> 0 | AQ51: =BL51 -> 0 | AT51: =SUM(AK51:AS52) -> 0 | AW51: =AH51-AT51-AT52 -> 0 | BA51: =IF(ISERROR(VLOOKUP($B51,주소록!$A$3:$K$523,3,0)),"",VLOOKUP($B51,주소록!$A$3:$K$523,2,0)) | BB51: 1 | BC51: =A51 -> 23 | BD51: =IF(OR(MID(C51,8,1)<"3",AND(MID(C51,8,1)>="5",MID(C51,8,1)<="6")),TEXT(TEXT(LEFT(C51,6),"1900-00-00"),"yyyy년 m월 d일"),TEXT(TEXT(LEFT(C51,6),"2000-00-00"),"yyyy년 m월 d일")) | BG51: =IFERROR(INT( ( TEXT($O$3,"yyyy.mmdd") - TEXT(BD51,"yyyy.mmdd") ) ),0) -> 0 | BJ51: =IF(BG51>59,"60세이상",IF(OR(AE51<요율!$D$6,AH51=0),0,IF(AH51<요율!$C$7,요율!$D$7,IF(AH51>요율!$C$8,요율!$D$8,+TRUNC(AH51*요율!$C$6%,-1))))) -> 0 | BK51: =IF(BG51>59,"60세이상",IF(OR(AH51<2200000,AH51=0),0,IF(AH51<요율!$C$7,요율!$D$7,IF(AH51>요율!$C$8,요율!$D$8,+TRUNC(AH51*요율!$C$6%,-1))))) -> 0 | BL51: =IF(BK51>0,BK51,BJ51) -> 0 | BM51: =ROUNDDOWN(IF($AG51*O51>요율!$E$3,($AG51*O51-요율!$E$3)*요율!$C$3%*요율!$D$3%,0),-1) -> 0 | BN51: =ROUNDDOWN(IF($AG51*P51>요율!$E$3,($AG51*P51-요율!$E$3)*요율!$C$3%*요율!$D$3%,0),-1) -> 0 | BO51: =ROUNDDOWN(IF($AG51*Q51>요율!$E$3,($AG51*Q51-요율!$E$3)*요율!$C$3%*요율!$D$3%,0),-1) -> 0 | BP51: =ROUNDDOWN(IF($AG51*R51>요율!$E$3,($AG51*R51-요율!$E$3)*요율!$C$3%*요율!$D$3%,0),-1) -> 0 | BQ51: =ROUNDDOWN(IF($AG51*S51>요율!$E$3,($AG51*S51-요율!$E$3)*요율!$C$3%*요율!$D$3%,0),-1) -> 0 | BR51: =ROUNDDOWN(IF($AG51*T51>요율!$E$3,($AG51*T51-요율!$E$3)*요율!$C$3%*요율!$D$3%,0),-1) -> 0 | BS51: =ROUNDDOWN(IF($AG51*U51>요율!$E$3,($AG51*U51-요율!$E$3)*요율!$C$3%*요율!$D$3%,0),-1) -> 0 | BT51: =ROUNDDOWN(IF($AG51*V51>요율!$E$3,($AG51*V51-요율!$E$3)*요율!$C$3%*요율!$D$3%,0),-1) -> 0 | ... CB51: =ROUNDDOWN(IF($AG51*AD51>요율!$E$3,($AG51*AD51-요율!$E$3)*요율!$C$3%*요율!$D$3%,0),-1) -> 0 | CD51: =IFERROR(VLOOKUP(B51,주소록,9,FALSE),"")
